{
"SMARTData:Disk.Bay.0:Enclosure.Internal.0-1:RAID.Integrated.1-1":
{
	"Device ID": "0",
	"Protocol": "16",
	"Read Error Rate": "100",
	"Reallocated block count": "100",
	"Power On hours": "75",
	"Power Cycle Count": "100",
	"ECCERate": "100",
	"usedReservedBlockCount": "100",
	"unusedReservedBlockCount": "100",
	"programFailCount": "100",
	"eraseFailCount": "100",
	"commandTimeout": "0",
	"Drive Temp": "67",
	"uncorrectableErrorCount": "100",
	"uncorrectableLBACount": "100",
	"CRCErrorCount": "100",
	"volatileMemoryBackupSourceFailures": "100",
	"exceptionModeStatus": "100",
	"mediaWriteCount": "100",
	"percentDriveLifeRemaining": "100",
	"currentPendingSectorCount": "0"
},
"SMARTData:Disk.Bay.1:Enclosure.Internal.0-1:RAID.Integrated.1-1":
{
	"Device ID": "1",
	"Protocol": "16",
	"Read Error Rate": "100",
	"Reallocated block count": "100",
	"Power On hours": "75",
	"Power Cycle Count": "100",
	"ECCERate": "100",
	"usedReservedBlockCount": "100",
	"unusedReservedBlockCount": "100",
	"programFailCount": "100",
	"eraseFailCount": "100",
	"commandTimeout": "0",
	"Drive Temp": "68",
	"uncorrectableErrorCount": "100",
	"uncorrectableLBACount": "100",
	"CRCErrorCount": "100",
	"volatileMemoryBackupSourceFailures": "100",
	"exceptionModeStatus": "100",
	"mediaWriteCount": "100",
	"percentDriveLifeRemaining": "100",
	"currentPendingSectorCount": "0"
},
"SMARTData:Disk.Bay.2:Enclosure.Internal.0-1:RAID.Integrated.1-1":
{
	"Device ID": "2",
	"Protocol": "32",
	"Read Error Rate": "15",
	"Reallocated block count": "0",
	"Power On hours": "22957",
	"Power Cycle Count": "63",
	"ECCERate": "15",
	"usedReservedBlockCount": "86",
	"unusedReservedBlockCount": "4160",
	"programFailCount": "0",
	"eraseFailCount": "0",
	"commandTimeout": "0",
	"Drive Temp": "31",
	"uncorrectableErrorCount": "0",
	"uncorrectableLBACount": "0",
	"CRCErrorCount": "0",
	"volatileMemoryBackupSourceFailures": "0",
	"exceptionModeStatus": "0",
	"mediaWriteCount": "24363",
	"percentDriveLifeRemaining": "100",
	"currentPendingSectorCount": "0"
},
"SMARTData:Disk.Bay.3:Enclosure.Internal.0-1:RAID.Integrated.1-1":
{
	"Device ID": "3",
	"Protocol": "32",
	"Read Error Rate": "15",
	"Reallocated block count": "0",
	"Power On hours": "22957",
	"Power Cycle Count": "63",
	"ECCERate": "15",
	"usedReservedBlockCount": "88",
	"unusedReservedBlockCount": "4159",
	"programFailCount": "0",
	"eraseFailCount": "0",
	"commandTimeout": "0",
	"Drive Temp": "31",
	"uncorrectableErrorCount": "0",
	"uncorrectableLBACount": "0",
	"CRCErrorCount": "0",
	"volatileMemoryBackupSourceFailures": "0",
	"exceptionModeStatus": "0",
	"mediaWriteCount": "60109",
	"percentDriveLifeRemaining": "100",
	"currentPendingSectorCount": "0"
},
"SMARTData:Disk.Bay.4:Enclosure.Internal.0-1:RAID.Integrated.1-1":
{
	"Device ID": "4",
	"Protocol": "32",
	"Read Error Rate": "15",
	"Reallocated block count": "0",
	"Power On hours": "22958",
	"Power Cycle Count": "63",
	"ECCERate": "15",
	"usedReservedBlockCount": "88",
	"unusedReservedBlockCount": "4157",
	"programFailCount": "0",
	"eraseFailCount": "0",
	"commandTimeout": "0",
	"Drive Temp": "31",
	"uncorrectableErrorCount": "0",
	"uncorrectableLBACount": "0",
	"CRCErrorCount": "0",
	"volatileMemoryBackupSourceFailures": "0",
	"exceptionModeStatus": "0",
	"mediaWriteCount": "43972",
	"percentDriveLifeRemaining": "100",
	"currentPendingSectorCount": "0"
},
"SMARTData:Disk.Bay.5:Enclosure.Internal.0-1:RAID.Integrated.1-1":
{
	"Device ID": "5",
	"Protocol": "32",
	"Read Error Rate": "15",
	"Reallocated block count": "0",
	"Power On hours": "22957",
	"Power Cycle Count": "63",
	"ECCERate": "15",
	"usedReservedBlockCount": "94",
	"unusedReservedBlockCount": "4153",
	"programFailCount": "0",
	"eraseFailCount": "0",
	"commandTimeout": "0",
	"Drive Temp": "31",
	"uncorrectableErrorCount": "0",
	"uncorrectableLBACount": "0",
	"CRCErrorCount": "0",
	"volatileMemoryBackupSourceFailures": "0",
	"exceptionModeStatus": "0",
	"mediaWriteCount": "41914",
	"percentDriveLifeRemaining": "100",
	"currentPendingSectorCount": "0"
},
"SMARTData:Disk.Bay.6:Enclosure.Internal.0-1:RAID.Integrated.1-1":
{
	"Device ID": "6",
	"Protocol": "32",
	"Read Error Rate": "15",
	"Reallocated block count": "0",
	"Power On hours": "22957",
	"Power Cycle Count": "63",
	"ECCERate": "15",
	"usedReservedBlockCount": "83",
	"unusedReservedBlockCount": "4162",
	"programFailCount": "0",
	"eraseFailCount": "0",
	"commandTimeout": "0",
	"Drive Temp": "31",
	"uncorrectableErrorCount": "0",
	"uncorrectableLBACount": "0",
	"CRCErrorCount": "0",
	"volatileMemoryBackupSourceFailures": "0",
	"exceptionModeStatus": "0",
	"mediaWriteCount": "13554",
	"percentDriveLifeRemaining": "100",
	"currentPendingSectorCount": "0"
},
"SMARTData:Disk.Bay.7:Enclosure.Internal.0-1:RAID.Integrated.1-1":
{
	"Device ID": "7",
	"Protocol": "32",
	"Read Error Rate": "15",
	"Reallocated block count": "0",
	"Power On hours": "22957",
	"Power Cycle Count": "64",
	"ECCERate": "15",
	"usedReservedBlockCount": "88",
	"unusedReservedBlockCount": "4150",
	"programFailCount": "0",
	"eraseFailCount": "0",
	"commandTimeout": "0",
	"Drive Temp": "31",
	"uncorrectableErrorCount": "0",
	"uncorrectableLBACount": "0",
	"CRCErrorCount": "0",
	"volatileMemoryBackupSourceFailures": "0",
	"exceptionModeStatus": "0",
	"mediaWriteCount": "64227",
	"percentDriveLifeRemaining": "100",
	"currentPendingSectorCount": "0"
},
"SMARTData:Disk.Bay.8:Enclosure.Internal.0-1:RAID.Integrated.1-1":
{
	"Device ID": "8",
	"Protocol": "32",
	"Read Error Rate": "15",
	"Reallocated block count": "0",
	"Power On hours": "22957",
	"Power Cycle Count": "63",
	"ECCERate": "15",
	"usedReservedBlockCount": "94",
	"unusedReservedBlockCount": "4135",
	"programFailCount": "0",
	"eraseFailCount": "0",
	"commandTimeout": "0",
	"Drive Temp": "32",
	"uncorrectableErrorCount": "0",
	"uncorrectableLBACount": "0",
	"CRCErrorCount": "0",
	"volatileMemoryBackupSourceFailures": "0",
	"exceptionModeStatus": "0",
	"mediaWriteCount": "43160",
	"percentDriveLifeRemaining": "100",
	"currentPendingSectorCount": "0"
},
"SMARTData:Disk.Bay.9:Enclosure.Internal.0-1:RAID.Integrated.1-1":
{
	"Device ID": "9",
	"Protocol": "32",
	"Read Error Rate": "15",
	"Reallocated block count": "0",
	"Power On hours": "22957",
	"Power Cycle Count": "63",
	"ECCERate": "15",
	"usedReservedBlockCount": "89",
	"unusedReservedBlockCount": "4161",
	"programFailCount": "0",
	"eraseFailCount": "0",
	"commandTimeout": "0",
	"Drive Temp": "31",
	"uncorrectableErrorCount": "0",
	"uncorrectableLBACount": "0",
	"CRCErrorCount": "0",
	"volatileMemoryBackupSourceFailures": "0",
	"exceptionModeStatus": "0",
	"mediaWriteCount": "45933",
	"percentDriveLifeRemaining": "100",
	"currentPendingSectorCount": "0"
},
"SMARTData:Disk.Bay.10:Enclosure.Internal.0-1:RAID.Integrated.1-1":
{
	"Device ID": "10",
	"Protocol": "32",
	"Read Error Rate": "15",
	"Reallocated block count": "0",
	"Power On hours": "22957",
	"Power Cycle Count": "63",
	"ECCERate": "15",
	"usedReservedBlockCount": "90",
	"unusedReservedBlockCount": "4157",
	"programFailCount": "0",
	"eraseFailCount": "0",
	"commandTimeout": "0",
	"Drive Temp": "31",
	"uncorrectableErrorCount": "0",
	"uncorrectableLBACount": "0",
	"CRCErrorCount": "0",
	"volatileMemoryBackupSourceFailures": "0",
	"exceptionModeStatus": "0",
	"mediaWriteCount": "3227",
	"percentDriveLifeRemaining": "100",
	"currentPendingSectorCount": "0"
},
"SMARTData:Disk.Bay.11:Enclosure.Internal.0-1:RAID.Integrated.1-1":
{
	"Device ID": "11",
	"Protocol": "32",
	"Read Error Rate": "15",
	"Reallocated block count": "0",
	"Power On hours": "22957",
	"Power Cycle Count": "63",
	"ECCERate": "15",
	"usedReservedBlockCount": "84",
	"unusedReservedBlockCount": "4157",
	"programFailCount": "0",
	"eraseFailCount": "0",
	"commandTimeout": "0",
	"Drive Temp": "31",
	"uncorrectableErrorCount": "0",
	"uncorrectableLBACount": "0",
	"CRCErrorCount": "0",
	"volatileMemoryBackupSourceFailures": "0",
	"exceptionModeStatus": "0",
	"mediaWriteCount": "39912",
	"percentDriveLifeRemaining": "100",
	"currentPendingSectorCount": "0"
},
"SMARTData:Disk.Bay.12:Enclosure.Internal.0-1:RAID.Integrated.1-1":
{
	"Device ID": "12",
	"Protocol": "32",
	"Read Error Rate": "15",
	"Reallocated block count": "0",
	"Power On hours": "22957",
	"Power Cycle Count": "63",
	"ECCERate": "15",
	"usedReservedBlockCount": "88",
	"unusedReservedBlockCount": "4162",
	"programFailCount": "0",
	"eraseFailCount": "0",
	"commandTimeout": "0",
	"Drive Temp": "31",
	"uncorrectableErrorCount": "0",
	"uncorrectableLBACount": "0",
	"CRCErrorCount": "0",
	"volatileMemoryBackupSourceFailures": "0",
	"exceptionModeStatus": "0",
	"mediaWriteCount": "53855",
	"percentDriveLifeRemaining": "100",
	"currentPendingSectorCount": "0"
},
"SMARTData:Disk.Bay.13:Enclosure.Internal.0-1:RAID.Integrated.1-1":
{
	"Device ID": "13",
	"Protocol": "32",
	"Read Error Rate": "15",
	"Reallocated block count": "0",
	"Power On hours": "22957",
	"Power Cycle Count": "63",
	"ECCERate": "15",
	"usedReservedBlockCount": "83",
	"unusedReservedBlockCount": "4168",
	"programFailCount": "0",
	"eraseFailCount": "0",
	"commandTimeout": "0",
	"Drive Temp": "31",
	"uncorrectableErrorCount": "0",
	"uncorrectableLBACount": "0",
	"CRCErrorCount": "0",
	"volatileMemoryBackupSourceFailures": "0",
	"exceptionModeStatus": "0",
	"mediaWriteCount": "20217",
	"percentDriveLifeRemaining": "100",
	"currentPendingSectorCount": "0"
},
"SMARTData:Disk.Bay.14:Enclosure.Internal.0-1:RAID.Integrated.1-1":
{
	"Device ID": "14",
	"Protocol": "32",
	"Read Error Rate": "15",
	"Reallocated block count": "0",
	"Power On hours": "22957",
	"Power Cycle Count": "63",
	"ECCERate": "15",
	"usedReservedBlockCount": "75",
	"unusedReservedBlockCount": "4188",
	"programFailCount": "0",
	"eraseFailCount": "0",
	"commandTimeout": "0",
	"Drive Temp": "31",
	"uncorrectableErrorCount": "0",
	"uncorrectableLBACount": "0",
	"CRCErrorCount": "0",
	"volatileMemoryBackupSourceFailures": "0",
	"exceptionModeStatus": "0",
	"mediaWriteCount": "1284",
	"percentDriveLifeRemaining": "100",
	"currentPendingSectorCount": "0"
},
"SMARTData:Disk.Bay.15:Enclosure.Internal.0-1:RAID.Integrated.1-1":
{
	"Device ID": "15",
	"Protocol": "32",
	"Read Error Rate": "15",
	"Reallocated block count": "0",
	"Power On hours": "22957",
	"Power Cycle Count": "63",
	"ECCERate": "15",
	"usedReservedBlockCount": "93",
	"unusedReservedBlockCount": "4144",
	"programFailCount": "0",
	"eraseFailCount": "0",
	"commandTimeout": "0",
	"Drive Temp": "31",
	"uncorrectableErrorCount": "0",
	"uncorrectableLBACount": "0",
	"CRCErrorCount": "0",
	"volatileMemoryBackupSourceFailures": "0",
	"exceptionModeStatus": "0",
	"mediaWriteCount": "14112",
	"percentDriveLifeRemaining": "100",
	"currentPendingSectorCount": "0"
},
"SMARTData:Disk.Bay.16:Enclosure.Internal.0-1:RAID.Integrated.1-1":
{
	"Device ID": "16",
	"Protocol": "32",
	"Read Error Rate": "15",
	"Reallocated block count": "0",
	"Power On hours": "22957",
	"Power Cycle Count": "63",
	"ECCERate": "15",
	"usedReservedBlockCount": "82",
	"unusedReservedBlockCount": "4175",
	"programFailCount": "0",
	"eraseFailCount": "0",
	"commandTimeout": "0",
	"Drive Temp": "31",
	"uncorrectableErrorCount": "0",
	"uncorrectableLBACount": "0",
	"CRCErrorCount": "0",
	"volatileMemoryBackupSourceFailures": "0",
	"exceptionModeStatus": "0",
	"mediaWriteCount": "7534",
	"percentDriveLifeRemaining": "100",
	"currentPendingSectorCount": "0"
},
"SMARTData:Disk.Bay.17:Enclosure.Internal.0-1:RAID.Integrated.1-1":
{
	"Device ID": "17",
	"Protocol": "32",
	"Read Error Rate": "15",
	"Reallocated block count": "0",
	"Power On hours": "22957",
	"Power Cycle Count": "63",
	"ECCERate": "15",
	"usedReservedBlockCount": "83",
	"unusedReservedBlockCount": "4167",
	"programFailCount": "0",
	"eraseFailCount": "0",
	"commandTimeout": "0",
	"Drive Temp": "31",
	"uncorrectableErrorCount": "0",
	"uncorrectableLBACount": "0",
	"CRCErrorCount": "0",
	"volatileMemoryBackupSourceFailures": "0",
	"exceptionModeStatus": "0",
	"mediaWriteCount": "17444",
	"percentDriveLifeRemaining": "100",
	"currentPendingSectorCount": "0"
},
"SMARTData:Disk.Bay.18:Enclosure.Internal.0-1:RAID.Integrated.1-1":
{
	"Device ID": "18",
	"Protocol": "32",
	"Read Error Rate": "15",
	"Reallocated block count": "0",
	"Power On hours": "22957",
	"Power Cycle Count": "64",
	"ECCERate": "15",
	"usedReservedBlockCount": "80",
	"unusedReservedBlockCount": "4169",
	"programFailCount": "0",
	"eraseFailCount": "0",
	"commandTimeout": "0",
	"Drive Temp": "31",
	"uncorrectableErrorCount": "0",
	"uncorrectableLBACount": "0",
	"CRCErrorCount": "0",
	"volatileMemoryBackupSourceFailures": "0",
	"exceptionModeStatus": "0",
	"mediaWriteCount": "17407",
	"percentDriveLifeRemaining": "100",
	"currentPendingSectorCount": "0"
},
"SMARTData:Disk.Bay.19:Enclosure.Internal.0-1:RAID.Integrated.1-1":
{
	"Device ID": "19",
	"Protocol": "32",
	"Read Error Rate": "15",
	"Reallocated block count": "0",
	"Power On hours": "22957",
	"Power Cycle Count": "63",
	"ECCERate": "15",
	"usedReservedBlockCount": "83",
	"unusedReservedBlockCount": "4158",
	"programFailCount": "0",
	"eraseFailCount": "0",
	"commandTimeout": "0",
	"Drive Temp": "31",
	"uncorrectableErrorCount": "0",
	"uncorrectableLBACount": "0",
	"CRCErrorCount": "0",
	"volatileMemoryBackupSourceFailures": "0",
	"exceptionModeStatus": "0",
	"mediaWriteCount": "35406",
	"percentDriveLifeRemaining": "100",
	"currentPendingSectorCount": "0"
},
"SMARTData:Disk.Bay.20:Enclosure.Internal.0-1:RAID.Integrated.1-1":
{
	"Device ID": "20",
	"Protocol": "32",
	"Read Error Rate": "15",
	"Reallocated block count": "0",
	"Power On hours": "22957",
	"Power Cycle Count": "63",
	"ECCERate": "15",
	"usedReservedBlockCount": "105",
	"unusedReservedBlockCount": "4134",
	"programFailCount": "0",
	"eraseFailCount": "0",
	"commandTimeout": "0",
	"Drive Temp": "31",
	"uncorrectableErrorCount": "0",
	"uncorrectableLBACount": "0",
	"CRCErrorCount": "0",
	"volatileMemoryBackupSourceFailures": "0",
	"exceptionModeStatus": "0",
	"mediaWriteCount": "37557",
	"percentDriveLifeRemaining": "100",
	"currentPendingSectorCount": "0"
},
"SMARTData:Disk.Bay.21:Enclosure.Internal.0-1:RAID.Integrated.1-1":
{
	"Device ID": "21",
	"Protocol": "32",
	"Read Error Rate": "15",
	"Reallocated block count": "0",
	"Power On hours": "22957",
	"Power Cycle Count": "63",
	"ECCERate": "15",
	"usedReservedBlockCount": "94",
	"unusedReservedBlockCount": "4157",
	"programFailCount": "0",
	"eraseFailCount": "0",
	"commandTimeout": "0",
	"Drive Temp": "31",
	"uncorrectableErrorCount": "0",
	"uncorrectableLBACount": "0",
	"CRCErrorCount": "0",
	"volatileMemoryBackupSourceFailures": "0",
	"exceptionModeStatus": "0",
	"mediaWriteCount": "4565",
	"percentDriveLifeRemaining": "100",
	"currentPendingSectorCount": "0"
},
"SMARTData:Disk.Bay.22:Enclosure.Internal.0-1:RAID.Integrated.1-1":
{
	"Device ID": "22",
	"Protocol": "32",
	"Read Error Rate": "15",
	"Reallocated block count": "0",
	"Power On hours": "22957",
	"Power Cycle Count": "63",
	"ECCERate": "15",
	"usedReservedBlockCount": "86",
	"unusedReservedBlockCount": "4158",
	"programFailCount": "0",
	"eraseFailCount": "0",
	"commandTimeout": "0",
	"Drive Temp": "31",
	"uncorrectableErrorCount": "0",
	"uncorrectableLBACount": "0",
	"CRCErrorCount": "0",
	"volatileMemoryBackupSourceFailures": "0",
	"exceptionModeStatus": "0",
	"mediaWriteCount": "8300",
	"percentDriveLifeRemaining": "100",
	"currentPendingSectorCount": "0"
},
"SMARTData:Disk.Bay.23:Enclosure.Internal.0-1:RAID.Integrated.1-1":
{
	"Device ID": "23",
	"Protocol": "32",
	"Read Error Rate": "15",
	"Reallocated block count": "0",
	"Power On hours": "22957",
	"Power Cycle Count": "63",
	"ECCERate": "15",
	"usedReservedBlockCount": "80",
	"unusedReservedBlockCount": "4167",
	"programFailCount": "0",
	"eraseFailCount": "0",
	"commandTimeout": "0",
	"Drive Temp": "31",
	"uncorrectableErrorCount": "0",
	"uncorrectableLBACount": "0",
	"CRCErrorCount": "0",
	"volatileMemoryBackupSourceFailures": "0",
	"exceptionModeStatus": "0",
	"mediaWriteCount": "9378",
	"percentDriveLifeRemaining": "100",
	"currentPendingSectorCount": "0"
},
"SMARTData:Disk.Bay.24:Enclosure.Internal.0-1:RAID.Integrated.1-1":
{
	"Device ID": "24",
	"Protocol": "32",
	"Read Error Rate": "15",
	"Reallocated block count": "0",
	"Power On hours": "22957",
	"Power Cycle Count": "63",
	"ECCERate": "15",
	"usedReservedBlockCount": "87",
	"unusedReservedBlockCount": "4160",
	"programFailCount": "0",
	"eraseFailCount": "0",
	"commandTimeout": "0",
	"Drive Temp": "45",
	"uncorrectableErrorCount": "0",
	"uncorrectableLBACount": "0",
	"CRCErrorCount": "0",
	"volatileMemoryBackupSourceFailures": "0",
	"exceptionModeStatus": "0",
	"mediaWriteCount": "64759",
	"percentDriveLifeRemaining": "100",
	"currentPendingSectorCount": "0"
},
"SMARTData:Disk.Bay.25:Enclosure.Internal.0-1:RAID.Integrated.1-1":
{
	"Device ID": "25",
	"Protocol": "32",
	"Read Error Rate": "15",
	"Reallocated block count": "0",
	"Power On hours": "22957",
	"Power Cycle Count": "63",
	"ECCERate": "15",
	"usedReservedBlockCount": "83",
	"unusedReservedBlockCount": "4175",
	"programFailCount": "0",
	"eraseFailCount": "0",
	"commandTimeout": "0",
	"Drive Temp": "44",
	"uncorrectableErrorCount": "0",
	"uncorrectableLBACount": "0",
	"CRCErrorCount": "0",
	"volatileMemoryBackupSourceFailures": "0",
	"exceptionModeStatus": "0",
	"mediaWriteCount": "50066",
	"percentDriveLifeRemaining": "100",
	"currentPendingSectorCount": "0"
}
}