<?xml version="1.0" encoding="UTF-8"?>
<week_report start_date="20260110" end_date="20260116">

<wsman>
 
</wsman>
 
<racadm>

</racadm>

<gui>
	<command>
		<page>restgui/index.html</page>
		<count>1</count>
	</command>
	<command>
		<page>restgui/views/dashboard/dashboard.html</page>
		<count>1</count>
	</command>
	<command>
		<page>restgui/views/system/systeminfo.html</page>
		<count>1</count>
	</command>
	<command>
		<page>restgui/views/hardware/systemsummary.html</page>
		<count>1</count>
	</command>
	<command>
		<page>restgui/views/hardware/memory.html</page>
		<count>1</count>
	</command>
	<command>
		<page>restgui/views/maintenance/supportassist/supportassist.html</page>
		<count>1</count>
	</command>
	<command>
		<page>restgui/views/maintenance/supportassist/sa_collect.html</page>
		<count>1</count>
	</command>

</gui>

<usc>

</usc>

<updates>

</updates>

<redfish>
	<command>
		<command>GET</command>
		<uri>/redfish/v1</uri>
		<count>25</count>
	</command>
	<command>
		<command>GET</command>
		<uri>/redfish/v1/Managers</uri>
		<count>48</count>
	</command>
	<command>
		<command>GET</command>
		<uri>/redfish/v1/Managers/iDRAC.Embedded.1</uri>
		<count>24</count>
	</command>
	<command>
		<command>GET</command>
		<uri>/redfish/v1/Systems</uri>
		<count>12</count>
	</command>
	<command>
		<command>GET</command>
		<uri>/redfish/v1/Systems/System.Embedded.1</uri>
		<count>22</count>
	</command>
	<command>
		<command>GET</command>
		<uri>/redfish/v1/Managers/iDRAC.Embedded.1/Oem/Dell/DellAttributes/iDRAC.Embedded.1</uri>
		<count>12</count>
	</command>
	<command>
		<command>GET</command>
		<uri>/redfish/v1/Dell/Managers/iDRAC.Embedded.1/DelliDRACCard</uri>
		<count>6</count>
	</command>
	<command>
		<command>GET</command>
		<uri>/redfish/v1/Managers/iDRAC.Embedded.1/Oem/Dell/DellAttributes/LifecycleController.Embedded.1</uri>
		<count>6</count>
	</command>
	<command>
		<command>GET</command>
		<uri>/redfish/v1/Managers/iDRAC.Embedded.1/Oem/Dell/DellvFlash</uri>
		<count>12</count>
	</command>
	<command>
		<command>GET</command>
		<uri>/redfish/v1/UpdateService</uri>
		<count>6</count>
	</command>
	<command>
		<command>GET</command>
		<uri>/redfish/v1/Chassis</uri>
		<count>6</count>
	</command>
	<command>
		<command>GET</command>
		<uri>/redfish/v1/Chassis/System.Embedded.1</uri>
		<count>6</count>
	</command>
	<command>
		<command>GET</command>
		<uri>/redfish/v1/Chassis/Enclosure.Internal.0-1:RAID.Integrated.1-1</uri>
		<count>6</count>
	</command>
	<command>
		<command>GET</command>
		<uri>/redfish/v1/Managers/iDRAC.Embedded.1/Oem/Dell/DellAttributes/System.Embedded.1</uri>
		<count>18</count>
	</command>
	<command>
		<command>GET</command>
		<uri>/redfish/v1/Chassis/System.Embedded.1/NetworkAdapters</uri>
		<count>6</count>
	</command>
	<command>
		<command>GET</command>
		<uri>/redfish/v1/Systems/System.Embedded.1/Memory</uri>
		<count>6</count>
	</command>
	<command>
		<command>GET</command>
		<uri>/redfish/v1/Systems/System.Embedded.1/Storage</uri>
		<count>36</count>
	</command>
	<command>
		<command>GET</command>
		<uri>/redfish/v1/Systems/System.Embedded.1/Storage/RAID.Integrated.1-1/Volumes</uri>
		<count>18</count>
	</command>
	<command>
		<command>GET</command>
		<uri>/redfish/v1/Systems/System.Embedded.1/Storage/AHCI.Embedded.2-1/Volumes</uri>
		<count>6</count>
	</command>
	<command>
		<command>GET</command>
		<uri>/redfish/v1/Systems/System.Embedded.1/Storage/AHCI.Embedded.1-1/Volumes</uri>
		<count>6</count>
	</command>
	<command>
		<command>GET</command>
		<uri>/redfish/v1/Systems/System.Embedded.1/Storage/RAID.Integrated.1-1</uri>
		<count>6</count>
	</command>
	<command>
		<command>GET</command>
		<uri>/redfish/v1/Systems/System.Embedded.1/Storage/RAID.Integrated.1-1/Drives/Disk.Bay.0:Enclosure.Internal.0-1:RAID.Integrated.1-1</uri>
		<count>6</count>
	</command>
	<command>
		<command>GET</command>
		<uri>/redfish/v1/Systems/System.Embedded.1/Storage/RAID.Integrated.1-1/Drives/Disk.Bay.1:Enclosure.Internal.0-1:RAID.Integrated.1-1</uri>
		<count>6</count>
	</command>
	<command>
		<command>GET</command>
		<uri>/redfish/v1/Systems/System.Embedded.1/Storage/RAID.Integrated.1-1/Drives/Disk.Bay.2:Enclosure.Internal.0-1:RAID.Integrated.1-1</uri>
		<count>6</count>
	</command>
	<command>
		<command>GET</command>
		<uri>/redfish/v1/Systems/System.Embedded.1/Storage/RAID.Integrated.1-1/Drives/Disk.Bay.3:Enclosure.Internal.0-1:RAID.Integrated.1-1</uri>
		<count>6</count>
	</command>
	<command>
		<command>GET</command>
		<uri>/redfish/v1/Systems/System.Embedded.1/Storage/RAID.Integrated.1-1/Drives/Disk.Bay.4:Enclosure.Internal.0-1:RAID.Integrated.1-1</uri>
		<count>6</count>
	</command>
	<command>
		<command>GET</command>
		<uri>/redfish/v1/Systems/System.Embedded.1/Storage/RAID.Integrated.1-1/Drives/Disk.Bay.5:Enclosure.Internal.0-1:RAID.Integrated.1-1</uri>
		<count>6</count>
	</command>
	<command>
		<command>GET</command>
		<uri>/redfish/v1/Systems/System.Embedded.1/Storage/RAID.Integrated.1-1/Drives/Disk.Bay.6:Enclosure.Internal.0-1:RAID.Integrated.1-1</uri>
		<count>6</count>
	</command>
	<command>
		<command>GET</command>
		<uri>/redfish/v1/Systems/System.Embedded.1/Storage/RAID.Integrated.1-1/Drives/Disk.Bay.7:Enclosure.Internal.0-1:RAID.Integrated.1-1</uri>
		<count>6</count>
	</command>
	<command>
		<command>GET</command>
		<uri>/redfish/v1/Systems/System.Embedded.1/Storage/RAID.Integrated.1-1/Drives/Disk.Bay.8:Enclosure.Internal.0-1:RAID.Integrated.1-1</uri>
		<count>6</count>
	</command>
	<command>
		<command>GET</command>
		<uri>/redfish/v1/Systems/System.Embedded.1/Storage/RAID.Integrated.1-1/Drives/Disk.Bay.9:Enclosure.Internal.0-1:RAID.Integrated.1-1</uri>
		<count>6</count>
	</command>
	<command>
		<command>GET</command>
		<uri>/redfish/v1/Systems/System.Embedded.1/Storage/RAID.Integrated.1-1/Drives/Disk.Bay.10:Enclosure.Internal.0-1:RAID.Integrated.1-1</uri>
		<count>6</count>
	</command>
	<command>
		<command>GET</command>
		<uri>/redfish/v1/Systems/System.Embedded.1/Storage/RAID.Integrated.1-1/Drives/Disk.Bay.11:Enclosure.Internal.0-1:RAID.Integrated.1-1</uri>
		<count>6</count>
	</command>
	<command>
		<command>GET</command>
		<uri>/redfish/v1/Systems/System.Embedded.1/Storage/RAID.Integrated.1-1/Drives/Disk.Bay.12:Enclosure.Internal.0-1:RAID.Integrated.1-1</uri>
		<count>6</count>
	</command>
	<command>
		<command>GET</command>
		<uri>/redfish/v1/Systems/System.Embedded.1/Storage/RAID.Integrated.1-1/Drives/Disk.Bay.13:Enclosure.Internal.0-1:RAID.Integrated.1-1</uri>
		<count>6</count>
	</command>
	<command>
		<command>GET</command>
		<uri>/redfish/v1/Systems/System.Embedded.1/Storage/RAID.Integrated.1-1/Drives/Disk.Bay.14:Enclosure.Internal.0-1:RAID.Integrated.1-1</uri>
		<count>6</count>
	</command>
	<command>
		<command>GET</command>
		<uri>/redfish/v1/Systems/System.Embedded.1/Storage/RAID.Integrated.1-1/Drives/Disk.Bay.15:Enclosure.Internal.0-1:RAID.Integrated.1-1</uri>
		<count>6</count>
	</command>
	<command>
		<command>GET</command>
		<uri>/redfish/v1/Systems/System.Embedded.1/Storage/RAID.Integrated.1-1/Drives/Disk.Bay.16:Enclosure.Internal.0-1:RAID.Integrated.1-1</uri>
		<count>6</count>
	</command>
	<command>
		<command>GET</command>
		<uri>/redfish/v1/Systems/System.Embedded.1/Storage/RAID.Integrated.1-1/Drives/Disk.Bay.17:Enclosure.Internal.0-1:RAID.Integrated.1-1</uri>
		<count>6</count>
	</command>
	<command>
		<command>GET</command>
		<uri>/redfish/v1/Systems/System.Embedded.1/Storage/RAID.Integrated.1-1/Drives/Disk.Bay.18:Enclosure.Internal.0-1:RAID.Integrated.1-1</uri>
		<count>6</count>
	</command>
	<command>
		<command>GET</command>
		<uri>/redfish/v1/Systems/System.Embedded.1/Storage/RAID.Integrated.1-1/Drives/Disk.Bay.19:Enclosure.Internal.0-1:RAID.Integrated.1-1</uri>
		<count>6</count>
	</command>
	<command>
		<command>GET</command>
		<uri>/redfish/v1/Systems/System.Embedded.1/Storage/RAID.Integrated.1-1/Drives/Disk.Bay.20:Enclosure.Internal.0-1:RAID.Integrated.1-1</uri>
		<count>6</count>
	</command>
	<command>
		<command>GET</command>
		<uri>/redfish/v1/Systems/System.Embedded.1/Storage/RAID.Integrated.1-1/Drives/Disk.Bay.21:Enclosure.Internal.0-1:RAID.Integrated.1-1</uri>
		<count>6</count>
	</command>
	<command>
		<command>GET</command>
		<uri>/redfish/v1/Systems/System.Embedded.1/Storage/RAID.Integrated.1-1/Drives/Disk.Bay.22:Enclosure.Internal.0-1:RAID.Integrated.1-1</uri>
		<count>6</count>
	</command>
	<command>
		<command>GET</command>
		<uri>/redfish/v1/Systems/System.Embedded.1/Storage/RAID.Integrated.1-1/Drives/Disk.Bay.23:Enclosure.Internal.0-1:RAID.Integrated.1-1</uri>
		<count>6</count>
	</command>
	<command>
		<command>GET</command>
		<uri>/redfish/v1/Systems/System.Embedded.1/Storage/RAID.Integrated.1-1/Drives/Disk.Bay.24:Enclosure.Internal.0-1:RAID.Integrated.1-1</uri>
		<count>6</count>
	</command>
	<command>
		<command>GET</command>
		<uri>/redfish/v1/Systems/System.Embedded.1/Storage/RAID.Integrated.1-1/Drives/Disk.Bay.25:Enclosure.Internal.0-1:RAID.Integrated.1-1</uri>
		<count>6</count>
	</command>
	<command>
		<command>GET</command>
		<uri>/redfish/v1/Systems/System.Embedded.1/Storage/AHCI.Embedded.2-1</uri>
		<count>6</count>
	</command>
	<command>
		<command>GET</command>
		<uri>/redfish/v1/Systems/System.Embedded.1/Storage/AHCI.Embedded.1-1</uri>
		<count>6</count>
	</command>
	<command>
		<command>GET</command>
		<uri>/redfish/v1/UpdateService/FirmwareInventory</uri>
		<count>384</count>
	</command>
	<command>
		<command>GET</command>
		<uri>/redfish/v1/Systems/System.Embedded.1/NetworkInterfaces</uri>
		<count>6</count>
	</command>
	<command>
		<command>GET</command>
		<uri>/redfish/v1/Systems/System.Embedded.1/NetworkInterfaces/NIC.Integrated.1</uri>
		<count>6</count>
	</command>
	<command>
		<command>GET</command>
		<uri>/redfish/v1/Chassis/System.Embedded.1/NetworkAdapters/NIC.Integrated.1/NetworkDeviceFunctions</uri>
		<count>6</count>
	</command>
	<command>
		<command>GET</command>
		<uri>/redfish/v1/Chassis/System.Embedded.1/NetworkAdapters/NIC.Integrated.1/NetworkDeviceFunctions/NIC.Integrated.1-1-1</uri>
		<count>6</count>
	</command>
	<command>
		<command>GET</command>
		<uri>/redfish/v1/Chassis/System.Embedded.1/NetworkAdapters/NIC.Integrated.1/NetworkDeviceFunctions/NIC.Integrated.1-1-1/Oem/Dell/DellNetworkAttributes/NIC.Integrated.1-1-1</uri>
		<count>6</count>
	</command>
	<command>
		<command>GET</command>
		<uri>/redfish/v1/Chassis/System.Embedded.1/NetworkAdapters/NIC.Integrated.1/NetworkDeviceFunctions/NIC.Integrated.1-2-1</uri>
		<count>6</count>
	</command>
	<command>
		<command>GET</command>
		<uri>/redfish/v1/Chassis/System.Embedded.1/NetworkAdapters/NIC.Integrated.1/NetworkDeviceFunctions/NIC.Integrated.1-2-1/Oem/Dell/DellNetworkAttributes/NIC.Integrated.1-2-1</uri>
		<count>6</count>
	</command>
	<command>
		<command>GET</command>
		<uri>/redfish/v1/Systems/System.Embedded.1/NetworkInterfaces/NIC.Slot.4</uri>
		<count>6</count>
	</command>
	<command>
		<command>GET</command>
		<uri>/redfish/v1/Chassis/System.Embedded.1/NetworkAdapters/NIC.Slot.4/NetworkDeviceFunctions</uri>
		<count>6</count>
	</command>
	<command>
		<command>GET</command>
		<uri>/redfish/v1/Chassis/System.Embedded.1/NetworkAdapters/NIC.Slot.4/NetworkDeviceFunctions/NIC.Slot.4-1-1</uri>
		<count>6</count>
	</command>
	<command>
		<command>GET</command>
		<uri>/redfish/v1/Chassis/System.Embedded.1/NetworkAdapters/NIC.Slot.4/NetworkDeviceFunctions/NIC.Slot.4-1-1/Oem/Dell/DellNetworkAttributes/NIC.Slot.4-1-1</uri>
		<count>6</count>
	</command>
	<command>
		<command>GET</command>
		<uri>/redfish/v1/Chassis/System.Embedded.1/NetworkAdapters/NIC.Slot.4/NetworkDeviceFunctions/NIC.Slot.4-2-1</uri>
		<count>6</count>
	</command>
	<command>
		<command>GET</command>
		<uri>/redfish/v1/Chassis/System.Embedded.1/NetworkAdapters/NIC.Slot.4/NetworkDeviceFunctions/NIC.Slot.4-2-1/Oem/Dell/DellNetworkAttributes/NIC.Slot.4-2-1</uri>
		<count>6</count>
	</command>
	<command>
		<command>GET</command>
		<uri>/redfish/v1/Systems/System.Embedded.1/Processors</uri>
		<count>6</count>
	</command>
	<command>
		<command>GET</command>
		<uri>/redfish/v1/Chassis/System.Embedded.1/Power</uri>
		<count>6</count>
	</command>
	<command>
		<command>GET</command>
		<uri>/redfish/v1/Chassis/System.Embedded.1/PCIeDevices/0-31/PCIeFunctions/0-31-4</uri>
		<count>6</count>
	</command>
	<command>
		<command>GET</command>
		<uri>/redfish/v1/Chassis/System.Embedded.1/PCIeDevices/0-28/PCIeFunctions/0-28-4</uri>
		<count>6</count>
	</command>
	<command>
		<command>GET</command>
		<uri>/redfish/v1/Chassis/System.Embedded.1/PCIeDevices/0-23/PCIeFunctions/0-23-0</uri>
		<count>6</count>
	</command>
	<command>
		<command>GET</command>
		<uri>/redfish/v1/Chassis/System.Embedded.1/PCIeDevices/175-0/PCIeFunctions/175-0-0</uri>
		<count>6</count>
	</command>
	<command>
		<command>GET</command>
		<uri>/redfish/v1/Chassis/System.Embedded.1/PCIeDevices/175-0/PCIeFunctions/175-0-1</uri>
		<count>6</count>
	</command>
	<command>
		<command>GET</command>
		<uri>/redfish/v1/Chassis/System.Embedded.1/PCIeDevices/0-28/PCIeFunctions/0-28-0</uri>
		<count>6</count>
	</command>
	<command>
		<command>GET</command>
		<uri>/redfish/v1/Chassis/System.Embedded.1/PCIeDevices/0-17/PCIeFunctions/0-17-5</uri>
		<count>6</count>
	</command>
	<command>
		<command>GET</command>
		<uri>/redfish/v1/Chassis/System.Embedded.1/PCIeDevices/3-0/PCIeFunctions/3-0-0</uri>
		<count>6</count>
	</command>
	<command>
		<command>GET</command>
		<uri>/redfish/v1/Chassis/System.Embedded.1/PCIeDevices/0-0/PCIeFunctions/0-0-0</uri>
		<count>6</count>
	</command>
	<command>
		<command>GET</command>
		<uri>/redfish/v1/Chassis/System.Embedded.1/PCIeDevices/0-31/PCIeFunctions/0-31-0</uri>
		<count>6</count>
	</command>
	<command>
		<command>GET</command>
		<uri>/redfish/v1/Chassis/System.Embedded.1/PCIeDevices/59-0/PCIeFunctions/59-0-0</uri>
		<count>6</count>
	</command>
	<command>
		<command>GET</command>
		<uri>/redfish/v1/Chassis/System.Embedded.1/PCIeDevices/24-0/PCIeFunctions/24-0-0</uri>
		<count>6</count>
	</command>
	<command>
		<command>GET</command>
		<uri>/redfish/v1/Chassis/System.Embedded.1/PCIeDevices/24-0/PCIeFunctions/24-0-1</uri>
		<count>6</count>
	</command>
	<command>
		<command>GET</command>
		<uri>/redfish/v1/Chassis/System.Embedded.1/Assembly</uri>
		<count>6</count>
	</command>
	<command>
		<command>GET</command>
		<uri>/redfish/v1/Managers/iDRAC.Embedded.1/Oem/Dell/DellLicenses</uri>
		<count>6</count>
	</command>
	<command>
		<command>GET</command>
		<uri>/redfish/v1/Managers/iDRAC.Embedded.1/Oem/Dell/DellLicenses/FD00000024434741</uri>
		<count>6</count>
	</command>
	<command>
		<command>POST</command>
		<uri>/redfish/v1/Dell/Managers/iDRAC.Embedded.1/DellLicenseManagementService/Actions/DellLicenseManagementService.ShowLicenseBits</uri>
		<count>6</count>
	</command>
	<command>
		<command>GET</command>
		<uri>/redfish/v1/Managers/iDRAC.Embedded.1/Oem/Dell/DellAttributes/System.Embedded.1/</uri>
		<count>12</count>
	</command>
	<command>
		<command>GET</command>
		<uri>/redfish/v1/Managers/iDRAC.Embedded.1/Attributes</uri>
		<count>36</count>
	</command>
	<command>
		<command>GET</command>
		<uri>/redfish/v1/Managers/System.Embedded.1/Attributes</uri>
		<count>18</count>
	</command>
	<command>
		<command>GET</command>
		<uri>/redfish/v1/Systems/System.Embedded.1/Bios</uri>
		<count>2</count>
	</command>
	<command>
		<command>GET</command>
		<uri>/redfish/v1/Managers/iDRAC.Embedded.1/Oem/Dell/Jobs</uri>
		<count>2</count>
	</command>
	<command>
		<command>GET</command>
		<uri>/redfish/v1/Managers/iDRAC.Embedded.1/LogServices/Sel/Entries</uri>
		<count>1</count>
	</command>
	<command>
		<command>GET</command>
		<uri>/redfish/v1/Managers/iDRAC.Embedded.1/Logs/FaultList</uri>
		<count>4</count>
	</command>
	<command>
		<command>GET</command>
		<uri>/redfish/v1/Managers/LifecycleController.Embedded.1/Attributes</uri>
		<count>2</count>
	</command>
	<command>
		<command>GET</command>
		<uri>/redfish/v1/Managers/iDRAC.Embedded.1/Oem/Dell/Jobs/JID_593012911160</uri>
		<count>1</count>
	</command>
	<command>
		<command>GET</command>
		<uri>/redfish/v1/Managers/iDRAC.Embedded.1/Oem/Dell/Jobs/JID_685690801185</uri>
		<count>32</count>
	</command>

</redfish>

<ism>

</ism>

<jobcontrol>

</jobcontrol>

<gui_operation>
	<command>
		<command>GET</command>
		<uri>/redfish/v1/Managers/iDRAC.Embedded.1/Attributes?$select=PlatformCapability.1.NGMPlatform,PlatformCapability.1.UnsupportedCntlrMsgCapable,PlatformCapability.1.PostPoneNICSelectionCapable</uri>
		<count>2</count>
	</command>
	<command>
		<command>GET</command>
		<uri>/redfish/v1/Registries/ManagerAttributeRegistry/ManagerAttributeRegistry.v1_0_0.json</uri>
		<count>1</count>
	</command>
	<command>
		<command>GET</command>
		<uri>/sysmgmt/2015/groupmanager</uri>
		<count>1</count>
	</command>
	<command>
		<command>GET</command>
		<uri>/redfish/v1/Systems/System.Embedded.1?$select=PowerState</uri>
		<count>2</count>
	</command>
	<command>
		<command>GET</command>
		<uri>/sysmgmt/2015/server/privileges</uri>
		<count>2</count>
	</command>
	<command>
		<command>GET</command>
		<uri>/sysmgmt/2016/server/extended_health</uri>
		<count>19</count>
	</command>
	<command>
		<command>GET</command>
		<uri>/redfish/v1/Managers/System.Embedded.1/Attributes?$select=ServerPwr.1.AllowLoginUserToPowerOn</uri>
		<count>2</count>
	</command>
	<command>
		<command>GET</command>
		<uri>/redfish/v1/Managers/System.Embedded.1/Attributes?$select=LCD.1.CurrentFPStates</uri>
		<count>2</count>
	</command>
	<command>
		<command>GET</command>
		<uri>/redfish/v1/Managers/iDRAC.Embedded.1/Attributes?$select=IPv4.*</uri>
		<count>2</count>
	</command>
	<command>
		<command>GET</command>
		<uri>/redfish/v1/Managers/iDRAC.Embedded.1/Attributes?$select=NIC.*</uri>
		<count>4</count>
	</command>
	<command>
		<command>GET</command>
		<uri>/redfish/v1/Managers/iDRAC.Embedded.1/Attributes?$select=IPv6.*</uri>
		<count>2</count>
	</command>
	<command>
		<command>GET</command>
		<uri>/redfish/v1/Managers/iDRAC.Embedded.1/Attributes?$select=Info.*</uri>
		<count>4</count>
	</command>
	<command>
		<command>GET</command>
		<uri>/redfish/v1/Managers/System.Embedded.1/Attributes?$select=ServerInfo.*</uri>
		<count>4</count>
	</command>
	<command>
		<command>GET</command>
		<uri>/redfish/v1/Systems/System.Embedded.1</uri>
		<count>2</count>
	</command>
	<command>
		<command>GET</command>
		<uri>/redfish/v1/Managers/System.Embedded.1/Attributes?$select=ServerOS.*</uri>
		<count>4</count>
	</command>
	<command>
		<command>GET</command>
		<uri>/redfish/v1/Systems/System.Embedded.1/Bios?$select=Attributes/SystemBiosVersion,Attributes/SystemModelName</uri>
		<count>1</count>
	</command>
	<command>
		<command>GET</command>
		<uri>/redfish/v1/Managers/iDRAC.Embedded.1/Oem/Dell/Jobs?$expand=*($levels=1)</uri>
		<count>2</count>
	</command>
	<command>
		<command>GET</command>
		<uri>/redfish/v1/Managers/iDRAC.Embedded.1/LogServices/Sel/Entries?$top=10</uri>
		<count>2</count>
	</command>
	<command>
		<command>GET</command>
		<uri>/redfish/v1/Managers/System.Embedded.1/Attributes?$select=ServerPwr.*</uri>
		<count>2</count>
	</command>
	<command>
		<command>GET</command>
		<uri>/redfish/v1/Managers/System.Embedded.1/Attributes?$select=LCD.*</uri>
		<count>2</count>
	</command>
	<command>
		<command>GET</command>
		<uri>/redfish/v1/Managers/iDRAC.Embedded.1/Logs/FaultList</uri>
		<count>4</count>
	</command>
	<command>
		<command>GET</command>
		<uri>/sysmgmt/2012/server/license</uri>
		<count>1</count>
	</command>
	<command>
		<command>GET</command>
		<uri>/redfish/v1/Managers/iDRAC.Embedded.1/Attributes?$select=PlatformCapability.*</uri>
		<count>2</count>
	</command>
	<command>
		<command>GET</command>
		<uri>/redfish/v1/Managers/iDRAC.Embedded.1/Attributes?$select=SecurityCertificate.*</uri>
		<count>2</count>
	</command>
	<command>
		<command>GET</command>
		<uri>/redfish/v1/Managers/iDRAC.Embedded.1/Attributes?$select=CertificateManagement.*</uri>
		<count>2</count>
	</command>
	<command>
		<command>GET</command>
		<uri>/sysmgmt/2013/server/lclogs?category=6&amp;maxcount=10</uri>
		<count>1</count>
	</command>
	<command>
		<command>GET</command>
		<uri>/redfish/v1/Managers/iDRAC.Embedded.1/Attributes?$select=VNCServer.*</uri>
		<count>2</count>
	</command>
	<command>
		<command>GET</command>
		<uri>/redfish/v1/Managers/iDRAC.Embedded.1/Attributes?$select=VirtualConsole.*</uri>
		<count>2</count>
	</command>
	<command>
		<command>GET</command>
		<uri>/sysmgmt/2015/server/preview</uri>
		<count>1</count>
	</command>
	<command>
		<command>GET</command>
		<uri>/capconsole/scapture0.png</uri>
		<count>1</count>
	</command>
	<command>
		<command>GET</command>
		<uri>/redfish/v1/Systems/System.Embedded.1/Bios?$select=Attributes/SystemModelName</uri>
		<count>1</count>
	</command>
	<command>
		<command>GET</command>
		<uri>/redfish/v1/Managers/System.Embedded.1/Attributes?$select=ServerPwr.1.SCViewSledPwr</uri>
		<count>2</count>
	</command>
	<command>
		<command>GET</command>
		<uri>/redfish/v1/Managers/iDRAC.Embedded.1/Attributes?$select=Security.*</uri>
		<count>2</count>
	</command>
	<command>
		<command>GET</command>
		<uri>/sysmgmt/2012/server/memory</uri>
		<count>1</count>
	</command>
	<command>
		<command>GET</command>
		<uri>/redfish/v1/Managers/LifecycleController.Embedded.1/Attributes?$select=LCAttributes.*</uri>
		<count>2</count>
	</command>
	<command>
		<command>GET</command>
		<uri>/sysmgmt/2016/server/supportassist/contactInfo</uri>
		<count>1</count>
	</command>
	<command>
		<command>GET</command>
		<uri>/redfish/v1/Managers/iDRAC.Embedded.1/Attributes?$select=ServiceModule.1.NetworkConnection</uri>
		<count>2</count>
	</command>
	<command>
		<command>GET</command>
		<uri>/redfish/v1/Managers/iDRAC.Embedded.1/Attributes?$select=SupportAssist.1.LaunchRegistrationWizard,SupportAssist.1.PromptToSaveDefaultNetworkShare</uri>
		<count>2</count>
	</command>
	<command>
		<command>GET</command>
		<uri>/sysmgmt/2016/server/supportassist/collection/lastjobstatus</uri>
		<count>1</count>
	</command>
	<command>
		<command>GET</command>
		<uri>/sysmgmt/2016/server/supportassist/prerequisite</uri>
		<count>1</count>
	</command>
	<command>
		<command>GET</command>
		<uri>/redfish/v1/Managers/iDRAC.Embedded.1/Attributes?$select=ServiceModule.*</uri>
		<count>2</count>
	</command>
	<command>
		<command>GET</command>
		<uri>/redfish/v1/Managers/iDRAC.Embedded.1/Attributes?$select=SupportAssist.*</uri>
		<count>2</count>
	</command>
	<command>
		<command>POST</command>
		<uri>/sysmgmt/2016/server/supportassist/registration/proxy_settings</uri>
		<count>1</count>
	</command>
	<command>
		<command>GET</command>
		<uri>/redfish/v1/Managers/iDRAC.Embedded.1/Oem/Dell/Jobs/JID_593012911160</uri>
		<count>1</count>
	</command>
	<command>
		<command>GET</command>
		<uri>/redfish/v1/Managers/iDRAC.Embedded.1/Attributes?$select=Telemetry.*</uri>
		<count>2</count>
	</command>
	<command>
		<command>POST</command>
		<uri>/sysmgmt/2016/server/supportassist/collection</uri>
		<count>1</count>
	</command>
	<command>
		<command>POST</command>
		<uri>/sysmgmt/2016/server/supportassist/collection/collection_estimate</uri>
		<count>1</count>
	</command>
	<command>
		<command>GET</command>
		<uri>/redfish/v1/Managers/iDRAC.Embedded.1/Oem/Dell/Jobs/JID_685690801185</uri>
		<count>32</count>
	</command>
	<command>
		<command>GET</command>
		<uri>/sysmgmt/2016/server/supportassist/collectionhistoryinfo</uri>
		<count>1</count>
	</command>

</gui_operation>

<most_used>

<wsman>
 
</wsman>
 
<racadm>

</racadm>

<gui>
	<command>
		<page>restgui/index.html</page>
		<count>1</count>
	</command>
	<command>
		<page>restgui/views/dashboard/dashboard.html</page>
		<count>1</count>
	</command>
	<command>
		<page>restgui/views/system/systeminfo.html</page>
		<count>1</count>
	</command>
	<command>
		<page>restgui/views/hardware/systemsummary.html</page>
		<count>1</count>
	</command>
	<command>
		<page>restgui/views/hardware/memory.html</page>
		<count>1</count>
	</command>

</gui>

<usc>

</usc>

<updates>

</updates>

<redfish>
	<command>
		<command>GET</command>
		<uri>/redfish/v1/UpdateService/FirmwareInventory</uri>
		<count>384</count>
	</command>
	<command>
		<command>GET</command>
		<uri>/redfish/v1/Managers</uri>
		<count>48</count>
	</command>
	<command>
		<command>GET</command>
		<uri>/redfish/v1/Systems/System.Embedded.1/Storage</uri>
		<count>36</count>
	</command>
	<command>
		<command>GET</command>
		<uri>/redfish/v1/Managers/iDRAC.Embedded.1/Attributes</uri>
		<count>36</count>
	</command>
	<command>
		<command>GET</command>
		<uri>/redfish/v1/Managers/iDRAC.Embedded.1/Oem/Dell/Jobs/JID_685690801185</uri>
		<count>32</count>
	</command>

</redfish>

<ism>

</ism>

<jobcontrol>

</jobcontrol>

<gui_operation>
	<command>
		<command>GET</command>
		<uri>/redfish/v1/Managers/iDRAC.Embedded.1/Oem/Dell/Jobs/JID_685690801185</uri>
		<count>32</count>
	</command>
	<command>
		<command>GET</command>
		<uri>/sysmgmt/2016/server/extended_health</uri>
		<count>19</count>
	</command>
	<command>
		<command>GET</command>
		<uri>/redfish/v1/Managers/iDRAC.Embedded.1/Attributes?$select=NIC.*</uri>
		<count>4</count>
	</command>
	<command>
		<command>GET</command>
		<uri>/redfish/v1/Managers/iDRAC.Embedded.1/Attributes?$select=Info.*</uri>
		<count>4</count>
	</command>
	<command>
		<command>GET</command>
		<uri>/redfish/v1/Managers/System.Embedded.1/Attributes?$select=ServerInfo.*</uri>
		<count>4</count>
	</command>

</gui_operation>

</most_used>
</week_report>