<?xml version="1.0" encoding="utf-8" ?>
<CIM CIMVERSION="2.0" DTDVERSION="2.0">
<MESSAGE ID="4711" PROTOCOLVERSION="1.0">
<SIMPLEREQ>
<VALUE.NAMEDINSTANCE>
<INSTANCENAME CLASSNAME="DCIM_NICStatistics">
<KEYBINDING NAME="InstanceID">
<KEYVALUE VALUETYPE="string">NIC.Slot.4-1-1</KEYVALUE>
</KEYBINDING>
</INSTANCENAME>
<INSTANCE CLASSNAME="DCIM_NICStatistics">
<PROPERTY NAME="DiscardedPkts" TYPE="uint32">
<VALUE>0</VALUE>
</PROPERTY>
<PROPERTY NAME="FCCRCErrorCount" TYPE="uint32">
<VALUE/>
</PROPERTY>
<PROPERTY NAME="FCOELinkFailures" TYPE="uint32">
<VALUE/>
</PROPERTY>
<PROPERTY NAME="FCOEPktRxCount" TYPE="uint64">
<VALUE/>
</PROPERTY>
<PROPERTY NAME="FCOEPktTxCount" TYPE="uint64">
<VALUE/>
</PROPERTY>
<PROPERTY NAME="FCOERxPktDroppedCount" TYPE="uint32">
<VALUE/>
</PROPERTY>
<PROPERTY NAME="FQDD" TYPE="string">
<VALUE>NIC.Slot.4-1-1</VALUE>
</PROPERTY>
<PROPERTY NAME="InstanceID" TYPE="string">
<VALUE>NIC.Slot.4-1-1</VALUE>
</PROPERTY>
<PROPERTY NAME="LanFCSRxErrors" TYPE="uint32">
<VALUE/>
</PROPERTY>
<PROPERTY NAME="LanUnicastPktRXCount" TYPE="uint64">
<VALUE/>
</PROPERTY>
<PROPERTY NAME="LanUnicastPktTXCount" TYPE="uint64">
<VALUE/>
</PROPERTY>
<PROPERTY NAME="LinkStatus" TYPE="uint8">
<VALUE>1</VALUE>
</PROPERTY>
<PROPERTY NAME="OSDriverState" TYPE="uint8">
<VALUE>1</VALUE>
</PROPERTY>
<PROPERTY NAME="PartitionLinkStatus" TYPE="uint8">
<VALUE/>
</PROPERTY>
<PROPERTY NAME="PartitionOSDriverState" TYPE="uint8">
<VALUE/>
</PROPERTY>
<PROPERTY NAME="RDMARxTotalBytes" TYPE="uint64">
<VALUE>0</VALUE>
</PROPERTY>
<PROPERTY NAME="RDMARxTotalPackets" TYPE="uint64">
<VALUE>0</VALUE>
</PROPERTY>
<PROPERTY NAME="RDMATotalProtectionErrors" TYPE="uint32">
<VALUE/>
</PROPERTY>
<PROPERTY NAME="RDMATotalProtocolErrors" TYPE="uint32">
<VALUE/>
</PROPERTY>
<PROPERTY NAME="RDMATxTotalBytes" TYPE="uint64">
<VALUE>0</VALUE>
</PROPERTY>
<PROPERTY NAME="RDMATxTotalPackets" TYPE="uint64">
<VALUE>0</VALUE>
</PROPERTY>
<PROPERTY NAME="RDMATxTotalReadReqPkts" TYPE="uint64">
<VALUE/>
</PROPERTY>
<PROPERTY NAME="RDMATxTotalSendPkts" TYPE="uint64">
<VALUE/>
</PROPERTY>
<PROPERTY NAME="RDMATxTotalWritePkts" TYPE="uint64">
<VALUE/>
</PROPERTY>
<PROPERTY NAME="RxBroadcast" TYPE="uint64">
<VALUE>14265067</VALUE>
</PROPERTY>
<PROPERTY NAME="RxBytes" TYPE="uint64">
<VALUE>49811514750544</VALUE>
</PROPERTY>
<PROPERTY NAME="RxErrorPktAlignmentErrors" TYPE="uint32">
<VALUE>0</VALUE>
</PROPERTY>
<PROPERTY NAME="RxErrorPktFCSErrors" TYPE="uint32">
<VALUE>0</VALUE>
</PROPERTY>
<PROPERTY NAME="RxFalseCarrierDetection" TYPE="uint32">
<VALUE>0</VALUE>
</PROPERTY>
<PROPERTY NAME="RxJabberPkt" TYPE="uint32">
<VALUE>0</VALUE>
</PROPERTY>
<PROPERTY NAME="RxMutlicast" TYPE="uint64">
<VALUE>95600827</VALUE>
</PROPERTY>
<PROPERTY NAME="RxPauseXOFFFrames" TYPE="uint32">
<VALUE>0</VALUE>
</PROPERTY>
<PROPERTY NAME="RxPauseXONFrames" TYPE="uint32">
<VALUE>0</VALUE>
</PROPERTY>
<PROPERTY NAME="RxRuntPkt" TYPE="uint32">
<VALUE>0</VALUE>
</PROPERTY>
<PROPERTY NAME="RxUnicast" TYPE="uint64">
<VALUE>9713880481</VALUE>
</PROPERTY>
<PROPERTY NAME="StartStatisticTime" TYPE="datetime">
<VALUE>20251022223353.000000-300</VALUE>
</PROPERTY>
<PROPERTY NAME="StatisticTime" TYPE="datetime">
<VALUE>20260116071119.000000-360</VALUE>
</PROPERTY>
<PROPERTY NAME="TxBroadcast" TYPE="uint64">
<VALUE>267567</VALUE>
</PROPERTY>
<PROPERTY NAME="TxBytes" TYPE="uint64">
<VALUE>29827332161539</VALUE>
</PROPERTY>
<PROPERTY NAME="TxErrorPktExcessiveCollision" TYPE="uint32">
<VALUE>0</VALUE>
</PROPERTY>
<PROPERTY NAME="TxErrorPktLateCollision" TYPE="uint32">
<VALUE>0</VALUE>
</PROPERTY>
<PROPERTY NAME="TxErrorPktMultipleCollision" TYPE="uint32">
<VALUE>0</VALUE>
</PROPERTY>
<PROPERTY NAME="TxErrorPktSingleCollision" TYPE="uint32">
<VALUE>0</VALUE>
</PROPERTY>
<PROPERTY NAME="TxMutlicast" TYPE="uint64">
<VALUE>1062176</VALUE>
</PROPERTY>
<PROPERTY NAME="TxPauseXOFFFrames" TYPE="uint32">
<VALUE>0</VALUE>
</PROPERTY>
<PROPERTY NAME="TxPauseXONFrames" TYPE="uint32">
<VALUE>0</VALUE>
</PROPERTY>
<PROPERTY NAME="TxUnicast" TYPE="uint64">
<VALUE>8261666309</VALUE>
</PROPERTY>
</INSTANCE>
</VALUE.NAMEDINSTANCE>
<VALUE.NAMEDINSTANCE>
<INSTANCENAME CLASSNAME="DCIM_NICStatistics">
<KEYBINDING NAME="InstanceID">
<KEYVALUE VALUETYPE="string">NIC.Slot.4-2-1</KEYVALUE>
</KEYBINDING>
</INSTANCENAME>
<INSTANCE CLASSNAME="DCIM_NICStatistics">
<PROPERTY NAME="DiscardedPkts" TYPE="uint32">
<VALUE>0</VALUE>
</PROPERTY>
<PROPERTY NAME="FCCRCErrorCount" TYPE="uint32">
<VALUE/>
</PROPERTY>
<PROPERTY NAME="FCOELinkFailures" TYPE="uint32">
<VALUE/>
</PROPERTY>
<PROPERTY NAME="FCOEPktRxCount" TYPE="uint64">
<VALUE/>
</PROPERTY>
<PROPERTY NAME="FCOEPktTxCount" TYPE="uint64">
<VALUE/>
</PROPERTY>
<PROPERTY NAME="FCOERxPktDroppedCount" TYPE="uint32">
<VALUE/>
</PROPERTY>
<PROPERTY NAME="FQDD" TYPE="string">
<VALUE>NIC.Slot.4-2-1</VALUE>
</PROPERTY>
<PROPERTY NAME="InstanceID" TYPE="string">
<VALUE>NIC.Slot.4-2-1</VALUE>
</PROPERTY>
<PROPERTY NAME="LanFCSRxErrors" TYPE="uint32">
<VALUE/>
</PROPERTY>
<PROPERTY NAME="LanUnicastPktRXCount" TYPE="uint64">
<VALUE/>
</PROPERTY>
<PROPERTY NAME="LanUnicastPktTXCount" TYPE="uint64">
<VALUE/>
</PROPERTY>
<PROPERTY NAME="LinkStatus" TYPE="uint8">
<VALUE>1</VALUE>
</PROPERTY>
<PROPERTY NAME="OSDriverState" TYPE="uint8">
<VALUE>1</VALUE>
</PROPERTY>
<PROPERTY NAME="PartitionLinkStatus" TYPE="uint8">
<VALUE/>
</PROPERTY>
<PROPERTY NAME="PartitionOSDriverState" TYPE="uint8">
<VALUE/>
</PROPERTY>
<PROPERTY NAME="RDMARxTotalBytes" TYPE="uint64">
<VALUE>0</VALUE>
</PROPERTY>
<PROPERTY NAME="RDMARxTotalPackets" TYPE="uint64">
<VALUE>0</VALUE>
</PROPERTY>
<PROPERTY NAME="RDMATotalProtectionErrors" TYPE="uint32">
<VALUE/>
</PROPERTY>
<PROPERTY NAME="RDMATotalProtocolErrors" TYPE="uint32">
<VALUE/>
</PROPERTY>
<PROPERTY NAME="RDMATxTotalBytes" TYPE="uint64">
<VALUE>0</VALUE>
</PROPERTY>
<PROPERTY NAME="RDMATxTotalPackets" TYPE="uint64">
<VALUE>0</VALUE>
</PROPERTY>
<PROPERTY NAME="RDMATxTotalReadReqPkts" TYPE="uint64">
<VALUE/>
</PROPERTY>
<PROPERTY NAME="RDMATxTotalSendPkts" TYPE="uint64">
<VALUE/>
</PROPERTY>
<PROPERTY NAME="RDMATxTotalWritePkts" TYPE="uint64">
<VALUE/>
</PROPERTY>
<PROPERTY NAME="RxBroadcast" TYPE="uint64">
<VALUE>14276661</VALUE>
</PROPERTY>
<PROPERTY NAME="RxBytes" TYPE="uint64">
<VALUE>85223574022130</VALUE>
</PROPERTY>
<PROPERTY NAME="RxErrorPktAlignmentErrors" TYPE="uint32">
<VALUE>0</VALUE>
</PROPERTY>
<PROPERTY NAME="RxErrorPktFCSErrors" TYPE="uint32">
<VALUE>0</VALUE>
</PROPERTY>
<PROPERTY NAME="RxFalseCarrierDetection" TYPE="uint32">
<VALUE>0</VALUE>
</PROPERTY>
<PROPERTY NAME="RxJabberPkt" TYPE="uint32">
<VALUE>0</VALUE>
</PROPERTY>
<PROPERTY NAME="RxMutlicast" TYPE="uint64">
<VALUE>95600827</VALUE>
</PROPERTY>
<PROPERTY NAME="RxPauseXOFFFrames" TYPE="uint32">
<VALUE>0</VALUE>
</PROPERTY>
<PROPERTY NAME="RxPauseXONFrames" TYPE="uint32">
<VALUE>0</VALUE>
</PROPERTY>
<PROPERTY NAME="RxRuntPkt" TYPE="uint32">
<VALUE>0</VALUE>
</PROPERTY>
<PROPERTY NAME="RxUnicast" TYPE="uint64">
<VALUE>14557159023</VALUE>
</PROPERTY>
<PROPERTY NAME="StartStatisticTime" TYPE="datetime">
<VALUE>20251022223353.000000-300</VALUE>
</PROPERTY>
<PROPERTY NAME="StatisticTime" TYPE="datetime">
<VALUE>20260116071119.000000-360</VALUE>
</PROPERTY>
<PROPERTY NAME="TxBroadcast" TYPE="uint64">
<VALUE>255978</VALUE>
</PROPERTY>
<PROPERTY NAME="TxBytes" TYPE="uint64">
<VALUE>34652549877341</VALUE>
</PROPERTY>
<PROPERTY NAME="TxErrorPktExcessiveCollision" TYPE="uint32">
<VALUE>0</VALUE>
</PROPERTY>
<PROPERTY NAME="TxErrorPktLateCollision" TYPE="uint32">
<VALUE>0</VALUE>
</PROPERTY>
<PROPERTY NAME="TxErrorPktMultipleCollision" TYPE="uint32">
<VALUE>0</VALUE>
</PROPERTY>
<PROPERTY NAME="TxErrorPktSingleCollision" TYPE="uint32">
<VALUE>0</VALUE>
</PROPERTY>
<PROPERTY NAME="TxMutlicast" TYPE="uint64">
<VALUE>939282</VALUE>
</PROPERTY>
<PROPERTY NAME="TxPauseXOFFFrames" TYPE="uint32">
<VALUE>0</VALUE>
</PROPERTY>
<PROPERTY NAME="TxPauseXONFrames" TYPE="uint32">
<VALUE>0</VALUE>
</PROPERTY>
<PROPERTY NAME="TxUnicast" TYPE="uint64">
<VALUE>8975645948</VALUE>
</PROPERTY>
</INSTANCE>
</VALUE.NAMEDINSTANCE>
<VALUE.NAMEDINSTANCE>
<INSTANCENAME CLASSNAME="DCIM_NICStatistics">
<KEYBINDING NAME="InstanceID">
<KEYVALUE VALUETYPE="string">NIC.Integrated.1-1-1</KEYVALUE>
</KEYBINDING>
</INSTANCENAME>
<INSTANCE CLASSNAME="DCIM_NICStatistics">
<PROPERTY NAME="DiscardedPkts" TYPE="uint32">
<VALUE>0</VALUE>
</PROPERTY>
<PROPERTY NAME="FCCRCErrorCount" TYPE="uint32">
<VALUE/>
</PROPERTY>
<PROPERTY NAME="FCOELinkFailures" TYPE="uint32">
<VALUE/>
</PROPERTY>
<PROPERTY NAME="FCOEPktRxCount" TYPE="uint64">
<VALUE/>
</PROPERTY>
<PROPERTY NAME="FCOEPktTxCount" TYPE="uint64">
<VALUE/>
</PROPERTY>
<PROPERTY NAME="FCOERxPktDroppedCount" TYPE="uint32">
<VALUE/>
</PROPERTY>
<PROPERTY NAME="FQDD" TYPE="string">
<VALUE>NIC.Integrated.1-1-1</VALUE>
</PROPERTY>
<PROPERTY NAME="InstanceID" TYPE="string">
<VALUE>NIC.Integrated.1-1-1</VALUE>
</PROPERTY>
<PROPERTY NAME="LanFCSRxErrors" TYPE="uint32">
<VALUE/>
</PROPERTY>
<PROPERTY NAME="LanUnicastPktRXCount" TYPE="uint64">
<VALUE/>
</PROPERTY>
<PROPERTY NAME="LanUnicastPktTXCount" TYPE="uint64">
<VALUE/>
</PROPERTY>
<PROPERTY NAME="LinkStatus" TYPE="uint8">
<VALUE>1</VALUE>
</PROPERTY>
<PROPERTY NAME="OSDriverState" TYPE="uint8">
<VALUE>1</VALUE>
</PROPERTY>
<PROPERTY NAME="PartitionLinkStatus" TYPE="uint8">
<VALUE/>
</PROPERTY>
<PROPERTY NAME="PartitionOSDriverState" TYPE="uint8">
<VALUE/>
</PROPERTY>
<PROPERTY NAME="RDMARxTotalBytes" TYPE="uint64">
<VALUE>0</VALUE>
</PROPERTY>
<PROPERTY NAME="RDMARxTotalPackets" TYPE="uint64">
<VALUE>0</VALUE>
</PROPERTY>
<PROPERTY NAME="RDMATotalProtectionErrors" TYPE="uint32">
<VALUE/>
</PROPERTY>
<PROPERTY NAME="RDMATotalProtocolErrors" TYPE="uint32">
<VALUE/>
</PROPERTY>
<PROPERTY NAME="RDMATxTotalBytes" TYPE="uint64">
<VALUE>0</VALUE>
</PROPERTY>
<PROPERTY NAME="RDMATxTotalPackets" TYPE="uint64">
<VALUE>0</VALUE>
</PROPERTY>
<PROPERTY NAME="RDMATxTotalReadReqPkts" TYPE="uint64">
<VALUE/>
</PROPERTY>
<PROPERTY NAME="RDMATxTotalSendPkts" TYPE="uint64">
<VALUE/>
</PROPERTY>
<PROPERTY NAME="RDMATxTotalWritePkts" TYPE="uint64">
<VALUE/>
</PROPERTY>
<PROPERTY NAME="RxBroadcast" TYPE="uint64">
<VALUE>14028354</VALUE>
</PROPERTY>
<PROPERTY NAME="RxBytes" TYPE="uint64">
<VALUE>8691807311704</VALUE>
</PROPERTY>
<PROPERTY NAME="RxErrorPktAlignmentErrors" TYPE="uint32">
<VALUE>0</VALUE>
</PROPERTY>
<PROPERTY NAME="RxErrorPktFCSErrors" TYPE="uint32">
<VALUE>0</VALUE>
</PROPERTY>
<PROPERTY NAME="RxFalseCarrierDetection" TYPE="uint32">
<VALUE>0</VALUE>
</PROPERTY>
<PROPERTY NAME="RxJabberPkt" TYPE="uint32">
<VALUE>0</VALUE>
</PROPERTY>
<PROPERTY NAME="RxMutlicast" TYPE="uint64">
<VALUE>95480294</VALUE>
</PROPERTY>
<PROPERTY NAME="RxPauseXOFFFrames" TYPE="uint32">
<VALUE>0</VALUE>
</PROPERTY>
<PROPERTY NAME="RxPauseXONFrames" TYPE="uint32">
<VALUE>0</VALUE>
</PROPERTY>
<PROPERTY NAME="RxRuntPkt" TYPE="uint32">
<VALUE>0</VALUE>
</PROPERTY>
<PROPERTY NAME="RxUnicast" TYPE="uint64">
<VALUE>7317649552</VALUE>
</PROPERTY>
<PROPERTY NAME="StartStatisticTime" TYPE="datetime">
<VALUE>20251022223353.000000-300</VALUE>
</PROPERTY>
<PROPERTY NAME="StatisticTime" TYPE="datetime">
<VALUE>20260116071119.000000-360</VALUE>
</PROPERTY>
<PROPERTY NAME="TxBroadcast" TYPE="uint64">
<VALUE>504304</VALUE>
</PROPERTY>
<PROPERTY NAME="TxBytes" TYPE="uint64">
<VALUE>8573825380698</VALUE>
</PROPERTY>
<PROPERTY NAME="TxErrorPktExcessiveCollision" TYPE="uint32">
<VALUE>0</VALUE>
</PROPERTY>
<PROPERTY NAME="TxErrorPktLateCollision" TYPE="uint32">
<VALUE>0</VALUE>
</PROPERTY>
<PROPERTY NAME="TxErrorPktMultipleCollision" TYPE="uint32">
<VALUE>0</VALUE>
</PROPERTY>
<PROPERTY NAME="TxErrorPktSingleCollision" TYPE="uint32">
<VALUE>0</VALUE>
</PROPERTY>
<PROPERTY NAME="TxMutlicast" TYPE="uint64">
<VALUE>816394</VALUE>
</PROPERTY>
<PROPERTY NAME="TxPauseXOFFFrames" TYPE="uint32">
<VALUE>0</VALUE>
</PROPERTY>
<PROPERTY NAME="TxPauseXONFrames" TYPE="uint32">
<VALUE>0</VALUE>
</PROPERTY>
<PROPERTY NAME="TxUnicast" TYPE="uint64">
<VALUE>3765458950</VALUE>
</PROPERTY>
</INSTANCE>
</VALUE.NAMEDINSTANCE>
<VALUE.NAMEDINSTANCE>
<INSTANCENAME CLASSNAME="DCIM_NICStatistics">
<KEYBINDING NAME="InstanceID">
<KEYVALUE VALUETYPE="string">NIC.Integrated.1-2-1</KEYVALUE>
</KEYBINDING>
</INSTANCENAME>
<INSTANCE CLASSNAME="DCIM_NICStatistics">
<PROPERTY NAME="DiscardedPkts" TYPE="uint32">
<VALUE>0</VALUE>
</PROPERTY>
<PROPERTY NAME="FCCRCErrorCount" TYPE="uint32">
<VALUE/>
</PROPERTY>
<PROPERTY NAME="FCOELinkFailures" TYPE="uint32">
<VALUE/>
</PROPERTY>
<PROPERTY NAME="FCOEPktRxCount" TYPE="uint64">
<VALUE/>
</PROPERTY>
<PROPERTY NAME="FCOEPktTxCount" TYPE="uint64">
<VALUE/>
</PROPERTY>
<PROPERTY NAME="FCOERxPktDroppedCount" TYPE="uint32">
<VALUE/>
</PROPERTY>
<PROPERTY NAME="FQDD" TYPE="string">
<VALUE>NIC.Integrated.1-2-1</VALUE>
</PROPERTY>
<PROPERTY NAME="InstanceID" TYPE="string">
<VALUE>NIC.Integrated.1-2-1</VALUE>
</PROPERTY>
<PROPERTY NAME="LanFCSRxErrors" TYPE="uint32">
<VALUE/>
</PROPERTY>
<PROPERTY NAME="LanUnicastPktRXCount" TYPE="uint64">
<VALUE/>
</PROPERTY>
<PROPERTY NAME="LanUnicastPktTXCount" TYPE="uint64">
<VALUE/>
</PROPERTY>
<PROPERTY NAME="LinkStatus" TYPE="uint8">
<VALUE>1</VALUE>
</PROPERTY>
<PROPERTY NAME="OSDriverState" TYPE="uint8">
<VALUE>1</VALUE>
</PROPERTY>
<PROPERTY NAME="PartitionLinkStatus" TYPE="uint8">
<VALUE/>
</PROPERTY>
<PROPERTY NAME="PartitionOSDriverState" TYPE="uint8">
<VALUE/>
</PROPERTY>
<PROPERTY NAME="RDMARxTotalBytes" TYPE="uint64">
<VALUE>0</VALUE>
</PROPERTY>
<PROPERTY NAME="RDMARxTotalPackets" TYPE="uint64">
<VALUE>0</VALUE>
</PROPERTY>
<PROPERTY NAME="RDMATotalProtectionErrors" TYPE="uint32">
<VALUE/>
</PROPERTY>
<PROPERTY NAME="RDMATotalProtocolErrors" TYPE="uint32">
<VALUE/>
</PROPERTY>
<PROPERTY NAME="RDMATxTotalBytes" TYPE="uint64">
<VALUE>0</VALUE>
</PROPERTY>
<PROPERTY NAME="RDMATxTotalPackets" TYPE="uint64">
<VALUE>0</VALUE>
</PROPERTY>
<PROPERTY NAME="RDMATxTotalReadReqPkts" TYPE="uint64">
<VALUE/>
</PROPERTY>
<PROPERTY NAME="RDMATxTotalSendPkts" TYPE="uint64">
<VALUE/>
</PROPERTY>
<PROPERTY NAME="RDMATxTotalWritePkts" TYPE="uint64">
<VALUE/>
</PROPERTY>
<PROPERTY NAME="RxBroadcast" TYPE="uint64">
<VALUE>14280215</VALUE>
</PROPERTY>
<PROPERTY NAME="RxBytes" TYPE="uint64">
<VALUE>9988850093876</VALUE>
</PROPERTY>
<PROPERTY NAME="RxErrorPktAlignmentErrors" TYPE="uint32">
<VALUE>0</VALUE>
</PROPERTY>
<PROPERTY NAME="RxErrorPktFCSErrors" TYPE="uint32">
<VALUE>0</VALUE>
</PROPERTY>
<PROPERTY NAME="RxFalseCarrierDetection" TYPE="uint32">
<VALUE>0</VALUE>
</PROPERTY>
<PROPERTY NAME="RxJabberPkt" TYPE="uint32">
<VALUE>0</VALUE>
</PROPERTY>
<PROPERTY NAME="RxMutlicast" TYPE="uint64">
<VALUE>95480290</VALUE>
</PROPERTY>
<PROPERTY NAME="RxPauseXOFFFrames" TYPE="uint32">
<VALUE>0</VALUE>
</PROPERTY>
<PROPERTY NAME="RxPauseXONFrames" TYPE="uint32">
<VALUE>0</VALUE>
</PROPERTY>
<PROPERTY NAME="RxRuntPkt" TYPE="uint32">
<VALUE>0</VALUE>
</PROPERTY>
<PROPERTY NAME="RxUnicast" TYPE="uint64">
<VALUE>8500983754</VALUE>
</PROPERTY>
<PROPERTY NAME="StartStatisticTime" TYPE="datetime">
<VALUE>20251022223353.000000-300</VALUE>
</PROPERTY>
<PROPERTY NAME="StatisticTime" TYPE="datetime">
<VALUE>20260116071119.000000-360</VALUE>
</PROPERTY>
<PROPERTY NAME="TxBroadcast" TYPE="uint64">
<VALUE>252436</VALUE>
</PROPERTY>
<PROPERTY NAME="TxBytes" TYPE="uint64">
<VALUE>15012453213158</VALUE>
</PROPERTY>
<PROPERTY NAME="TxErrorPktExcessiveCollision" TYPE="uint32">
<VALUE>0</VALUE>
</PROPERTY>
<PROPERTY NAME="TxErrorPktLateCollision" TYPE="uint32">
<VALUE>0</VALUE>
</PROPERTY>
<PROPERTY NAME="TxErrorPktMultipleCollision" TYPE="uint32">
<VALUE>0</VALUE>
</PROPERTY>
<PROPERTY NAME="TxErrorPktSingleCollision" TYPE="uint32">
<VALUE>0</VALUE>
</PROPERTY>
<PROPERTY NAME="TxMutlicast" TYPE="uint64">
<VALUE>693499</VALUE>
</PROPERTY>
<PROPERTY NAME="TxPauseXOFFFrames" TYPE="uint32">
<VALUE>0</VALUE>
</PROPERTY>
<PROPERTY NAME="TxPauseXONFrames" TYPE="uint32">
<VALUE>0</VALUE>
</PROPERTY>
<PROPERTY NAME="TxUnicast" TYPE="uint64">
<VALUE>8573445024</VALUE>
</PROPERTY>
</INSTANCE>
</VALUE.NAMEDINSTANCE>
</SIMPLEREQ>
</MESSAGE>
</CIM>