<?xml version="1.0" encoding="utf-8" ?>
<CIM CIMVERSION="2.0" DTDVERSION="2.0">
<MESSAGE ID="4711" PROTOCOLVERSION="1.0">
<SIMPLEREQ>
<VALUE.NAMEDINSTANCE>
<INSTANCENAME CLASSNAME="DCIM_FCStatistics">
<KEYBINDING NAME="InstanceID">
<KEYVALUE VALUETYPE="string">FC.Slot.1-1</KEYVALUE>
</KEYBINDING>
</INSTANCENAME>
<INSTANCE CLASSNAME="DCIM_FCStatistics">
<PROPERTY NAME="FCInvalidCRCs" TYPE="uint32">
<VALUE>0</VALUE>
</PROPERTY>
<PROPERTY NAME="FCLinkFailures" TYPE="uint32">
<VALUE>0</VALUE>
</PROPERTY>
<PROPERTY NAME="FCLossOfSignals" TYPE="uint32">
<VALUE>0</VALUE>
</PROPERTY>
<PROPERTY NAME="FCRxKBCount" TYPE="uint32">
<VALUE>4017943068</VALUE>
</PROPERTY>
<PROPERTY NAME="FCRxSequences" TYPE="uint32">
<VALUE/>
</PROPERTY>
<PROPERTY NAME="FCRxTotalFrames" TYPE="uint32">
<VALUE>29587089</VALUE>
</PROPERTY>
<PROPERTY NAME="FCTxKBCount" TYPE="uint32">
<VALUE>4207158596</VALUE>
</PROPERTY>
<PROPERTY NAME="FCTxSequences" TYPE="uint32">
<VALUE/>
</PROPERTY>
<PROPERTY NAME="FCTxTotalFrames" TYPE="uint32">
<VALUE>4319635</VALUE>
</PROPERTY>
<PROPERTY NAME="FQDD" TYPE="string">
<VALUE>FC.Slot.1-1</VALUE>
</PROPERTY>
<PROPERTY NAME="InstanceID" TYPE="string">
<VALUE>FC.Slot.1-1</VALUE>
</PROPERTY>
<PROPERTY NAME="OSDriverState" TYPE="uint8">
<VALUE>4</VALUE>
</PROPERTY>
<PROPERTY NAME="PortSpeed" TYPE="uint16">
<VALUE>4</VALUE>
</PROPERTY>
<PROPERTY NAME="PortStatus" TYPE="uint8">
<VALUE>1</VALUE>
</PROPERTY>
</INSTANCE>
</VALUE.NAMEDINSTANCE>
<VALUE.NAMEDINSTANCE>
<INSTANCENAME CLASSNAME="DCIM_FCStatistics">
<KEYBINDING NAME="InstanceID">
<KEYVALUE VALUETYPE="string">FC.Slot.1-2</KEYVALUE>
</KEYBINDING>
</INSTANCENAME>
<INSTANCE CLASSNAME="DCIM_FCStatistics">
<PROPERTY NAME="FCInvalidCRCs" TYPE="uint32">
<VALUE>0</VALUE>
</PROPERTY>
<PROPERTY NAME="FCLinkFailures" TYPE="uint32">
<VALUE>0</VALUE>
</PROPERTY>
<PROPERTY NAME="FCLossOfSignals" TYPE="uint32">
<VALUE>0</VALUE>
</PROPERTY>
<PROPERTY NAME="FCRxKBCount" TYPE="uint32">
<VALUE>0</VALUE>
</PROPERTY>
<PROPERTY NAME="FCRxSequences" TYPE="uint32">
<VALUE/>
</PROPERTY>
<PROPERTY NAME="FCRxTotalFrames" TYPE="uint32">
<VALUE>0</VALUE>
</PROPERTY>
<PROPERTY NAME="FCTxKBCount" TYPE="uint32">
<VALUE>0</VALUE>
</PROPERTY>
<PROPERTY NAME="FCTxSequences" TYPE="uint32">
<VALUE/>
</PROPERTY>
<PROPERTY NAME="FCTxTotalFrames" TYPE="uint32">
<VALUE>0</VALUE>
</PROPERTY>
<PROPERTY NAME="FQDD" TYPE="string">
<VALUE>FC.Slot.1-2</VALUE>
</PROPERTY>
<PROPERTY NAME="InstanceID" TYPE="string">
<VALUE>FC.Slot.1-2</VALUE>
</PROPERTY>
<PROPERTY NAME="OSDriverState" TYPE="uint8">
<VALUE>4</VALUE>
</PROPERTY>
<PROPERTY NAME="PortSpeed" TYPE="uint16">
<VALUE>0</VALUE>
</PROPERTY>
<PROPERTY NAME="PortStatus" TYPE="uint8">
<VALUE>0</VALUE>
</PROPERTY>
</INSTANCE>
</VALUE.NAMEDINSTANCE>
<VALUE.NAMEDINSTANCE>
<INSTANCENAME CLASSNAME="DCIM_FCStatistics">
<KEYBINDING NAME="InstanceID">
<KEYVALUE VALUETYPE="string">FC.Slot.7-1</KEYVALUE>
</KEYBINDING>
</INSTANCENAME>
<INSTANCE CLASSNAME="DCIM_FCStatistics">
<PROPERTY NAME="FCInvalidCRCs" TYPE="uint32">
<VALUE>0</VALUE>
</PROPERTY>
<PROPERTY NAME="FCLinkFailures" TYPE="uint32">
<VALUE>0</VALUE>
</PROPERTY>
<PROPERTY NAME="FCLossOfSignals" TYPE="uint32">
<VALUE>0</VALUE>
</PROPERTY>
<PROPERTY NAME="FCRxKBCount" TYPE="uint32">
<VALUE>677532024</VALUE>
</PROPERTY>
<PROPERTY NAME="FCRxSequences" TYPE="uint32">
<VALUE/>
</PROPERTY>
<PROPERTY NAME="FCRxTotalFrames" TYPE="uint32">
<VALUE>36694186</VALUE>
</PROPERTY>
<PROPERTY NAME="FCTxKBCount" TYPE="uint32">
<VALUE>14593140</VALUE>
</PROPERTY>
<PROPERTY NAME="FCTxSequences" TYPE="uint32">
<VALUE/>
</PROPERTY>
<PROPERTY NAME="FCTxTotalFrames" TYPE="uint32">
<VALUE>7671286</VALUE>
</PROPERTY>
<PROPERTY NAME="FQDD" TYPE="string">
<VALUE>FC.Slot.7-1</VALUE>
</PROPERTY>
<PROPERTY NAME="InstanceID" TYPE="string">
<VALUE>FC.Slot.7-1</VALUE>
</PROPERTY>
<PROPERTY NAME="OSDriverState" TYPE="uint8">
<VALUE>4</VALUE>
</PROPERTY>
<PROPERTY NAME="PortSpeed" TYPE="uint16">
<VALUE>4</VALUE>
</PROPERTY>
<PROPERTY NAME="PortStatus" TYPE="uint8">
<VALUE>1</VALUE>
</PROPERTY>
</INSTANCE>
</VALUE.NAMEDINSTANCE>
<VALUE.NAMEDINSTANCE>
<INSTANCENAME CLASSNAME="DCIM_FCStatistics">
<KEYBINDING NAME="InstanceID">
<KEYVALUE VALUETYPE="string">FC.Slot.7-2</KEYVALUE>
</KEYBINDING>
</INSTANCENAME>
<INSTANCE CLASSNAME="DCIM_FCStatistics">
<PROPERTY NAME="FCInvalidCRCs" TYPE="uint32">
<VALUE>0</VALUE>
</PROPERTY>
<PROPERTY NAME="FCLinkFailures" TYPE="uint32">
<VALUE>0</VALUE>
</PROPERTY>
<PROPERTY NAME="FCLossOfSignals" TYPE="uint32">
<VALUE>0</VALUE>
</PROPERTY>
<PROPERTY NAME="FCRxKBCount" TYPE="uint32">
<VALUE>0</VALUE>
</PROPERTY>
<PROPERTY NAME="FCRxSequences" TYPE="uint32">
<VALUE/>
</PROPERTY>
<PROPERTY NAME="FCRxTotalFrames" TYPE="uint32">
<VALUE>0</VALUE>
</PROPERTY>
<PROPERTY NAME="FCTxKBCount" TYPE="uint32">
<VALUE>0</VALUE>
</PROPERTY>
<PROPERTY NAME="FCTxSequences" TYPE="uint32">
<VALUE/>
</PROPERTY>
<PROPERTY NAME="FCTxTotalFrames" TYPE="uint32">
<VALUE>0</VALUE>
</PROPERTY>
<PROPERTY NAME="FQDD" TYPE="string">
<VALUE>FC.Slot.7-2</VALUE>
</PROPERTY>
<PROPERTY NAME="InstanceID" TYPE="string">
<VALUE>FC.Slot.7-2</VALUE>
</PROPERTY>
<PROPERTY NAME="OSDriverState" TYPE="uint8">
<VALUE>4</VALUE>
</PROPERTY>
<PROPERTY NAME="PortSpeed" TYPE="uint16">
<VALUE>0</VALUE>
</PROPERTY>
<PROPERTY NAME="PortStatus" TYPE="uint8">
<VALUE>0</VALUE>
</PROPERTY>
</INSTANCE>
</VALUE.NAMEDINSTANCE><VALUE.NAMEDINSTANCE>
<INSTANCENAME CLASSNAME="DCIM_NICStatistics">
<KEYBINDING NAME="InstanceID">
<KEYVALUE VALUETYPE="string">NIC.Slot.8-1-1</KEYVALUE>
</KEYBINDING>
</INSTANCENAME>
<INSTANCE CLASSNAME="DCIM_NICStatistics">
<PROPERTY NAME="DiscardedPkts" TYPE="uint32">
<VALUE>0</VALUE>
</PROPERTY>
<PROPERTY NAME="FCCRCErrorCount" TYPE="uint32">
<VALUE/>
</PROPERTY>
<PROPERTY NAME="FCOELinkFailures" TYPE="uint32">
<VALUE/>
</PROPERTY>
<PROPERTY NAME="FCOEPktRxCount" TYPE="uint64">
<VALUE/>
</PROPERTY>
<PROPERTY NAME="FCOEPktTxCount" TYPE="uint64">
<VALUE/>
</PROPERTY>
<PROPERTY NAME="FCOERxPktDroppedCount" TYPE="uint32">
<VALUE/>
</PROPERTY>
<PROPERTY NAME="FQDD" TYPE="string">
<VALUE>NIC.Slot.8-1-1</VALUE>
</PROPERTY>
<PROPERTY NAME="InstanceID" TYPE="string">
<VALUE>NIC.Slot.8-1-1</VALUE>
</PROPERTY>
<PROPERTY NAME="LanFCSRxErrors" TYPE="uint32">
<VALUE/>
</PROPERTY>
<PROPERTY NAME="LanUnicastPktRXCount" TYPE="uint64">
<VALUE/>
</PROPERTY>
<PROPERTY NAME="LanUnicastPktTXCount" TYPE="uint64">
<VALUE/>
</PROPERTY>
<PROPERTY NAME="LinkStatus" TYPE="uint8">
<VALUE>1</VALUE>
</PROPERTY>
<PROPERTY NAME="OSDriverState" TYPE="uint8">
<VALUE>1</VALUE>
</PROPERTY>
<PROPERTY NAME="PartitionLinkStatus" TYPE="uint8">
<VALUE/>
</PROPERTY>
<PROPERTY NAME="PartitionOSDriverState" TYPE="uint8">
<VALUE/>
</PROPERTY>
<PROPERTY NAME="RDMARxTotalBytes" TYPE="uint64">
<VALUE>0</VALUE>
</PROPERTY>
<PROPERTY NAME="RDMARxTotalPackets" TYPE="uint64">
<VALUE>0</VALUE>
</PROPERTY>
<PROPERTY NAME="RDMATotalProtectionErrors" TYPE="uint32">
<VALUE/>
</PROPERTY>
<PROPERTY NAME="RDMATotalProtocolErrors" TYPE="uint32">
<VALUE/>
</PROPERTY>
<PROPERTY NAME="RDMATxTotalBytes" TYPE="uint64">
<VALUE>0</VALUE>
</PROPERTY>
<PROPERTY NAME="RDMATxTotalPackets" TYPE="uint64">
<VALUE>0</VALUE>
</PROPERTY>
<PROPERTY NAME="RDMATxTotalReadReqPkts" TYPE="uint64">
<VALUE/>
</PROPERTY>
<PROPERTY NAME="RDMATxTotalSendPkts" TYPE="uint64">
<VALUE/>
</PROPERTY>
<PROPERTY NAME="RDMATxTotalWritePkts" TYPE="uint64">
<VALUE/>
</PROPERTY>
<PROPERTY NAME="RxBroadcast" TYPE="uint64">
<VALUE>47348930</VALUE>
</PROPERTY>
<PROPERTY NAME="RxBytes" TYPE="uint64">
<VALUE>4036352007</VALUE>
</PROPERTY>
<PROPERTY NAME="RxErrorPktAlignmentErrors" TYPE="uint32">
<VALUE>0</VALUE>
</PROPERTY>
<PROPERTY NAME="RxErrorPktFCSErrors" TYPE="uint32">
<VALUE>0</VALUE>
</PROPERTY>
<PROPERTY NAME="RxFalseCarrierDetection" TYPE="uint32">
<VALUE>0</VALUE>
</PROPERTY>
<PROPERTY NAME="RxJabberPkt" TYPE="uint32">
<VALUE>0</VALUE>
</PROPERTY>
<PROPERTY NAME="RxMutlicast" TYPE="uint64">
<VALUE>11622841</VALUE>
</PROPERTY>
<PROPERTY NAME="RxPauseXOFFFrames" TYPE="uint32">
<VALUE>0</VALUE>
</PROPERTY>
<PROPERTY NAME="RxPauseXONFrames" TYPE="uint32">
<VALUE>0</VALUE>
</PROPERTY>
<PROPERTY NAME="RxRuntPkt" TYPE="uint32">
<VALUE>0</VALUE>
</PROPERTY>
<PROPERTY NAME="RxUnicast" TYPE="uint64">
<VALUE>59266</VALUE>
</PROPERTY>
<PROPERTY NAME="StartStatisticTime" TYPE="datetime">
<VALUE>20251026132903.000000-300</VALUE>
</PROPERTY>
<PROPERTY NAME="StatisticTime" TYPE="datetime">
<VALUE>20260111113434.000000-360</VALUE>
</PROPERTY>
<PROPERTY NAME="TxBroadcast" TYPE="uint64">
<VALUE>0</VALUE>
</PROPERTY>
<PROPERTY NAME="TxBytes" TYPE="uint64">
<VALUE>21113636</VALUE>
</PROPERTY>
<PROPERTY NAME="TxErrorPktExcessiveCollision" TYPE="uint32">
<VALUE>0</VALUE>
</PROPERTY>
<PROPERTY NAME="TxErrorPktLateCollision" TYPE="uint32">
<VALUE>0</VALUE>
</PROPERTY>
<PROPERTY NAME="TxErrorPktMultipleCollision" TYPE="uint32">
<VALUE>0</VALUE>
</PROPERTY>
<PROPERTY NAME="TxErrorPktSingleCollision" TYPE="uint32">
<VALUE>0</VALUE>
</PROPERTY>
<PROPERTY NAME="TxMutlicast" TYPE="uint64">
<VALUE>277811</VALUE>
</PROPERTY>
<PROPERTY NAME="TxPauseXOFFFrames" TYPE="uint32">
<VALUE>0</VALUE>
</PROPERTY>
<PROPERTY NAME="TxPauseXONFrames" TYPE="uint32">
<VALUE>0</VALUE>
</PROPERTY>
<PROPERTY NAME="TxUnicast" TYPE="uint64">
<VALUE>0</VALUE>
</PROPERTY>
</INSTANCE>
</VALUE.NAMEDINSTANCE>
<VALUE.NAMEDINSTANCE>
<INSTANCENAME CLASSNAME="DCIM_NICStatistics">
<KEYBINDING NAME="InstanceID">
<KEYVALUE VALUETYPE="string">NIC.Slot.8-2-1</KEYVALUE>
</KEYBINDING>
</INSTANCENAME>
<INSTANCE CLASSNAME="DCIM_NICStatistics">
<PROPERTY NAME="DiscardedPkts" TYPE="uint32">
<VALUE>0</VALUE>
</PROPERTY>
<PROPERTY NAME="FCCRCErrorCount" TYPE="uint32">
<VALUE/>
</PROPERTY>
<PROPERTY NAME="FCOELinkFailures" TYPE="uint32">
<VALUE/>
</PROPERTY>
<PROPERTY NAME="FCOEPktRxCount" TYPE="uint64">
<VALUE/>
</PROPERTY>
<PROPERTY NAME="FCOEPktTxCount" TYPE="uint64">
<VALUE/>
</PROPERTY>
<PROPERTY NAME="FCOERxPktDroppedCount" TYPE="uint32">
<VALUE/>
</PROPERTY>
<PROPERTY NAME="FQDD" TYPE="string">
<VALUE>NIC.Slot.8-2-1</VALUE>
</PROPERTY>
<PROPERTY NAME="InstanceID" TYPE="string">
<VALUE>NIC.Slot.8-2-1</VALUE>
</PROPERTY>
<PROPERTY NAME="LanFCSRxErrors" TYPE="uint32">
<VALUE/>
</PROPERTY>
<PROPERTY NAME="LanUnicastPktRXCount" TYPE="uint64">
<VALUE/>
</PROPERTY>
<PROPERTY NAME="LanUnicastPktTXCount" TYPE="uint64">
<VALUE/>
</PROPERTY>
<PROPERTY NAME="LinkStatus" TYPE="uint8">
<VALUE>1</VALUE>
</PROPERTY>
<PROPERTY NAME="OSDriverState" TYPE="uint8">
<VALUE>1</VALUE>
</PROPERTY>
<PROPERTY NAME="PartitionLinkStatus" TYPE="uint8">
<VALUE/>
</PROPERTY>
<PROPERTY NAME="PartitionOSDriverState" TYPE="uint8">
<VALUE/>
</PROPERTY>
<PROPERTY NAME="RDMARxTotalBytes" TYPE="uint64">
<VALUE>0</VALUE>
</PROPERTY>
<PROPERTY NAME="RDMARxTotalPackets" TYPE="uint64">
<VALUE>0</VALUE>
</PROPERTY>
<PROPERTY NAME="RDMATotalProtectionErrors" TYPE="uint32">
<VALUE/>
</PROPERTY>
<PROPERTY NAME="RDMATotalProtocolErrors" TYPE="uint32">
<VALUE/>
</PROPERTY>
<PROPERTY NAME="RDMATxTotalBytes" TYPE="uint64">
<VALUE>0</VALUE>
</PROPERTY>
<PROPERTY NAME="RDMATxTotalPackets" TYPE="uint64">
<VALUE>0</VALUE>
</PROPERTY>
<PROPERTY NAME="RDMATxTotalReadReqPkts" TYPE="uint64">
<VALUE/>
</PROPERTY>
<PROPERTY NAME="RDMATxTotalSendPkts" TYPE="uint64">
<VALUE/>
</PROPERTY>
<PROPERTY NAME="RDMATxTotalWritePkts" TYPE="uint64">
<VALUE/>
</PROPERTY>
<PROPERTY NAME="RxBroadcast" TYPE="uint64">
<VALUE>222150</VALUE>
</PROPERTY>
<PROPERTY NAME="RxBytes" TYPE="uint64">
<VALUE>2005417892</VALUE>
</PROPERTY>
<PROPERTY NAME="RxErrorPktAlignmentErrors" TYPE="uint32">
<VALUE>0</VALUE>
</PROPERTY>
<PROPERTY NAME="RxErrorPktFCSErrors" TYPE="uint32">
<VALUE>0</VALUE>
</PROPERTY>
<PROPERTY NAME="RxFalseCarrierDetection" TYPE="uint32">
<VALUE>0</VALUE>
</PROPERTY>
<PROPERTY NAME="RxJabberPkt" TYPE="uint32">
<VALUE>0</VALUE>
</PROPERTY>
<PROPERTY NAME="RxMutlicast" TYPE="uint64">
<VALUE>4507311</VALUE>
</PROPERTY>
<PROPERTY NAME="RxPauseXOFFFrames" TYPE="uint32">
<VALUE>0</VALUE>
</PROPERTY>
<PROPERTY NAME="RxPauseXONFrames" TYPE="uint32">
<VALUE>0</VALUE>
</PROPERTY>
<PROPERTY NAME="RxRuntPkt" TYPE="uint32">
<VALUE>0</VALUE>
</PROPERTY>
<PROPERTY NAME="RxUnicast" TYPE="uint64">
<VALUE>15488147</VALUE>
</PROPERTY>
<PROPERTY NAME="StartStatisticTime" TYPE="datetime">
<VALUE>20251026132903.000000-300</VALUE>
</PROPERTY>
<PROPERTY NAME="StatisticTime" TYPE="datetime">
<VALUE>20260111113434.000000-360</VALUE>
</PROPERTY>
<PROPERTY NAME="TxBroadcast" TYPE="uint64">
<VALUE>222145</VALUE>
</PROPERTY>
<PROPERTY NAME="TxBytes" TYPE="uint64">
<VALUE>1201625642</VALUE>
</PROPERTY>
<PROPERTY NAME="TxErrorPktExcessiveCollision" TYPE="uint32">
<VALUE>0</VALUE>
</PROPERTY>
<PROPERTY NAME="TxErrorPktLateCollision" TYPE="uint32">
<VALUE>0</VALUE>
</PROPERTY>
<PROPERTY NAME="TxErrorPktMultipleCollision" TYPE="uint32">
<VALUE>0</VALUE>
</PROPERTY>
<PROPERTY NAME="TxErrorPktSingleCollision" TYPE="uint32">
<VALUE>0</VALUE>
</PROPERTY>
<PROPERTY NAME="TxMutlicast" TYPE="uint64">
<VALUE>277811</VALUE>
</PROPERTY>
<PROPERTY NAME="TxPauseXOFFFrames" TYPE="uint32">
<VALUE>0</VALUE>
</PROPERTY>
<PROPERTY NAME="TxPauseXONFrames" TYPE="uint32">
<VALUE>0</VALUE>
</PROPERTY>
<PROPERTY NAME="TxUnicast" TYPE="uint64">
<VALUE>14813322</VALUE>
</PROPERTY>
</INSTANCE>
</VALUE.NAMEDINSTANCE>
<VALUE.NAMEDINSTANCE>
<INSTANCENAME CLASSNAME="DCIM_NICStatistics">
<KEYBINDING NAME="InstanceID">
<KEYVALUE VALUETYPE="string">NIC.Integrated.1-1-1</KEYVALUE>
</KEYBINDING>
</INSTANCENAME>
<INSTANCE CLASSNAME="DCIM_NICStatistics">
<PROPERTY NAME="DiscardedPkts" TYPE="uint32">
<VALUE>0</VALUE>
</PROPERTY>
<PROPERTY NAME="FCCRCErrorCount" TYPE="uint32">
<VALUE/>
</PROPERTY>
<PROPERTY NAME="FCOELinkFailures" TYPE="uint32">
<VALUE/>
</PROPERTY>
<PROPERTY NAME="FCOEPktRxCount" TYPE="uint64">
<VALUE/>
</PROPERTY>
<PROPERTY NAME="FCOEPktTxCount" TYPE="uint64">
<VALUE/>
</PROPERTY>
<PROPERTY NAME="FCOERxPktDroppedCount" TYPE="uint32">
<VALUE/>
</PROPERTY>
<PROPERTY NAME="FQDD" TYPE="string">
<VALUE>NIC.Integrated.1-1-1</VALUE>
</PROPERTY>
<PROPERTY NAME="InstanceID" TYPE="string">
<VALUE>NIC.Integrated.1-1-1</VALUE>
</PROPERTY>
<PROPERTY NAME="LanFCSRxErrors" TYPE="uint32">
<VALUE/>
</PROPERTY>
<PROPERTY NAME="LanUnicastPktRXCount" TYPE="uint64">
<VALUE/>
</PROPERTY>
<PROPERTY NAME="LanUnicastPktTXCount" TYPE="uint64">
<VALUE/>
</PROPERTY>
<PROPERTY NAME="LinkStatus" TYPE="uint8">
<VALUE>1</VALUE>
</PROPERTY>
<PROPERTY NAME="OSDriverState" TYPE="uint8">
<VALUE>1</VALUE>
</PROPERTY>
<PROPERTY NAME="PartitionLinkStatus" TYPE="uint8">
<VALUE/>
</PROPERTY>
<PROPERTY NAME="PartitionOSDriverState" TYPE="uint8">
<VALUE/>
</PROPERTY>
<PROPERTY NAME="RDMARxTotalBytes" TYPE="uint64">
<VALUE>0</VALUE>
</PROPERTY>
<PROPERTY NAME="RDMARxTotalPackets" TYPE="uint64">
<VALUE>0</VALUE>
</PROPERTY>
<PROPERTY NAME="RDMATotalProtectionErrors" TYPE="uint32">
<VALUE/>
</PROPERTY>
<PROPERTY NAME="RDMATotalProtocolErrors" TYPE="uint32">
<VALUE/>
</PROPERTY>
<PROPERTY NAME="RDMATxTotalBytes" TYPE="uint64">
<VALUE>0</VALUE>
</PROPERTY>
<PROPERTY NAME="RDMATxTotalPackets" TYPE="uint64">
<VALUE>0</VALUE>
</PROPERTY>
<PROPERTY NAME="RDMATxTotalReadReqPkts" TYPE="uint64">
<VALUE/>
</PROPERTY>
<PROPERTY NAME="RDMATxTotalSendPkts" TYPE="uint64">
<VALUE/>
</PROPERTY>
<PROPERTY NAME="RDMATxTotalWritePkts" TYPE="uint64">
<VALUE/>
</PROPERTY>
<PROPERTY NAME="RxBroadcast" TYPE="uint64">
<VALUE>43871209</VALUE>
</PROPERTY>
<PROPERTY NAME="RxBytes" TYPE="uint64">
<VALUE>25931622297</VALUE>
</PROPERTY>
<PROPERTY NAME="RxErrorPktAlignmentErrors" TYPE="uint32">
<VALUE>0</VALUE>
</PROPERTY>
<PROPERTY NAME="RxErrorPktFCSErrors" TYPE="uint32">
<VALUE>0</VALUE>
</PROPERTY>
<PROPERTY NAME="RxFalseCarrierDetection" TYPE="uint32">
<VALUE>0</VALUE>
</PROPERTY>
<PROPERTY NAME="RxJabberPkt" TYPE="uint32">
<VALUE>0</VALUE>
</PROPERTY>
<PROPERTY NAME="RxMutlicast" TYPE="uint64">
<VALUE>12191494</VALUE>
</PROPERTY>
<PROPERTY NAME="RxPauseXOFFFrames" TYPE="uint32">
<VALUE>0</VALUE>
</PROPERTY>
<PROPERTY NAME="RxPauseXONFrames" TYPE="uint32">
<VALUE>0</VALUE>
</PROPERTY>
<PROPERTY NAME="RxRuntPkt" TYPE="uint32">
<VALUE>0</VALUE>
</PROPERTY>
<PROPERTY NAME="RxUnicast" TYPE="uint64">
<VALUE>79885461</VALUE>
</PROPERTY>
<PROPERTY NAME="StartStatisticTime" TYPE="datetime">
<VALUE>20251026133008.000000-300</VALUE>
</PROPERTY>
<PROPERTY NAME="StatisticTime" TYPE="datetime">
<VALUE>20260111113429.000000-360</VALUE>
</PROPERTY>
<PROPERTY NAME="TxBroadcast" TYPE="uint64">
<VALUE>3477740</VALUE>
</PROPERTY>
<PROPERTY NAME="TxBytes" TYPE="uint64">
<VALUE>521393749535</VALUE>
</PROPERTY>
<PROPERTY NAME="TxErrorPktExcessiveCollision" TYPE="uint32">
<VALUE>0</VALUE>
</PROPERTY>
<PROPERTY NAME="TxErrorPktLateCollision" TYPE="uint32">
<VALUE>0</VALUE>
</PROPERTY>
<PROPERTY NAME="TxErrorPktMultipleCollision" TYPE="uint32">
<VALUE>0</VALUE>
</PROPERTY>
<PROPERTY NAME="TxErrorPktSingleCollision" TYPE="uint32">
<VALUE>0</VALUE>
</PROPERTY>
<PROPERTY NAME="TxMutlicast" TYPE="uint64">
<VALUE>277810</VALUE>
</PROPERTY>
<PROPERTY NAME="TxPauseXOFFFrames" TYPE="uint32">
<VALUE>0</VALUE>
</PROPERTY>
<PROPERTY NAME="TxPauseXONFrames" TYPE="uint32">
<VALUE>0</VALUE>
</PROPERTY>
<PROPERTY NAME="TxUnicast" TYPE="uint64">
<VALUE>395118489</VALUE>
</PROPERTY>
</INSTANCE>
</VALUE.NAMEDINSTANCE>
<VALUE.NAMEDINSTANCE>
<INSTANCENAME CLASSNAME="DCIM_NICStatistics">
<KEYBINDING NAME="InstanceID">
<KEYVALUE VALUETYPE="string">NIC.Integrated.1-2-1</KEYVALUE>
</KEYBINDING>
</INSTANCENAME>
<INSTANCE CLASSNAME="DCIM_NICStatistics">
<PROPERTY NAME="DiscardedPkts" TYPE="uint32">
<VALUE>0</VALUE>
</PROPERTY>
<PROPERTY NAME="FCCRCErrorCount" TYPE="uint32">
<VALUE/>
</PROPERTY>
<PROPERTY NAME="FCOELinkFailures" TYPE="uint32">
<VALUE/>
</PROPERTY>
<PROPERTY NAME="FCOEPktRxCount" TYPE="uint64">
<VALUE/>
</PROPERTY>
<PROPERTY NAME="FCOEPktTxCount" TYPE="uint64">
<VALUE/>
</PROPERTY>
<PROPERTY NAME="FCOERxPktDroppedCount" TYPE="uint32">
<VALUE/>
</PROPERTY>
<PROPERTY NAME="FQDD" TYPE="string">
<VALUE>NIC.Integrated.1-2-1</VALUE>
</PROPERTY>
<PROPERTY NAME="InstanceID" TYPE="string">
<VALUE>NIC.Integrated.1-2-1</VALUE>
</PROPERTY>
<PROPERTY NAME="LanFCSRxErrors" TYPE="uint32">
<VALUE/>
</PROPERTY>
<PROPERTY NAME="LanUnicastPktRXCount" TYPE="uint64">
<VALUE/>
</PROPERTY>
<PROPERTY NAME="LanUnicastPktTXCount" TYPE="uint64">
<VALUE/>
</PROPERTY>
<PROPERTY NAME="LinkStatus" TYPE="uint8">
<VALUE>1</VALUE>
</PROPERTY>
<PROPERTY NAME="OSDriverState" TYPE="uint8">
<VALUE>1</VALUE>
</PROPERTY>
<PROPERTY NAME="PartitionLinkStatus" TYPE="uint8">
<VALUE/>
</PROPERTY>
<PROPERTY NAME="PartitionOSDriverState" TYPE="uint8">
<VALUE/>
</PROPERTY>
<PROPERTY NAME="RDMARxTotalBytes" TYPE="uint64">
<VALUE>0</VALUE>
</PROPERTY>
<PROPERTY NAME="RDMARxTotalPackets" TYPE="uint64">
<VALUE>0</VALUE>
</PROPERTY>
<PROPERTY NAME="RDMATotalProtectionErrors" TYPE="uint32">
<VALUE/>
</PROPERTY>
<PROPERTY NAME="RDMATotalProtocolErrors" TYPE="uint32">
<VALUE/>
</PROPERTY>
<PROPERTY NAME="RDMATxTotalBytes" TYPE="uint64">
<VALUE>0</VALUE>
</PROPERTY>
<PROPERTY NAME="RDMATxTotalPackets" TYPE="uint64">
<VALUE>0</VALUE>
</PROPERTY>
<PROPERTY NAME="RDMATxTotalReadReqPkts" TYPE="uint64">
<VALUE/>
</PROPERTY>
<PROPERTY NAME="RDMATxTotalSendPkts" TYPE="uint64">
<VALUE/>
</PROPERTY>
<PROPERTY NAME="RDMATxTotalWritePkts" TYPE="uint64">
<VALUE/>
</PROPERTY>
<PROPERTY NAME="RxBroadcast" TYPE="uint64">
<VALUE>222149</VALUE>
</PROPERTY>
<PROPERTY NAME="RxBytes" TYPE="uint64">
<VALUE>2005698259</VALUE>
</PROPERTY>
<PROPERTY NAME="RxErrorPktAlignmentErrors" TYPE="uint32">
<VALUE>0</VALUE>
</PROPERTY>
<PROPERTY NAME="RxErrorPktFCSErrors" TYPE="uint32">
<VALUE>0</VALUE>
</PROPERTY>
<PROPERTY NAME="RxFalseCarrierDetection" TYPE="uint32">
<VALUE>0</VALUE>
</PROPERTY>
<PROPERTY NAME="RxJabberPkt" TYPE="uint32">
<VALUE>0</VALUE>
</PROPERTY>
<PROPERTY NAME="RxMutlicast" TYPE="uint64">
<VALUE>4507301</VALUE>
</PROPERTY>
<PROPERTY NAME="RxPauseXOFFFrames" TYPE="uint32">
<VALUE>0</VALUE>
</PROPERTY>
<PROPERTY NAME="RxPauseXONFrames" TYPE="uint32">
<VALUE>0</VALUE>
</PROPERTY>
<PROPERTY NAME="RxRuntPkt" TYPE="uint32">
<VALUE>0</VALUE>
</PROPERTY>
<PROPERTY NAME="RxUnicast" TYPE="uint64">
<VALUE>15488452</VALUE>
</PROPERTY>
<PROPERTY NAME="StartStatisticTime" TYPE="datetime">
<VALUE>20251026133008.000000-300</VALUE>
</PROPERTY>
<PROPERTY NAME="StatisticTime" TYPE="datetime">
<VALUE>20260111113429.000000-360</VALUE>
</PROPERTY>
<PROPERTY NAME="TxBroadcast" TYPE="uint64">
<VALUE>222144</VALUE>
</PROPERTY>
<PROPERTY NAME="TxBytes" TYPE="uint64">
<VALUE>1201647684</VALUE>
</PROPERTY>
<PROPERTY NAME="TxErrorPktExcessiveCollision" TYPE="uint32">
<VALUE>0</VALUE>
</PROPERTY>
<PROPERTY NAME="TxErrorPktLateCollision" TYPE="uint32">
<VALUE>0</VALUE>
</PROPERTY>
<PROPERTY NAME="TxErrorPktMultipleCollision" TYPE="uint32">
<VALUE>0</VALUE>
</PROPERTY>
<PROPERTY NAME="TxErrorPktSingleCollision" TYPE="uint32">
<VALUE>0</VALUE>
</PROPERTY>
<PROPERTY NAME="TxMutlicast" TYPE="uint64">
<VALUE>277810</VALUE>
</PROPERTY>
<PROPERTY NAME="TxPauseXOFFFrames" TYPE="uint32">
<VALUE>0</VALUE>
</PROPERTY>
<PROPERTY NAME="TxPauseXONFrames" TYPE="uint32">
<VALUE>0</VALUE>
</PROPERTY>
<PROPERTY NAME="TxUnicast" TYPE="uint64">
<VALUE>14813748</VALUE>
</PROPERTY>
</INSTANCE>
</VALUE.NAMEDINSTANCE>
</SIMPLEREQ>
</MESSAGE>
</CIM>