<?xml version="1.0" encoding="utf-8" ?>
<CIM CIMVERSION="2.0" DTDVERSION="2.0">
<MESSAGE ID="4711" PROTOCOLVERSION="1.0">
<SIMPLEREQ>
<VALUE.NAMEDINSTANCE>
<INSTANCENAME CLASSNAME="DCIM_SoftwareIdentity">
<KEYBINDING NAME="InstanceID">
<KEYVALUE VALUETYPE="string">DCIM:INSTALLED#0x15__PSU.Slot.1</KEYVALUE>
</KEYBINDING>
</INSTANCENAME>
<INSTANCE CLASSNAME="DCIM_SoftwareIdentity">
<PROPERTY NAME="BuildNumber" TYPE="uint16">
<VALUE>0</VALUE>
</PROPERTY>
<PROPERTY.ARRAY NAME="Classifications" TYPE="uint16">
<VALUE.ARRAY>
<VALUE>10</VALUE>

</VALUE.ARRAY>
</PROPERTY.ARRAY>
<PROPERTY NAME="ComponentID" TYPE="string">
<VALUE>104731</VALUE>
</PROPERTY>
<PROPERTY NAME="ComponentType" TYPE="string">
<VALUE>FRMW</VALUE>
</PROPERTY>
<PROPERTY NAME="DeviceID" TYPE="string">
<VALUE/>
</PROPERTY>
<PROPERTY NAME="ElementName" TYPE="string">
<VALUE>Power Supply.Slot.1</VALUE>
</PROPERTY>
<PROPERTY NAME="FQDD" TYPE="string">
<VALUE>PSU.Slot.1</VALUE>
</PROPERTY>
<PROPERTY NAME="HashValue" TYPE="string">
<VALUE/>
</PROPERTY>
<PROPERTY.ARRAY NAME="IdentityInfoType" TYPE="string">
<VALUE.ARRAY>
<VALUE>OrgID:ComponentType:ComponentID</VALUE>

</VALUE.ARRAY>
</PROPERTY.ARRAY>
<PROPERTY.ARRAY NAME="IdentityInfoValue" TYPE="string">
<VALUE.ARRAY>
<VALUE>DCIM:firmware:104731</VALUE>

</VALUE.ARRAY>
</PROPERTY.ARRAY>
<PROPERTY NAME="InstallationDate" TYPE="string">
<VALUE>2022-10-06T17:07:23Z</VALUE>
</PROPERTY>
<PROPERTY NAME="InstanceID" TYPE="string">
<VALUE>DCIM:INSTALLED#0x15__PSU.Slot.1</VALUE>
</PROPERTY>
<PROPERTY NAME="IsEntity" TYPE="boolean">
<VALUE>1</VALUE>
</PROPERTY>
<PROPERTY NAME="MajorVersion" TYPE="uint16">
<VALUE>0</VALUE>
</PROPERTY>
<PROPERTY NAME="MinorVersion" TYPE="uint16">
<VALUE>26</VALUE>
</PROPERTY>
<PROPERTY NAME="PLDMCapabilitiesDuringUpdate" TYPE="string">
<VALUE>0x00000000</VALUE>
</PROPERTY>
<PROPERTY NAME="PLDMFDPCapabilitiesDuringUpdate" TYPE="string">
<VALUE>0x00000000</VALUE>
</PROPERTY>
<PROPERTY NAME="RevisionNumber" TYPE="uint16">
<VALUE>35</VALUE>
</PROPERTY>
<PROPERTY NAME="RevisionString" TYPE="string">
<VALUE/>
</PROPERTY>
<PROPERTY NAME="SidebandUpdateCapable" TYPE="boolean">
<VALUE>0</VALUE>
</PROPERTY>
<PROPERTY NAME="Status" TYPE="string">
<VALUE>Installed</VALUE>
</PROPERTY>
<PROPERTY NAME="SubDeviceID" TYPE="string">
<VALUE/>
</PROPERTY>
<PROPERTY NAME="SubVendorID" TYPE="string">
<VALUE/>
</PROPERTY>
<PROPERTY NAME="Updateable" TYPE="boolean">
<VALUE>1</VALUE>
</PROPERTY>
<PROPERTY NAME="VendorID" TYPE="string">
<VALUE/>
</PROPERTY>
<PROPERTY NAME="VersionString" TYPE="string">
<VALUE>00.26.35</VALUE>
</PROPERTY>
<PROPERTY NAME="impactsTPMmeasurements" TYPE="boolean">
<VALUE>0</VALUE>
</PROPERTY>
</INSTANCE>
</VALUE.NAMEDINSTANCE>
<VALUE.NAMEDINSTANCE>
<INSTANCENAME CLASSNAME="DCIM_SoftwareIdentity">
<KEYBINDING NAME="InstanceID">
<KEYVALUE VALUETYPE="string">DCIM:INSTALLED#0x15__PSU.Slot.2</KEYVALUE>
</KEYBINDING>
</INSTANCENAME>
<INSTANCE CLASSNAME="DCIM_SoftwareIdentity">
<PROPERTY NAME="BuildNumber" TYPE="uint16">
<VALUE>0</VALUE>
</PROPERTY>
<PROPERTY.ARRAY NAME="Classifications" TYPE="uint16">
<VALUE.ARRAY>
<VALUE>10</VALUE>

</VALUE.ARRAY>
</PROPERTY.ARRAY>
<PROPERTY NAME="ComponentID" TYPE="string">
<VALUE>104731</VALUE>
</PROPERTY>
<PROPERTY NAME="ComponentType" TYPE="string">
<VALUE>FRMW</VALUE>
</PROPERTY>
<PROPERTY NAME="DeviceID" TYPE="string">
<VALUE/>
</PROPERTY>
<PROPERTY NAME="ElementName" TYPE="string">
<VALUE>Power Supply.Slot.2</VALUE>
</PROPERTY>
<PROPERTY NAME="FQDD" TYPE="string">
<VALUE>PSU.Slot.2</VALUE>
</PROPERTY>
<PROPERTY NAME="HashValue" TYPE="string">
<VALUE/>
</PROPERTY>
<PROPERTY.ARRAY NAME="IdentityInfoType" TYPE="string">
<VALUE.ARRAY>
<VALUE>OrgID:ComponentType:ComponentID</VALUE>

</VALUE.ARRAY>
</PROPERTY.ARRAY>
<PROPERTY.ARRAY NAME="IdentityInfoValue" TYPE="string">
<VALUE.ARRAY>
<VALUE>DCIM:firmware:104731</VALUE>

</VALUE.ARRAY>
</PROPERTY.ARRAY>
<PROPERTY NAME="InstallationDate" TYPE="string">
<VALUE>2022-10-06T17:07:23Z</VALUE>
</PROPERTY>
<PROPERTY NAME="InstanceID" TYPE="string">
<VALUE>DCIM:INSTALLED#0x15__PSU.Slot.2</VALUE>
</PROPERTY>
<PROPERTY NAME="IsEntity" TYPE="boolean">
<VALUE>1</VALUE>
</PROPERTY>
<PROPERTY NAME="MajorVersion" TYPE="uint16">
<VALUE>0</VALUE>
</PROPERTY>
<PROPERTY NAME="MinorVersion" TYPE="uint16">
<VALUE>26</VALUE>
</PROPERTY>
<PROPERTY NAME="PLDMCapabilitiesDuringUpdate" TYPE="string">
<VALUE>0x00000000</VALUE>
</PROPERTY>
<PROPERTY NAME="PLDMFDPCapabilitiesDuringUpdate" TYPE="string">
<VALUE>0x00000000</VALUE>
</PROPERTY>
<PROPERTY NAME="RevisionNumber" TYPE="uint16">
<VALUE>35</VALUE>
</PROPERTY>
<PROPERTY NAME="RevisionString" TYPE="string">
<VALUE/>
</PROPERTY>
<PROPERTY NAME="SidebandUpdateCapable" TYPE="boolean">
<VALUE>0</VALUE>
</PROPERTY>
<PROPERTY NAME="Status" TYPE="string">
<VALUE>Installed</VALUE>
</PROPERTY>
<PROPERTY NAME="SubDeviceID" TYPE="string">
<VALUE/>
</PROPERTY>
<PROPERTY NAME="SubVendorID" TYPE="string">
<VALUE/>
</PROPERTY>
<PROPERTY NAME="Updateable" TYPE="boolean">
<VALUE>1</VALUE>
</PROPERTY>
<PROPERTY NAME="VendorID" TYPE="string">
<VALUE/>
</PROPERTY>
<PROPERTY NAME="VersionString" TYPE="string">
<VALUE>00.26.35</VALUE>
</PROPERTY>
<PROPERTY NAME="impactsTPMmeasurements" TYPE="boolean">
<VALUE>0</VALUE>
</PROPERTY>
</INSTANCE>
</VALUE.NAMEDINSTANCE>
<VALUE.NAMEDINSTANCE>
<INSTANCENAME CLASSNAME="DCIM_SoftwareIdentity">
<KEYBINDING NAME="InstanceID">
<KEYVALUE VALUETYPE="string">DCIM:PREVIOUS#iDRAC.Embedded.1-1#IDRACinfo</KEYVALUE>
</KEYBINDING>
</INSTANCENAME>
<INSTANCE CLASSNAME="DCIM_SoftwareIdentity">
<PROPERTY NAME="BuildNumber" TYPE="uint16">
<VALUE>32</VALUE>
</PROPERTY>
<PROPERTY.ARRAY NAME="Classifications" TYPE="uint16">
<VALUE.ARRAY>
<VALUE>10</VALUE>

</VALUE.ARRAY>
</PROPERTY.ARRAY>
<PROPERTY NAME="ComponentID" TYPE="string">
<VALUE>25227</VALUE>
</PROPERTY>
<PROPERTY NAME="ComponentType" TYPE="string">
<VALUE>FRMW</VALUE>
</PROPERTY>
<PROPERTY NAME="DeviceID" TYPE="string">
<VALUE/>
</PROPERTY>
<PROPERTY NAME="ElementName" TYPE="string">
<VALUE>Integrated Dell Remote Access Controller</VALUE>
</PROPERTY>
<PROPERTY NAME="FQDD" TYPE="string">
<VALUE>iDRAC.Embedded.1-1</VALUE>
</PROPERTY>
<PROPERTY NAME="HashValue" TYPE="string">
<VALUE>45ca229db5cb1d91a35510f588dd2992343a3baba792a1fe05afde0296dfe34f</VALUE>
</PROPERTY>
<PROPERTY.ARRAY NAME="IdentityInfoType" TYPE="string">
<VALUE.ARRAY>
<VALUE>OrgID:ComponentType:ComponentID</VALUE>

</VALUE.ARRAY>
</PROPERTY.ARRAY>
<PROPERTY.ARRAY NAME="IdentityInfoValue" TYPE="string">
<VALUE.ARRAY>
<VALUE>DCIM:firmware:25227</VALUE>

</VALUE.ARRAY>
</PROPERTY.ARRAY>
<PROPERTY NAME="InstallationDate" TYPE="string">
<VALUE>NA</VALUE>
</PROPERTY>
<PROPERTY NAME="InstanceID" TYPE="string">
<VALUE>DCIM:PREVIOUS#iDRAC.Embedded.1-1#IDRACinfo</VALUE>
</PROPERTY>
<PROPERTY NAME="IsEntity" TYPE="boolean">
<VALUE>1</VALUE>
</PROPERTY>
<PROPERTY NAME="MajorVersion" TYPE="uint16">
<VALUE>5</VALUE>
</PROPERTY>
<PROPERTY NAME="MinorVersion" TYPE="uint16">
<VALUE>10</VALUE>
</PROPERTY>
<PROPERTY NAME="PLDMCapabilitiesDuringUpdate" TYPE="string">
<VALUE>0x00000000</VALUE>
</PROPERTY>
<PROPERTY NAME="PLDMFDPCapabilitiesDuringUpdate" TYPE="string">
<VALUE>0x00000000</VALUE>
</PROPERTY>
<PROPERTY NAME="RevisionNumber" TYPE="uint16">
<VALUE>50</VALUE>
</PROPERTY>
<PROPERTY NAME="RevisionString" TYPE="string">
<VALUE/>
</PROPERTY>
<PROPERTY NAME="SidebandUpdateCapable" TYPE="boolean">
<VALUE>0</VALUE>
</PROPERTY>
<PROPERTY NAME="Status" TYPE="string">
<VALUE>Available</VALUE>
</PROPERTY>
<PROPERTY NAME="SubDeviceID" TYPE="string">
<VALUE/>
</PROPERTY>
<PROPERTY NAME="SubVendorID" TYPE="string">
<VALUE/>
</PROPERTY>
<PROPERTY NAME="Updateable" TYPE="boolean">
<VALUE>1</VALUE>
</PROPERTY>
<PROPERTY NAME="VendorID" TYPE="string">
<VALUE/>
</PROPERTY>
<PROPERTY NAME="VersionString" TYPE="string">
<VALUE>5.10.50.00</VALUE>
</PROPERTY>
<PROPERTY NAME="impactsTPMmeasurements" TYPE="boolean">
<VALUE>0</VALUE>
</PROPERTY>
</INSTANCE>
</VALUE.NAMEDINSTANCE>
<VALUE.NAMEDINSTANCE>
<INSTANCENAME CLASSNAME="DCIM_SoftwareIdentity">
<KEYBINDING NAME="InstanceID">
<KEYVALUE VALUETYPE="string">DCIM:INSTALLED#iDRAC.Embedded.1-1#IDRACinfo</KEYVALUE>
</KEYBINDING>
</INSTANCENAME>
<INSTANCE CLASSNAME="DCIM_SoftwareIdentity">
<PROPERTY NAME="BuildNumber" TYPE="uint16">
<VALUE>54</VALUE>
</PROPERTY>
<PROPERTY.ARRAY NAME="Classifications" TYPE="uint16">
<VALUE.ARRAY>
<VALUE>10</VALUE>

</VALUE.ARRAY>
</PROPERTY.ARRAY>
<PROPERTY NAME="ComponentID" TYPE="string">
<VALUE>25227</VALUE>
</PROPERTY>
<PROPERTY NAME="ComponentType" TYPE="string">
<VALUE>FRMW</VALUE>
</PROPERTY>
<PROPERTY NAME="DeviceID" TYPE="string">
<VALUE/>
</PROPERTY>
<PROPERTY NAME="ElementName" TYPE="string">
<VALUE>Integrated Dell Remote Access Controller</VALUE>
</PROPERTY>
<PROPERTY NAME="FQDD" TYPE="string">
<VALUE>iDRAC.Embedded.1-1</VALUE>
</PROPERTY>
<PROPERTY NAME="HashValue" TYPE="string">
<VALUE>45ca229db5cb1d91a35510f588dd2992343a3baba792a1fe05afde0296dfe34f</VALUE>
</PROPERTY>
<PROPERTY.ARRAY NAME="IdentityInfoType" TYPE="string">
<VALUE.ARRAY>
<VALUE>OrgID:ComponentType:ComponentID</VALUE>

</VALUE.ARRAY>
</PROPERTY.ARRAY>
<PROPERTY.ARRAY NAME="IdentityInfoValue" TYPE="string">
<VALUE.ARRAY>
<VALUE>DCIM:firmware:25227</VALUE>

</VALUE.ARRAY>
</PROPERTY.ARRAY>
<PROPERTY NAME="InstallationDate" TYPE="string">
<VALUE>2023-05-29T06:27:39Z</VALUE>
</PROPERTY>
<PROPERTY NAME="InstanceID" TYPE="string">
<VALUE>DCIM:INSTALLED#iDRAC.Embedded.1-1#IDRACinfo</VALUE>
</PROPERTY>
<PROPERTY NAME="IsEntity" TYPE="boolean">
<VALUE>1</VALUE>
</PROPERTY>
<PROPERTY NAME="MajorVersion" TYPE="uint16">
<VALUE>6</VALUE>
</PROPERTY>
<PROPERTY NAME="MinorVersion" TYPE="uint16">
<VALUE>10</VALUE>
</PROPERTY>
<PROPERTY NAME="PLDMCapabilitiesDuringUpdate" TYPE="string">
<VALUE>0x00000000</VALUE>
</PROPERTY>
<PROPERTY NAME="PLDMFDPCapabilitiesDuringUpdate" TYPE="string">
<VALUE>0x00000000</VALUE>
</PROPERTY>
<PROPERTY NAME="RevisionNumber" TYPE="uint16">
<VALUE>0</VALUE>
</PROPERTY>
<PROPERTY NAME="RevisionString" TYPE="string">
<VALUE/>
</PROPERTY>
<PROPERTY NAME="SidebandUpdateCapable" TYPE="boolean">
<VALUE>0</VALUE>
</PROPERTY>
<PROPERTY NAME="Status" TYPE="string">
<VALUE>Installed</VALUE>
</PROPERTY>
<PROPERTY NAME="SubDeviceID" TYPE="string">
<VALUE/>
</PROPERTY>
<PROPERTY NAME="SubVendorID" TYPE="string">
<VALUE/>
</PROPERTY>
<PROPERTY NAME="Updateable" TYPE="boolean">
<VALUE>1</VALUE>
</PROPERTY>
<PROPERTY NAME="VendorID" TYPE="string">
<VALUE/>
</PROPERTY>
<PROPERTY NAME="VersionString" TYPE="string">
<VALUE>6.10.00.00</VALUE>
</PROPERTY>
<PROPERTY NAME="impactsTPMmeasurements" TYPE="boolean">
<VALUE>0</VALUE>
</PROPERTY>
</INSTANCE>
</VALUE.NAMEDINSTANCE>
<VALUE.NAMEDINSTANCE>
<INSTANCENAME CLASSNAME="DCIM_SoftwareIdentity">
<KEYBINDING NAME="InstanceID">
<KEYVALUE VALUETYPE="string">DCIM:INSTALLED#701__NIC.Slot.8-1-1</KEYVALUE>
</KEYBINDING>
</INSTANCENAME>
<INSTANCE CLASSNAME="DCIM_SoftwareIdentity">
<PROPERTY NAME="BuildNumber" TYPE="uint16">
<VALUE>4</VALUE>
</PROPERTY>
<PROPERTY.ARRAY NAME="Classifications" TYPE="uint16">
<VALUE.ARRAY>
<VALUE>10</VALUE>

</VALUE.ARRAY>
</PROPERTY.ARRAY>
<PROPERTY NAME="ComponentID" TYPE="string">
<VALUE>104480</VALUE>
</PROPERTY>
<PROPERTY NAME="ComponentType" TYPE="string">
<VALUE>FRMW</VALUE>
</PROPERTY>
<PROPERTY NAME="DeviceID" TYPE="string">
<VALUE>1015</VALUE>
</PROPERTY>
<PROPERTY NAME="ElementName" TYPE="string">
<VALUE>Mellanox ConnectX-4 LX 25GbE SFP Adapter - E8:EB:D3:C7:16:9C</VALUE>
</PROPERTY>
<PROPERTY NAME="FQDD" TYPE="string">
<VALUE>NIC.Slot.8-1-1</VALUE>
</PROPERTY>
<PROPERTY NAME="HashValue" TYPE="string">
<VALUE>08de34ad0716ebe6bc1501f73725142f4ca96033761e907ce08ad31bdad3deb5</VALUE>
</PROPERTY>
<PROPERTY.ARRAY NAME="IdentityInfoType" TYPE="string">
<VALUE.ARRAY>
<VALUE>OrgID:ComponentType:VendorID:DeviceID:SubVendorID:SubDeviceID</VALUE>

</VALUE.ARRAY>
</PROPERTY.ARRAY>
<PROPERTY.ARRAY NAME="IdentityInfoValue" TYPE="string">
<VALUE.ARRAY>
<VALUE>DCIM:firmware:15B3:1015:15B3:0016</VALUE>

</VALUE.ARRAY>
</PROPERTY.ARRAY>
<PROPERTY NAME="InstallationDate" TYPE="string">
<VALUE>2023-05-29T06:28:22Z</VALUE>
</PROPERTY>
<PROPERTY NAME="InstanceID" TYPE="string">
<VALUE>DCIM:INSTALLED#701__NIC.Slot.8-1-1</VALUE>
</PROPERTY>
<PROPERTY NAME="IsEntity" TYPE="boolean">
<VALUE>1</VALUE>
</PROPERTY>
<PROPERTY NAME="MajorVersion" TYPE="uint16">
<VALUE>14</VALUE>
</PROPERTY>
<PROPERTY NAME="MinorVersion" TYPE="uint16">
<VALUE>32</VALUE>
</PROPERTY>
<PROPERTY NAME="PLDMCapabilitiesDuringUpdate" TYPE="string">
<VALUE>0x00000000</VALUE>
</PROPERTY>
<PROPERTY NAME="PLDMFDPCapabilitiesDuringUpdate" TYPE="string">
<VALUE>0x00000000</VALUE>
</PROPERTY>
<PROPERTY NAME="RevisionNumber" TYPE="uint16">
<VALUE>20</VALUE>
</PROPERTY>
<PROPERTY NAME="RevisionString" TYPE="string">
<VALUE/>
</PROPERTY>
<PROPERTY NAME="SidebandUpdateCapable" TYPE="boolean">
<VALUE>0</VALUE>
</PROPERTY>
<PROPERTY NAME="Status" TYPE="string">
<VALUE>Installed</VALUE>
</PROPERTY>
<PROPERTY NAME="SubDeviceID" TYPE="string">
<VALUE>0016</VALUE>
</PROPERTY>
<PROPERTY NAME="SubVendorID" TYPE="string">
<VALUE>15B3</VALUE>
</PROPERTY>
<PROPERTY NAME="Updateable" TYPE="boolean">
<VALUE>1</VALUE>
</PROPERTY>
<PROPERTY NAME="VendorID" TYPE="string">
<VALUE>15B3</VALUE>
</PROPERTY>
<PROPERTY NAME="VersionString" TYPE="string">
<VALUE>14.32.20.04</VALUE>
</PROPERTY>
<PROPERTY NAME="impactsTPMmeasurements" TYPE="boolean">
<VALUE>1</VALUE>
</PROPERTY>
</INSTANCE>
</VALUE.NAMEDINSTANCE>
<VALUE.NAMEDINSTANCE>
<INSTANCENAME CLASSNAME="DCIM_SoftwareIdentity">
<KEYBINDING NAME="InstanceID">
<KEYVALUE VALUETYPE="string">DCIM:INSTALLED#701__NIC.Slot.8-2-1</KEYVALUE>
</KEYBINDING>
</INSTANCENAME>
<INSTANCE CLASSNAME="DCIM_SoftwareIdentity">
<PROPERTY NAME="BuildNumber" TYPE="uint16">
<VALUE>4</VALUE>
</PROPERTY>
<PROPERTY.ARRAY NAME="Classifications" TYPE="uint16">
<VALUE.ARRAY>
<VALUE>10</VALUE>

</VALUE.ARRAY>
</PROPERTY.ARRAY>
<PROPERTY NAME="ComponentID" TYPE="string">
<VALUE>104480</VALUE>
</PROPERTY>
<PROPERTY NAME="ComponentType" TYPE="string">
<VALUE>FRMW</VALUE>
</PROPERTY>
<PROPERTY NAME="DeviceID" TYPE="string">
<VALUE>1015</VALUE>
</PROPERTY>
<PROPERTY NAME="ElementName" TYPE="string">
<VALUE>Mellanox ConnectX-4 LX 25GbE SFP Adapter - E8:EB:D3:C7:16:9D</VALUE>
</PROPERTY>
<PROPERTY NAME="FQDD" TYPE="string">
<VALUE>NIC.Slot.8-2-1</VALUE>
</PROPERTY>
<PROPERTY NAME="HashValue" TYPE="string">
<VALUE>08de34ad0716ebe6bc1501f73725142f4ca96033761e907ce08ad31bdad3deb5</VALUE>
</PROPERTY>
<PROPERTY.ARRAY NAME="IdentityInfoType" TYPE="string">
<VALUE.ARRAY>
<VALUE>OrgID:ComponentType:VendorID:DeviceID:SubVendorID:SubDeviceID</VALUE>

</VALUE.ARRAY>
</PROPERTY.ARRAY>
<PROPERTY.ARRAY NAME="IdentityInfoValue" TYPE="string">
<VALUE.ARRAY>
<VALUE>DCIM:firmware:15B3:1015:15B3:0016</VALUE>

</VALUE.ARRAY>
</PROPERTY.ARRAY>
<PROPERTY NAME="InstallationDate" TYPE="string">
<VALUE>2023-05-29T06:28:23Z</VALUE>
</PROPERTY>
<PROPERTY NAME="InstanceID" TYPE="string">
<VALUE>DCIM:INSTALLED#701__NIC.Slot.8-2-1</VALUE>
</PROPERTY>
<PROPERTY NAME="IsEntity" TYPE="boolean">
<VALUE>1</VALUE>
</PROPERTY>
<PROPERTY NAME="MajorVersion" TYPE="uint16">
<VALUE>14</VALUE>
</PROPERTY>
<PROPERTY NAME="MinorVersion" TYPE="uint16">
<VALUE>32</VALUE>
</PROPERTY>
<PROPERTY NAME="PLDMCapabilitiesDuringUpdate" TYPE="string">
<VALUE>0x00000000</VALUE>
</PROPERTY>
<PROPERTY NAME="PLDMFDPCapabilitiesDuringUpdate" TYPE="string">
<VALUE>0x00000000</VALUE>
</PROPERTY>
<PROPERTY NAME="RevisionNumber" TYPE="uint16">
<VALUE>20</VALUE>
</PROPERTY>
<PROPERTY NAME="RevisionString" TYPE="string">
<VALUE/>
</PROPERTY>
<PROPERTY NAME="SidebandUpdateCapable" TYPE="boolean">
<VALUE>0</VALUE>
</PROPERTY>
<PROPERTY NAME="Status" TYPE="string">
<VALUE>Installed</VALUE>
</PROPERTY>
<PROPERTY NAME="SubDeviceID" TYPE="string">
<VALUE>0016</VALUE>
</PROPERTY>
<PROPERTY NAME="SubVendorID" TYPE="string">
<VALUE>15B3</VALUE>
</PROPERTY>
<PROPERTY NAME="Updateable" TYPE="boolean">
<VALUE>1</VALUE>
</PROPERTY>
<PROPERTY NAME="VendorID" TYPE="string">
<VALUE>15B3</VALUE>
</PROPERTY>
<PROPERTY NAME="VersionString" TYPE="string">
<VALUE>14.32.20.04</VALUE>
</PROPERTY>
<PROPERTY NAME="impactsTPMmeasurements" TYPE="boolean">
<VALUE>1</VALUE>
</PROPERTY>
</INSTANCE>
</VALUE.NAMEDINSTANCE>
<VALUE.NAMEDINSTANCE>
<INSTANCENAME CLASSNAME="DCIM_SoftwareIdentity">
<KEYBINDING NAME="InstanceID">
<KEYVALUE VALUETYPE="string">DCIM:INSTALLED#701__NIC.Integrated.1-1-1</KEYVALUE>
</KEYBINDING>
</INSTANCENAME>
<INSTANCE CLASSNAME="DCIM_SoftwareIdentity">
<PROPERTY NAME="BuildNumber" TYPE="uint16">
<VALUE>4</VALUE>
</PROPERTY>
<PROPERTY.ARRAY NAME="Classifications" TYPE="uint16">
<VALUE.ARRAY>
<VALUE>10</VALUE>

</VALUE.ARRAY>
</PROPERTY.ARRAY>
<PROPERTY NAME="ComponentID" TYPE="string">
<VALUE>104490</VALUE>
</PROPERTY>
<PROPERTY NAME="ComponentType" TYPE="string">
<VALUE>FRMW</VALUE>
</PROPERTY>
<PROPERTY NAME="DeviceID" TYPE="string">
<VALUE>1015</VALUE>
</PROPERTY>
<PROPERTY NAME="ElementName" TYPE="string">
<VALUE>Mellanox ConnectX-4 LX 25GbE SFP Rack NDC - E8:EB:D3:44:17:A0</VALUE>
</PROPERTY>
<PROPERTY NAME="FQDD" TYPE="string">
<VALUE>NIC.Integrated.1-1-1</VALUE>
</PROPERTY>
<PROPERTY NAME="HashValue" TYPE="string">
<VALUE>08de34ad0716ebe6bc1501f73725142f4ca96033761e907ce08ad31bdad3deb5</VALUE>
</PROPERTY>
<PROPERTY.ARRAY NAME="IdentityInfoType" TYPE="string">
<VALUE.ARRAY>
<VALUE>OrgID:ComponentType:VendorID:DeviceID:SubVendorID:SubDeviceID</VALUE>

</VALUE.ARRAY>
</PROPERTY.ARRAY>
<PROPERTY.ARRAY NAME="IdentityInfoValue" TYPE="string">
<VALUE.ARRAY>
<VALUE>DCIM:firmware:15B3:1015:15B3:0025</VALUE>

</VALUE.ARRAY>
</PROPERTY.ARRAY>
<PROPERTY NAME="InstallationDate" TYPE="string">
<VALUE>2023-05-29T06:28:26Z</VALUE>
</PROPERTY>
<PROPERTY NAME="InstanceID" TYPE="string">
<VALUE>DCIM:INSTALLED#701__NIC.Integrated.1-1-1</VALUE>
</PROPERTY>
<PROPERTY NAME="IsEntity" TYPE="boolean">
<VALUE>1</VALUE>
</PROPERTY>
<PROPERTY NAME="MajorVersion" TYPE="uint16">
<VALUE>14</VALUE>
</PROPERTY>
<PROPERTY NAME="MinorVersion" TYPE="uint16">
<VALUE>32</VALUE>
</PROPERTY>
<PROPERTY NAME="PLDMCapabilitiesDuringUpdate" TYPE="string">
<VALUE>0x00000000</VALUE>
</PROPERTY>
<PROPERTY NAME="PLDMFDPCapabilitiesDuringUpdate" TYPE="string">
<VALUE>0x00000000</VALUE>
</PROPERTY>
<PROPERTY NAME="RevisionNumber" TYPE="uint16">
<VALUE>20</VALUE>
</PROPERTY>
<PROPERTY NAME="RevisionString" TYPE="string">
<VALUE/>
</PROPERTY>
<PROPERTY NAME="SidebandUpdateCapable" TYPE="boolean">
<VALUE>0</VALUE>
</PROPERTY>
<PROPERTY NAME="Status" TYPE="string">
<VALUE>Installed</VALUE>
</PROPERTY>
<PROPERTY NAME="SubDeviceID" TYPE="string">
<VALUE>0025</VALUE>
</PROPERTY>
<PROPERTY NAME="SubVendorID" TYPE="string">
<VALUE>15B3</VALUE>
</PROPERTY>
<PROPERTY NAME="Updateable" TYPE="boolean">
<VALUE>1</VALUE>
</PROPERTY>
<PROPERTY NAME="VendorID" TYPE="string">
<VALUE>15B3</VALUE>
</PROPERTY>
<PROPERTY NAME="VersionString" TYPE="string">
<VALUE>14.32.20.04</VALUE>
</PROPERTY>
<PROPERTY NAME="impactsTPMmeasurements" TYPE="boolean">
<VALUE>1</VALUE>
</PROPERTY>
</INSTANCE>
</VALUE.NAMEDINSTANCE>
<VALUE.NAMEDINSTANCE>
<INSTANCENAME CLASSNAME="DCIM_SoftwareIdentity">
<KEYBINDING NAME="InstanceID">
<KEYVALUE VALUETYPE="string">DCIM:INSTALLED#701__NIC.Integrated.1-2-1</KEYVALUE>
</KEYBINDING>
</INSTANCENAME>
<INSTANCE CLASSNAME="DCIM_SoftwareIdentity">
<PROPERTY NAME="BuildNumber" TYPE="uint16">
<VALUE>4</VALUE>
</PROPERTY>
<PROPERTY.ARRAY NAME="Classifications" TYPE="uint16">
<VALUE.ARRAY>
<VALUE>10</VALUE>

</VALUE.ARRAY>
</PROPERTY.ARRAY>
<PROPERTY NAME="ComponentID" TYPE="string">
<VALUE>104490</VALUE>
</PROPERTY>
<PROPERTY NAME="ComponentType" TYPE="string">
<VALUE>FRMW</VALUE>
</PROPERTY>
<PROPERTY NAME="DeviceID" TYPE="string">
<VALUE>1015</VALUE>
</PROPERTY>
<PROPERTY NAME="ElementName" TYPE="string">
<VALUE>Mellanox ConnectX-4 LX 25GbE SFP Rack NDC - E8:EB:D3:44:17:A1</VALUE>
</PROPERTY>
<PROPERTY NAME="FQDD" TYPE="string">
<VALUE>NIC.Integrated.1-2-1</VALUE>
</PROPERTY>
<PROPERTY NAME="HashValue" TYPE="string">
<VALUE>08de34ad0716ebe6bc1501f73725142f4ca96033761e907ce08ad31bdad3deb5</VALUE>
</PROPERTY>
<PROPERTY.ARRAY NAME="IdentityInfoType" TYPE="string">
<VALUE.ARRAY>
<VALUE>OrgID:ComponentType:VendorID:DeviceID:SubVendorID:SubDeviceID</VALUE>

</VALUE.ARRAY>
</PROPERTY.ARRAY>
<PROPERTY.ARRAY NAME="IdentityInfoValue" TYPE="string">
<VALUE.ARRAY>
<VALUE>DCIM:firmware:15B3:1015:15B3:0025</VALUE>

</VALUE.ARRAY>
</PROPERTY.ARRAY>
<PROPERTY NAME="InstallationDate" TYPE="string">
<VALUE>2023-05-29T06:28:29Z</VALUE>
</PROPERTY>
<PROPERTY NAME="InstanceID" TYPE="string">
<VALUE>DCIM:INSTALLED#701__NIC.Integrated.1-2-1</VALUE>
</PROPERTY>
<PROPERTY NAME="IsEntity" TYPE="boolean">
<VALUE>1</VALUE>
</PROPERTY>
<PROPERTY NAME="MajorVersion" TYPE="uint16">
<VALUE>14</VALUE>
</PROPERTY>
<PROPERTY NAME="MinorVersion" TYPE="uint16">
<VALUE>32</VALUE>
</PROPERTY>
<PROPERTY NAME="PLDMCapabilitiesDuringUpdate" TYPE="string">
<VALUE>0x00000000</VALUE>
</PROPERTY>
<PROPERTY NAME="PLDMFDPCapabilitiesDuringUpdate" TYPE="string">
<VALUE>0x00000000</VALUE>
</PROPERTY>
<PROPERTY NAME="RevisionNumber" TYPE="uint16">
<VALUE>20</VALUE>
</PROPERTY>
<PROPERTY NAME="RevisionString" TYPE="string">
<VALUE/>
</PROPERTY>
<PROPERTY NAME="SidebandUpdateCapable" TYPE="boolean">
<VALUE>0</VALUE>
</PROPERTY>
<PROPERTY NAME="Status" TYPE="string">
<VALUE>Installed</VALUE>
</PROPERTY>
<PROPERTY NAME="SubDeviceID" TYPE="string">
<VALUE>0025</VALUE>
</PROPERTY>
<PROPERTY NAME="SubVendorID" TYPE="string">
<VALUE>15B3</VALUE>
</PROPERTY>
<PROPERTY NAME="Updateable" TYPE="boolean">
<VALUE>1</VALUE>
</PROPERTY>
<PROPERTY NAME="VendorID" TYPE="string">
<VALUE>15B3</VALUE>
</PROPERTY>
<PROPERTY NAME="VersionString" TYPE="string">
<VALUE>14.32.20.04</VALUE>
</PROPERTY>
<PROPERTY NAME="impactsTPMmeasurements" TYPE="boolean">
<VALUE>1</VALUE>
</PROPERTY>
</INSTANCE>
</VALUE.NAMEDINSTANCE>
<VALUE.NAMEDINSTANCE>
<INSTANCENAME CLASSNAME="DCIM_SoftwareIdentity">
<KEYBINDING NAME="InstanceID">
<KEYVALUE VALUETYPE="string">DCIM:CURRENT#701__NIC.Slot.8-1-1</KEYVALUE>
</KEYBINDING>
</INSTANCENAME>
<INSTANCE CLASSNAME="DCIM_SoftwareIdentity">
<PROPERTY NAME="BuildNumber" TYPE="uint16">
<VALUE>4</VALUE>
</PROPERTY>
<PROPERTY.ARRAY NAME="Classifications" TYPE="uint16">
<VALUE.ARRAY>
<VALUE>10</VALUE>

</VALUE.ARRAY>
</PROPERTY.ARRAY>
<PROPERTY NAME="ComponentID" TYPE="string">
<VALUE>104480</VALUE>
</PROPERTY>
<PROPERTY NAME="ComponentType" TYPE="string">
<VALUE>FRMW</VALUE>
</PROPERTY>
<PROPERTY NAME="DeviceID" TYPE="string">
<VALUE>1015</VALUE>
</PROPERTY>
<PROPERTY NAME="ElementName" TYPE="string">
<VALUE>Mellanox ConnectX-4 LX 25GbE SFP Adapter - E8:EB:D3:C7:16:9C</VALUE>
</PROPERTY>
<PROPERTY NAME="FQDD" TYPE="string">
<VALUE>NIC.Slot.8-1-1</VALUE>
</PROPERTY>
<PROPERTY NAME="HashValue" TYPE="string">
<VALUE>08de34ad0716ebe6bc1501f73725142f4ca96033761e907ce08ad31bdad3deb5</VALUE>
</PROPERTY>
<PROPERTY.ARRAY NAME="IdentityInfoType" TYPE="string">
<VALUE.ARRAY>
<VALUE>OrgID:ComponentType:VendorID:DeviceID:SubVendorID:SubDeviceID</VALUE>

</VALUE.ARRAY>
</PROPERTY.ARRAY>
<PROPERTY.ARRAY NAME="IdentityInfoValue" TYPE="string">
<VALUE.ARRAY>
<VALUE>DCIM:firmware:15B3:1015:15B3:0016</VALUE>

</VALUE.ARRAY>
</PROPERTY.ARRAY>
<PROPERTY NAME="InstallationDate" TYPE="string">
<VALUE>NA</VALUE>
</PROPERTY>
<PROPERTY NAME="InstanceID" TYPE="string">
<VALUE>DCIM:CURRENT#701__NIC.Slot.8-1-1</VALUE>
</PROPERTY>
<PROPERTY NAME="IsEntity" TYPE="boolean">
<VALUE>1</VALUE>
</PROPERTY>
<PROPERTY NAME="MajorVersion" TYPE="uint16">
<VALUE>14</VALUE>
</PROPERTY>
<PROPERTY NAME="MinorVersion" TYPE="uint16">
<VALUE>32</VALUE>
</PROPERTY>
<PROPERTY NAME="PLDMCapabilitiesDuringUpdate" TYPE="string">
<VALUE>0x00000000</VALUE>
</PROPERTY>
<PROPERTY NAME="PLDMFDPCapabilitiesDuringUpdate" TYPE="string">
<VALUE>0x00000000</VALUE>
</PROPERTY>
<PROPERTY NAME="RevisionNumber" TYPE="uint16">
<VALUE>20</VALUE>
</PROPERTY>
<PROPERTY NAME="RevisionString" TYPE="string">
<VALUE/>
</PROPERTY>
<PROPERTY NAME="SidebandUpdateCapable" TYPE="boolean">
<VALUE>0</VALUE>
</PROPERTY>
<PROPERTY NAME="Status" TYPE="string">
<VALUE>Available</VALUE>
</PROPERTY>
<PROPERTY NAME="SubDeviceID" TYPE="string">
<VALUE>0016</VALUE>
</PROPERTY>
<PROPERTY NAME="SubVendorID" TYPE="string">
<VALUE>15B3</VALUE>
</PROPERTY>
<PROPERTY NAME="Updateable" TYPE="boolean">
<VALUE>1</VALUE>
</PROPERTY>
<PROPERTY NAME="VendorID" TYPE="string">
<VALUE>15B3</VALUE>
</PROPERTY>
<PROPERTY NAME="VersionString" TYPE="string">
<VALUE>14.32.20.04</VALUE>
</PROPERTY>
<PROPERTY NAME="impactsTPMmeasurements" TYPE="boolean">
<VALUE>1</VALUE>
</PROPERTY>
</INSTANCE>
</VALUE.NAMEDINSTANCE>
<VALUE.NAMEDINSTANCE>
<INSTANCENAME CLASSNAME="DCIM_SoftwareIdentity">
<KEYBINDING NAME="InstanceID">
<KEYVALUE VALUETYPE="string">DCIM:CURRENT#701__NIC.Slot.8-2-1</KEYVALUE>
</KEYBINDING>
</INSTANCENAME>
<INSTANCE CLASSNAME="DCIM_SoftwareIdentity">
<PROPERTY NAME="BuildNumber" TYPE="uint16">
<VALUE>4</VALUE>
</PROPERTY>
<PROPERTY.ARRAY NAME="Classifications" TYPE="uint16">
<VALUE.ARRAY>
<VALUE>10</VALUE>

</VALUE.ARRAY>
</PROPERTY.ARRAY>
<PROPERTY NAME="ComponentID" TYPE="string">
<VALUE>104480</VALUE>
</PROPERTY>
<PROPERTY NAME="ComponentType" TYPE="string">
<VALUE>FRMW</VALUE>
</PROPERTY>
<PROPERTY NAME="DeviceID" TYPE="string">
<VALUE>1015</VALUE>
</PROPERTY>
<PROPERTY NAME="ElementName" TYPE="string">
<VALUE>Mellanox ConnectX-4 LX 25GbE SFP Adapter - E8:EB:D3:C7:16:9D</VALUE>
</PROPERTY>
<PROPERTY NAME="FQDD" TYPE="string">
<VALUE>NIC.Slot.8-2-1</VALUE>
</PROPERTY>
<PROPERTY NAME="HashValue" TYPE="string">
<VALUE>08de34ad0716ebe6bc1501f73725142f4ca96033761e907ce08ad31bdad3deb5</VALUE>
</PROPERTY>
<PROPERTY.ARRAY NAME="IdentityInfoType" TYPE="string">
<VALUE.ARRAY>
<VALUE>OrgID:ComponentType:VendorID:DeviceID:SubVendorID:SubDeviceID</VALUE>

</VALUE.ARRAY>
</PROPERTY.ARRAY>
<PROPERTY.ARRAY NAME="IdentityInfoValue" TYPE="string">
<VALUE.ARRAY>
<VALUE>DCIM:firmware:15B3:1015:15B3:0016</VALUE>

</VALUE.ARRAY>
</PROPERTY.ARRAY>
<PROPERTY NAME="InstallationDate" TYPE="string">
<VALUE>NA</VALUE>
</PROPERTY>
<PROPERTY NAME="InstanceID" TYPE="string">
<VALUE>DCIM:CURRENT#701__NIC.Slot.8-2-1</VALUE>
</PROPERTY>
<PROPERTY NAME="IsEntity" TYPE="boolean">
<VALUE>1</VALUE>
</PROPERTY>
<PROPERTY NAME="MajorVersion" TYPE="uint16">
<VALUE>14</VALUE>
</PROPERTY>
<PROPERTY NAME="MinorVersion" TYPE="uint16">
<VALUE>32</VALUE>
</PROPERTY>
<PROPERTY NAME="PLDMCapabilitiesDuringUpdate" TYPE="string">
<VALUE>0x00000000</VALUE>
</PROPERTY>
<PROPERTY NAME="PLDMFDPCapabilitiesDuringUpdate" TYPE="string">
<VALUE>0x00000000</VALUE>
</PROPERTY>
<PROPERTY NAME="RevisionNumber" TYPE="uint16">
<VALUE>20</VALUE>
</PROPERTY>
<PROPERTY NAME="RevisionString" TYPE="string">
<VALUE/>
</PROPERTY>
<PROPERTY NAME="SidebandUpdateCapable" TYPE="boolean">
<VALUE>0</VALUE>
</PROPERTY>
<PROPERTY NAME="Status" TYPE="string">
<VALUE>Available</VALUE>
</PROPERTY>
<PROPERTY NAME="SubDeviceID" TYPE="string">
<VALUE>0016</VALUE>
</PROPERTY>
<PROPERTY NAME="SubVendorID" TYPE="string">
<VALUE>15B3</VALUE>
</PROPERTY>
<PROPERTY NAME="Updateable" TYPE="boolean">
<VALUE>1</VALUE>
</PROPERTY>
<PROPERTY NAME="VendorID" TYPE="string">
<VALUE>15B3</VALUE>
</PROPERTY>
<PROPERTY NAME="VersionString" TYPE="string">
<VALUE>14.32.20.04</VALUE>
</PROPERTY>
<PROPERTY NAME="impactsTPMmeasurements" TYPE="boolean">
<VALUE>1</VALUE>
</PROPERTY>
</INSTANCE>
</VALUE.NAMEDINSTANCE>
<VALUE.NAMEDINSTANCE>
<INSTANCENAME CLASSNAME="DCIM_SoftwareIdentity">
<KEYBINDING NAME="InstanceID">
<KEYVALUE VALUETYPE="string">DCIM:CURRENT#701__NIC.Integrated.1-1-1</KEYVALUE>
</KEYBINDING>
</INSTANCENAME>
<INSTANCE CLASSNAME="DCIM_SoftwareIdentity">
<PROPERTY NAME="BuildNumber" TYPE="uint16">
<VALUE>4</VALUE>
</PROPERTY>
<PROPERTY.ARRAY NAME="Classifications" TYPE="uint16">
<VALUE.ARRAY>
<VALUE>10</VALUE>

</VALUE.ARRAY>
</PROPERTY.ARRAY>
<PROPERTY NAME="ComponentID" TYPE="string">
<VALUE>104490</VALUE>
</PROPERTY>
<PROPERTY NAME="ComponentType" TYPE="string">
<VALUE>FRMW</VALUE>
</PROPERTY>
<PROPERTY NAME="DeviceID" TYPE="string">
<VALUE>1015</VALUE>
</PROPERTY>
<PROPERTY NAME="ElementName" TYPE="string">
<VALUE>Mellanox ConnectX-4 LX 25GbE SFP Rack NDC - E8:EB:D3:44:17:A0</VALUE>
</PROPERTY>
<PROPERTY NAME="FQDD" TYPE="string">
<VALUE>NIC.Integrated.1-1-1</VALUE>
</PROPERTY>
<PROPERTY NAME="HashValue" TYPE="string">
<VALUE>08de34ad0716ebe6bc1501f73725142f4ca96033761e907ce08ad31bdad3deb5</VALUE>
</PROPERTY>
<PROPERTY.ARRAY NAME="IdentityInfoType" TYPE="string">
<VALUE.ARRAY>
<VALUE>OrgID:ComponentType:VendorID:DeviceID:SubVendorID:SubDeviceID</VALUE>

</VALUE.ARRAY>
</PROPERTY.ARRAY>
<PROPERTY.ARRAY NAME="IdentityInfoValue" TYPE="string">
<VALUE.ARRAY>
<VALUE>DCIM:firmware:15B3:1015:15B3:0025</VALUE>

</VALUE.ARRAY>
</PROPERTY.ARRAY>
<PROPERTY NAME="InstallationDate" TYPE="string">
<VALUE>NA</VALUE>
</PROPERTY>
<PROPERTY NAME="InstanceID" TYPE="string">
<VALUE>DCIM:CURRENT#701__NIC.Integrated.1-1-1</VALUE>
</PROPERTY>
<PROPERTY NAME="IsEntity" TYPE="boolean">
<VALUE>1</VALUE>
</PROPERTY>
<PROPERTY NAME="MajorVersion" TYPE="uint16">
<VALUE>14</VALUE>
</PROPERTY>
<PROPERTY NAME="MinorVersion" TYPE="uint16">
<VALUE>32</VALUE>
</PROPERTY>
<PROPERTY NAME="PLDMCapabilitiesDuringUpdate" TYPE="string">
<VALUE>0x00000000</VALUE>
</PROPERTY>
<PROPERTY NAME="PLDMFDPCapabilitiesDuringUpdate" TYPE="string">
<VALUE>0x00000000</VALUE>
</PROPERTY>
<PROPERTY NAME="RevisionNumber" TYPE="uint16">
<VALUE>20</VALUE>
</PROPERTY>
<PROPERTY NAME="RevisionString" TYPE="string">
<VALUE/>
</PROPERTY>
<PROPERTY NAME="SidebandUpdateCapable" TYPE="boolean">
<VALUE>0</VALUE>
</PROPERTY>
<PROPERTY NAME="Status" TYPE="string">
<VALUE>Available</VALUE>
</PROPERTY>
<PROPERTY NAME="SubDeviceID" TYPE="string">
<VALUE>0025</VALUE>
</PROPERTY>
<PROPERTY NAME="SubVendorID" TYPE="string">
<VALUE>15B3</VALUE>
</PROPERTY>
<PROPERTY NAME="Updateable" TYPE="boolean">
<VALUE>1</VALUE>
</PROPERTY>
<PROPERTY NAME="VendorID" TYPE="string">
<VALUE>15B3</VALUE>
</PROPERTY>
<PROPERTY NAME="VersionString" TYPE="string">
<VALUE>14.32.20.04</VALUE>
</PROPERTY>
<PROPERTY NAME="impactsTPMmeasurements" TYPE="boolean">
<VALUE>1</VALUE>
</PROPERTY>
</INSTANCE>
</VALUE.NAMEDINSTANCE>
<VALUE.NAMEDINSTANCE>
<INSTANCENAME CLASSNAME="DCIM_SoftwareIdentity">
<KEYBINDING NAME="InstanceID">
<KEYVALUE VALUETYPE="string">DCIM:CURRENT#701__NIC.Integrated.1-2-1</KEYVALUE>
</KEYBINDING>
</INSTANCENAME>
<INSTANCE CLASSNAME="DCIM_SoftwareIdentity">
<PROPERTY NAME="BuildNumber" TYPE="uint16">
<VALUE>4</VALUE>
</PROPERTY>
<PROPERTY.ARRAY NAME="Classifications" TYPE="uint16">
<VALUE.ARRAY>
<VALUE>10</VALUE>

</VALUE.ARRAY>
</PROPERTY.ARRAY>
<PROPERTY NAME="ComponentID" TYPE="string">
<VALUE>104490</VALUE>
</PROPERTY>
<PROPERTY NAME="ComponentType" TYPE="string">
<VALUE>FRMW</VALUE>
</PROPERTY>
<PROPERTY NAME="DeviceID" TYPE="string">
<VALUE>1015</VALUE>
</PROPERTY>
<PROPERTY NAME="ElementName" TYPE="string">
<VALUE>Mellanox ConnectX-4 LX 25GbE SFP Rack NDC - E8:EB:D3:44:17:A1</VALUE>
</PROPERTY>
<PROPERTY NAME="FQDD" TYPE="string">
<VALUE>NIC.Integrated.1-2-1</VALUE>
</PROPERTY>
<PROPERTY NAME="HashValue" TYPE="string">
<VALUE>08de34ad0716ebe6bc1501f73725142f4ca96033761e907ce08ad31bdad3deb5</VALUE>
</PROPERTY>
<PROPERTY.ARRAY NAME="IdentityInfoType" TYPE="string">
<VALUE.ARRAY>
<VALUE>OrgID:ComponentType:VendorID:DeviceID:SubVendorID:SubDeviceID</VALUE>

</VALUE.ARRAY>
</PROPERTY.ARRAY>
<PROPERTY.ARRAY NAME="IdentityInfoValue" TYPE="string">
<VALUE.ARRAY>
<VALUE>DCIM:firmware:15B3:1015:15B3:0025</VALUE>

</VALUE.ARRAY>
</PROPERTY.ARRAY>
<PROPERTY NAME="InstallationDate" TYPE="string">
<VALUE>NA</VALUE>
</PROPERTY>
<PROPERTY NAME="InstanceID" TYPE="string">
<VALUE>DCIM:CURRENT#701__NIC.Integrated.1-2-1</VALUE>
</PROPERTY>
<PROPERTY NAME="IsEntity" TYPE="boolean">
<VALUE>1</VALUE>
</PROPERTY>
<PROPERTY NAME="MajorVersion" TYPE="uint16">
<VALUE>14</VALUE>
</PROPERTY>
<PROPERTY NAME="MinorVersion" TYPE="uint16">
<VALUE>32</VALUE>
</PROPERTY>
<PROPERTY NAME="PLDMCapabilitiesDuringUpdate" TYPE="string">
<VALUE>0x00000000</VALUE>
</PROPERTY>
<PROPERTY NAME="PLDMFDPCapabilitiesDuringUpdate" TYPE="string">
<VALUE>0x00000000</VALUE>
</PROPERTY>
<PROPERTY NAME="RevisionNumber" TYPE="uint16">
<VALUE>20</VALUE>
</PROPERTY>
<PROPERTY NAME="RevisionString" TYPE="string">
<VALUE/>
</PROPERTY>
<PROPERTY NAME="SidebandUpdateCapable" TYPE="boolean">
<VALUE>0</VALUE>
</PROPERTY>
<PROPERTY NAME="Status" TYPE="string">
<VALUE>Available</VALUE>
</PROPERTY>
<PROPERTY NAME="SubDeviceID" TYPE="string">
<VALUE>0025</VALUE>
</PROPERTY>
<PROPERTY NAME="SubVendorID" TYPE="string">
<VALUE>15B3</VALUE>
</PROPERTY>
<PROPERTY NAME="Updateable" TYPE="boolean">
<VALUE>1</VALUE>
</PROPERTY>
<PROPERTY NAME="VendorID" TYPE="string">
<VALUE>15B3</VALUE>
</PROPERTY>
<PROPERTY NAME="VersionString" TYPE="string">
<VALUE>14.32.20.04</VALUE>
</PROPERTY>
<PROPERTY NAME="impactsTPMmeasurements" TYPE="boolean">
<VALUE>1</VALUE>
</PROPERTY>
</INSTANCE>
</VALUE.NAMEDINSTANCE>
<VALUE.NAMEDINSTANCE>
<INSTANCENAME CLASSNAME="DCIM_SoftwareIdentity">
<KEYBINDING NAME="InstanceID">
<KEYVALUE VALUETYPE="string">DCIM:INSTALLED#721__FC.Slot.1-1</KEYVALUE>
</KEYBINDING>
</INSTANCENAME>
<INSTANCE CLASSNAME="DCIM_SoftwareIdentity">
<PROPERTY NAME="BuildNumber" TYPE="uint16">
<VALUE>0</VALUE>
</PROPERTY>
<PROPERTY.ARRAY NAME="Classifications" TYPE="uint16">
<VALUE.ARRAY>
<VALUE>10</VALUE>

</VALUE.ARRAY>
</PROPERTY.ARRAY>
<PROPERTY NAME="ComponentID" TYPE="string">
<VALUE>104675</VALUE>
</PROPERTY>
<PROPERTY NAME="ComponentType" TYPE="string">
<VALUE>FRMW</VALUE>
</PROPERTY>
<PROPERTY NAME="DeviceID" TYPE="string">
<VALUE>E300</VALUE>
</PROPERTY>
<PROPERTY NAME="ElementName" TYPE="string">
<VALUE>Emulex LightPulse LPe31002-M6-D 2-Port 16Gb Fibre Channel Adapter</VALUE>
</PROPERTY>
<PROPERTY NAME="FQDD" TYPE="string">
<VALUE>FC.Slot.1-1</VALUE>
</PROPERTY>
<PROPERTY NAME="HashValue" TYPE="string">
<VALUE>abcac0c8fbea9caf7e417280ecc4f716c87061ec9ea8e4a6ba08c7fa476dc029</VALUE>
</PROPERTY>
<PROPERTY.ARRAY NAME="IdentityInfoType" TYPE="string">
<VALUE.ARRAY>
<VALUE>OrgID:ComponentType:VendorID:DeviceID:SubVendorID:SubDeviceID</VALUE>

</VALUE.ARRAY>
</PROPERTY.ARRAY>
<PROPERTY.ARRAY NAME="IdentityInfoValue" TYPE="string">
<VALUE.ARRAY>
<VALUE>DCIM:firmware:10DF:E300:10DF:E322</VALUE>

</VALUE.ARRAY>
</PROPERTY.ARRAY>
<PROPERTY NAME="InstallationDate" TYPE="string">
<VALUE>2023-05-29T06:28:22Z</VALUE>
</PROPERTY>
<PROPERTY NAME="InstanceID" TYPE="string">
<VALUE>DCIM:INSTALLED#721__FC.Slot.1-1</VALUE>
</PROPERTY>
<PROPERTY NAME="IsEntity" TYPE="boolean">
<VALUE>1</VALUE>
</PROPERTY>
<PROPERTY NAME="MajorVersion" TYPE="uint16">
<VALUE>3</VALUE>
</PROPERTY>
<PROPERTY NAME="MinorVersion" TYPE="uint16">
<VALUE>6</VALUE>
</PROPERTY>
<PROPERTY NAME="PLDMCapabilitiesDuringUpdate" TYPE="string">
<VALUE>0x00000000</VALUE>
</PROPERTY>
<PROPERTY NAME="PLDMFDPCapabilitiesDuringUpdate" TYPE="string">
<VALUE>0x00000000</VALUE>
</PROPERTY>
<PROPERTY NAME="RevisionNumber" TYPE="uint16">
<VALUE>55</VALUE>
</PROPERTY>
<PROPERTY NAME="RevisionString" TYPE="string">
<VALUE/>
</PROPERTY>
<PROPERTY NAME="SidebandUpdateCapable" TYPE="boolean">
<VALUE>0</VALUE>
</PROPERTY>
<PROPERTY NAME="Status" TYPE="string">
<VALUE>Installed</VALUE>
</PROPERTY>
<PROPERTY NAME="SubDeviceID" TYPE="string">
<VALUE>E322</VALUE>
</PROPERTY>
<PROPERTY NAME="SubVendorID" TYPE="string">
<VALUE>10DF</VALUE>
</PROPERTY>
<PROPERTY NAME="Updateable" TYPE="boolean">
<VALUE>1</VALUE>
</PROPERTY>
<PROPERTY NAME="VendorID" TYPE="string">
<VALUE>10DF</VALUE>
</PROPERTY>
<PROPERTY NAME="VersionString" TYPE="string">
<VALUE>03.06.55</VALUE>
</PROPERTY>
<PROPERTY NAME="impactsTPMmeasurements" TYPE="boolean">
<VALUE>1</VALUE>
</PROPERTY>
</INSTANCE>
</VALUE.NAMEDINSTANCE>
<VALUE.NAMEDINSTANCE>
<INSTANCENAME CLASSNAME="DCIM_SoftwareIdentity">
<KEYBINDING NAME="InstanceID">
<KEYVALUE VALUETYPE="string">DCIM:INSTALLED#721__FC.Slot.1-2</KEYVALUE>
</KEYBINDING>
</INSTANCENAME>
<INSTANCE CLASSNAME="DCIM_SoftwareIdentity">
<PROPERTY NAME="BuildNumber" TYPE="uint16">
<VALUE>0</VALUE>
</PROPERTY>
<PROPERTY.ARRAY NAME="Classifications" TYPE="uint16">
<VALUE.ARRAY>
<VALUE>10</VALUE>

</VALUE.ARRAY>
</PROPERTY.ARRAY>
<PROPERTY NAME="ComponentID" TYPE="string">
<VALUE>104675</VALUE>
</PROPERTY>
<PROPERTY NAME="ComponentType" TYPE="string">
<VALUE>FRMW</VALUE>
</PROPERTY>
<PROPERTY NAME="DeviceID" TYPE="string">
<VALUE>E300</VALUE>
</PROPERTY>
<PROPERTY NAME="ElementName" TYPE="string">
<VALUE>Emulex LightPulse LPe31002-M6-D 2-Port 16Gb Fibre Channel Adapter</VALUE>
</PROPERTY>
<PROPERTY NAME="FQDD" TYPE="string">
<VALUE>FC.Slot.1-2</VALUE>
</PROPERTY>
<PROPERTY NAME="HashValue" TYPE="string">
<VALUE>abcac0c8fbea9caf7e417280ecc4f716c87061ec9ea8e4a6ba08c7fa476dc029</VALUE>
</PROPERTY>
<PROPERTY.ARRAY NAME="IdentityInfoType" TYPE="string">
<VALUE.ARRAY>
<VALUE>OrgID:ComponentType:VendorID:DeviceID:SubVendorID:SubDeviceID</VALUE>

</VALUE.ARRAY>
</PROPERTY.ARRAY>
<PROPERTY.ARRAY NAME="IdentityInfoValue" TYPE="string">
<VALUE.ARRAY>
<VALUE>DCIM:firmware:10DF:E300:10DF:E322</VALUE>

</VALUE.ARRAY>
</PROPERTY.ARRAY>
<PROPERTY NAME="InstallationDate" TYPE="string">
<VALUE>2023-05-29T06:28:22Z</VALUE>
</PROPERTY>
<PROPERTY NAME="InstanceID" TYPE="string">
<VALUE>DCIM:INSTALLED#721__FC.Slot.1-2</VALUE>
</PROPERTY>
<PROPERTY NAME="IsEntity" TYPE="boolean">
<VALUE>1</VALUE>
</PROPERTY>
<PROPERTY NAME="MajorVersion" TYPE="uint16">
<VALUE>3</VALUE>
</PROPERTY>
<PROPERTY NAME="MinorVersion" TYPE="uint16">
<VALUE>6</VALUE>
</PROPERTY>
<PROPERTY NAME="PLDMCapabilitiesDuringUpdate" TYPE="string">
<VALUE>0x00000000</VALUE>
</PROPERTY>
<PROPERTY NAME="PLDMFDPCapabilitiesDuringUpdate" TYPE="string">
<VALUE>0x00000000</VALUE>
</PROPERTY>
<PROPERTY NAME="RevisionNumber" TYPE="uint16">
<VALUE>55</VALUE>
</PROPERTY>
<PROPERTY NAME="RevisionString" TYPE="string">
<VALUE/>
</PROPERTY>
<PROPERTY NAME="SidebandUpdateCapable" TYPE="boolean">
<VALUE>0</VALUE>
</PROPERTY>
<PROPERTY NAME="Status" TYPE="string">
<VALUE>Installed</VALUE>
</PROPERTY>
<PROPERTY NAME="SubDeviceID" TYPE="string">
<VALUE>E322</VALUE>
</PROPERTY>
<PROPERTY NAME="SubVendorID" TYPE="string">
<VALUE>10DF</VALUE>
</PROPERTY>
<PROPERTY NAME="Updateable" TYPE="boolean">
<VALUE>1</VALUE>
</PROPERTY>
<PROPERTY NAME="VendorID" TYPE="string">
<VALUE>10DF</VALUE>
</PROPERTY>
<PROPERTY NAME="VersionString" TYPE="string">
<VALUE>03.06.55</VALUE>
</PROPERTY>
<PROPERTY NAME="impactsTPMmeasurements" TYPE="boolean">
<VALUE>1</VALUE>
</PROPERTY>
</INSTANCE>
</VALUE.NAMEDINSTANCE>
<VALUE.NAMEDINSTANCE>
<INSTANCENAME CLASSNAME="DCIM_SoftwareIdentity">
<KEYBINDING NAME="InstanceID">
<KEYVALUE VALUETYPE="string">DCIM:INSTALLED#721__FC.Slot.7-1</KEYVALUE>
</KEYBINDING>
</INSTANCENAME>
<INSTANCE CLASSNAME="DCIM_SoftwareIdentity">
<PROPERTY NAME="BuildNumber" TYPE="uint16">
<VALUE>0</VALUE>
</PROPERTY>
<PROPERTY.ARRAY NAME="Classifications" TYPE="uint16">
<VALUE.ARRAY>
<VALUE>10</VALUE>

</VALUE.ARRAY>
</PROPERTY.ARRAY>
<PROPERTY NAME="ComponentID" TYPE="string">
<VALUE>104675</VALUE>
</PROPERTY>
<PROPERTY NAME="ComponentType" TYPE="string">
<VALUE>FRMW</VALUE>
</PROPERTY>
<PROPERTY NAME="DeviceID" TYPE="string">
<VALUE>E300</VALUE>
</PROPERTY>
<PROPERTY NAME="ElementName" TYPE="string">
<VALUE>Port 0: Emulex LightPulse LPe31002-M6-D 2-Port 16Gb Fibre  - FC </VALUE>
</PROPERTY>
<PROPERTY NAME="FQDD" TYPE="string">
<VALUE>FC.Slot.7-1</VALUE>
</PROPERTY>
<PROPERTY NAME="HashValue" TYPE="string">
<VALUE>abcac0c8fbea9caf7e417280ecc4f716c87061ec9ea8e4a6ba08c7fa476dc029</VALUE>
</PROPERTY>
<PROPERTY.ARRAY NAME="IdentityInfoType" TYPE="string">
<VALUE.ARRAY>
<VALUE>OrgID:ComponentType:VendorID:DeviceID:SubVendorID:SubDeviceID</VALUE>

</VALUE.ARRAY>
</PROPERTY.ARRAY>
<PROPERTY.ARRAY NAME="IdentityInfoValue" TYPE="string">
<VALUE.ARRAY>
<VALUE>DCIM:firmware:10DF:E300:10DF:E322</VALUE>

</VALUE.ARRAY>
</PROPERTY.ARRAY>
<PROPERTY NAME="InstallationDate" TYPE="string">
<VALUE>2023-05-29T06:28:23Z</VALUE>
</PROPERTY>
<PROPERTY NAME="InstanceID" TYPE="string">
<VALUE>DCIM:INSTALLED#721__FC.Slot.7-1</VALUE>
</PROPERTY>
<PROPERTY NAME="IsEntity" TYPE="boolean">
<VALUE>1</VALUE>
</PROPERTY>
<PROPERTY NAME="MajorVersion" TYPE="uint16">
<VALUE>3</VALUE>
</PROPERTY>
<PROPERTY NAME="MinorVersion" TYPE="uint16">
<VALUE>6</VALUE>
</PROPERTY>
<PROPERTY NAME="PLDMCapabilitiesDuringUpdate" TYPE="string">
<VALUE>0x00000000</VALUE>
</PROPERTY>
<PROPERTY NAME="PLDMFDPCapabilitiesDuringUpdate" TYPE="string">
<VALUE>0x00000000</VALUE>
</PROPERTY>
<PROPERTY NAME="RevisionNumber" TYPE="uint16">
<VALUE>55</VALUE>
</PROPERTY>
<PROPERTY NAME="RevisionString" TYPE="string">
<VALUE/>
</PROPERTY>
<PROPERTY NAME="SidebandUpdateCapable" TYPE="boolean">
<VALUE>0</VALUE>
</PROPERTY>
<PROPERTY NAME="Status" TYPE="string">
<VALUE>Installed</VALUE>
</PROPERTY>
<PROPERTY NAME="SubDeviceID" TYPE="string">
<VALUE>E322</VALUE>
</PROPERTY>
<PROPERTY NAME="SubVendorID" TYPE="string">
<VALUE>10DF</VALUE>
</PROPERTY>
<PROPERTY NAME="Updateable" TYPE="boolean">
<VALUE>1</VALUE>
</PROPERTY>
<PROPERTY NAME="VendorID" TYPE="string">
<VALUE>10DF</VALUE>
</PROPERTY>
<PROPERTY NAME="VersionString" TYPE="string">
<VALUE>03.06.55</VALUE>
</PROPERTY>
<PROPERTY NAME="impactsTPMmeasurements" TYPE="boolean">
<VALUE>1</VALUE>
</PROPERTY>
</INSTANCE>
</VALUE.NAMEDINSTANCE>
<VALUE.NAMEDINSTANCE>
<INSTANCENAME CLASSNAME="DCIM_SoftwareIdentity">
<KEYBINDING NAME="InstanceID">
<KEYVALUE VALUETYPE="string">DCIM:INSTALLED#721__FC.Slot.7-2</KEYVALUE>
</KEYBINDING>
</INSTANCENAME>
<INSTANCE CLASSNAME="DCIM_SoftwareIdentity">
<PROPERTY NAME="BuildNumber" TYPE="uint16">
<VALUE>0</VALUE>
</PROPERTY>
<PROPERTY.ARRAY NAME="Classifications" TYPE="uint16">
<VALUE.ARRAY>
<VALUE>10</VALUE>

</VALUE.ARRAY>
</PROPERTY.ARRAY>
<PROPERTY NAME="ComponentID" TYPE="string">
<VALUE>104675</VALUE>
</PROPERTY>
<PROPERTY NAME="ComponentType" TYPE="string">
<VALUE>FRMW</VALUE>
</PROPERTY>
<PROPERTY NAME="DeviceID" TYPE="string">
<VALUE>E300</VALUE>
</PROPERTY>
<PROPERTY NAME="ElementName" TYPE="string">
<VALUE>Port 1: Emulex LightPulse LPe31002-M6-D 2-Port 16Gb Fibre  - FC </VALUE>
</PROPERTY>
<PROPERTY NAME="FQDD" TYPE="string">
<VALUE>FC.Slot.7-2</VALUE>
</PROPERTY>
<PROPERTY NAME="HashValue" TYPE="string">
<VALUE>abcac0c8fbea9caf7e417280ecc4f716c87061ec9ea8e4a6ba08c7fa476dc029</VALUE>
</PROPERTY>
<PROPERTY.ARRAY NAME="IdentityInfoType" TYPE="string">
<VALUE.ARRAY>
<VALUE>OrgID:ComponentType:VendorID:DeviceID:SubVendorID:SubDeviceID</VALUE>

</VALUE.ARRAY>
</PROPERTY.ARRAY>
<PROPERTY.ARRAY NAME="IdentityInfoValue" TYPE="string">
<VALUE.ARRAY>
<VALUE>DCIM:firmware:10DF:E300:10DF:E322</VALUE>

</VALUE.ARRAY>
</PROPERTY.ARRAY>
<PROPERTY NAME="InstallationDate" TYPE="string">
<VALUE>2023-05-29T06:28:24Z</VALUE>
</PROPERTY>
<PROPERTY NAME="InstanceID" TYPE="string">
<VALUE>DCIM:INSTALLED#721__FC.Slot.7-2</VALUE>
</PROPERTY>
<PROPERTY NAME="IsEntity" TYPE="boolean">
<VALUE>1</VALUE>
</PROPERTY>
<PROPERTY NAME="MajorVersion" TYPE="uint16">
<VALUE>3</VALUE>
</PROPERTY>
<PROPERTY NAME="MinorVersion" TYPE="uint16">
<VALUE>6</VALUE>
</PROPERTY>
<PROPERTY NAME="PLDMCapabilitiesDuringUpdate" TYPE="string">
<VALUE>0x00000000</VALUE>
</PROPERTY>
<PROPERTY NAME="PLDMFDPCapabilitiesDuringUpdate" TYPE="string">
<VALUE>0x00000000</VALUE>
</PROPERTY>
<PROPERTY NAME="RevisionNumber" TYPE="uint16">
<VALUE>55</VALUE>
</PROPERTY>
<PROPERTY NAME="RevisionString" TYPE="string">
<VALUE/>
</PROPERTY>
<PROPERTY NAME="SidebandUpdateCapable" TYPE="boolean">
<VALUE>0</VALUE>
</PROPERTY>
<PROPERTY NAME="Status" TYPE="string">
<VALUE>Installed</VALUE>
</PROPERTY>
<PROPERTY NAME="SubDeviceID" TYPE="string">
<VALUE>E322</VALUE>
</PROPERTY>
<PROPERTY NAME="SubVendorID" TYPE="string">
<VALUE>10DF</VALUE>
</PROPERTY>
<PROPERTY NAME="Updateable" TYPE="boolean">
<VALUE>1</VALUE>
</PROPERTY>
<PROPERTY NAME="VendorID" TYPE="string">
<VALUE>10DF</VALUE>
</PROPERTY>
<PROPERTY NAME="VersionString" TYPE="string">
<VALUE>03.06.55</VALUE>
</PROPERTY>
<PROPERTY NAME="impactsTPMmeasurements" TYPE="boolean">
<VALUE>1</VALUE>
</PROPERTY>
</INSTANCE>
</VALUE.NAMEDINSTANCE>
<VALUE.NAMEDINSTANCE>
<INSTANCENAME CLASSNAME="DCIM_SoftwareIdentity">
<KEYBINDING NAME="InstanceID">
<KEYVALUE VALUETYPE="string">DCIM:CURRENT#721__FC.Slot.1-1</KEYVALUE>
</KEYBINDING>
</INSTANCENAME>
<INSTANCE CLASSNAME="DCIM_SoftwareIdentity">
<PROPERTY NAME="BuildNumber" TYPE="uint16">
<VALUE>0</VALUE>
</PROPERTY>
<PROPERTY.ARRAY NAME="Classifications" TYPE="uint16">
<VALUE.ARRAY>
<VALUE>10</VALUE>

</VALUE.ARRAY>
</PROPERTY.ARRAY>
<PROPERTY NAME="ComponentID" TYPE="string">
<VALUE>104675</VALUE>
</PROPERTY>
<PROPERTY NAME="ComponentType" TYPE="string">
<VALUE>FRMW</VALUE>
</PROPERTY>
<PROPERTY NAME="DeviceID" TYPE="string">
<VALUE>E300</VALUE>
</PROPERTY>
<PROPERTY NAME="ElementName" TYPE="string">
<VALUE>Emulex LightPulse LPe31002-M6-D 2-Port 16Gb Fibre Channel Adapter</VALUE>
</PROPERTY>
<PROPERTY NAME="FQDD" TYPE="string">
<VALUE>FC.Slot.1-1</VALUE>
</PROPERTY>
<PROPERTY NAME="HashValue" TYPE="string">
<VALUE>abcac0c8fbea9caf7e417280ecc4f716c87061ec9ea8e4a6ba08c7fa476dc029</VALUE>
</PROPERTY>
<PROPERTY.ARRAY NAME="IdentityInfoType" TYPE="string">
<VALUE.ARRAY>
<VALUE>OrgID:ComponentType:VendorID:DeviceID:SubVendorID:SubDeviceID</VALUE>

</VALUE.ARRAY>
</PROPERTY.ARRAY>
<PROPERTY.ARRAY NAME="IdentityInfoValue" TYPE="string">
<VALUE.ARRAY>
<VALUE>DCIM:firmware:10DF:E300:10DF:E322</VALUE>

</VALUE.ARRAY>
</PROPERTY.ARRAY>
<PROPERTY NAME="InstallationDate" TYPE="string">
<VALUE>NA</VALUE>
</PROPERTY>
<PROPERTY NAME="InstanceID" TYPE="string">
<VALUE>DCIM:CURRENT#721__FC.Slot.1-1</VALUE>
</PROPERTY>
<PROPERTY NAME="IsEntity" TYPE="boolean">
<VALUE>1</VALUE>
</PROPERTY>
<PROPERTY NAME="MajorVersion" TYPE="uint16">
<VALUE>3</VALUE>
</PROPERTY>
<PROPERTY NAME="MinorVersion" TYPE="uint16">
<VALUE>6</VALUE>
</PROPERTY>
<PROPERTY NAME="PLDMCapabilitiesDuringUpdate" TYPE="string">
<VALUE>0x00000000</VALUE>
</PROPERTY>
<PROPERTY NAME="PLDMFDPCapabilitiesDuringUpdate" TYPE="string">
<VALUE>0x00000000</VALUE>
</PROPERTY>
<PROPERTY NAME="RevisionNumber" TYPE="uint16">
<VALUE>55</VALUE>
</PROPERTY>
<PROPERTY NAME="RevisionString" TYPE="string">
<VALUE/>
</PROPERTY>
<PROPERTY NAME="SidebandUpdateCapable" TYPE="boolean">
<VALUE>0</VALUE>
</PROPERTY>
<PROPERTY NAME="Status" TYPE="string">
<VALUE>Available</VALUE>
</PROPERTY>
<PROPERTY NAME="SubDeviceID" TYPE="string">
<VALUE>E322</VALUE>
</PROPERTY>
<PROPERTY NAME="SubVendorID" TYPE="string">
<VALUE>10DF</VALUE>
</PROPERTY>
<PROPERTY NAME="Updateable" TYPE="boolean">
<VALUE>1</VALUE>
</PROPERTY>
<PROPERTY NAME="VendorID" TYPE="string">
<VALUE>10DF</VALUE>
</PROPERTY>
<PROPERTY NAME="VersionString" TYPE="string">
<VALUE>03.06.55</VALUE>
</PROPERTY>
<PROPERTY NAME="impactsTPMmeasurements" TYPE="boolean">
<VALUE>1</VALUE>
</PROPERTY>
</INSTANCE>
</VALUE.NAMEDINSTANCE>
<VALUE.NAMEDINSTANCE>
<INSTANCENAME CLASSNAME="DCIM_SoftwareIdentity">
<KEYBINDING NAME="InstanceID">
<KEYVALUE VALUETYPE="string">DCIM:CURRENT#721__FC.Slot.1-2</KEYVALUE>
</KEYBINDING>
</INSTANCENAME>
<INSTANCE CLASSNAME="DCIM_SoftwareIdentity">
<PROPERTY NAME="BuildNumber" TYPE="uint16">
<VALUE>0</VALUE>
</PROPERTY>
<PROPERTY.ARRAY NAME="Classifications" TYPE="uint16">
<VALUE.ARRAY>
<VALUE>10</VALUE>

</VALUE.ARRAY>
</PROPERTY.ARRAY>
<PROPERTY NAME="ComponentID" TYPE="string">
<VALUE>104675</VALUE>
</PROPERTY>
<PROPERTY NAME="ComponentType" TYPE="string">
<VALUE>FRMW</VALUE>
</PROPERTY>
<PROPERTY NAME="DeviceID" TYPE="string">
<VALUE>E300</VALUE>
</PROPERTY>
<PROPERTY NAME="ElementName" TYPE="string">
<VALUE>Emulex LightPulse LPe31002-M6-D 2-Port 16Gb Fibre Channel Adapter</VALUE>
</PROPERTY>
<PROPERTY NAME="FQDD" TYPE="string">
<VALUE>FC.Slot.1-2</VALUE>
</PROPERTY>
<PROPERTY NAME="HashValue" TYPE="string">
<VALUE>abcac0c8fbea9caf7e417280ecc4f716c87061ec9ea8e4a6ba08c7fa476dc029</VALUE>
</PROPERTY>
<PROPERTY.ARRAY NAME="IdentityInfoType" TYPE="string">
<VALUE.ARRAY>
<VALUE>OrgID:ComponentType:VendorID:DeviceID:SubVendorID:SubDeviceID</VALUE>

</VALUE.ARRAY>
</PROPERTY.ARRAY>
<PROPERTY.ARRAY NAME="IdentityInfoValue" TYPE="string">
<VALUE.ARRAY>
<VALUE>DCIM:firmware:10DF:E300:10DF:E322</VALUE>

</VALUE.ARRAY>
</PROPERTY.ARRAY>
<PROPERTY NAME="InstallationDate" TYPE="string">
<VALUE>NA</VALUE>
</PROPERTY>
<PROPERTY NAME="InstanceID" TYPE="string">
<VALUE>DCIM:CURRENT#721__FC.Slot.1-2</VALUE>
</PROPERTY>
<PROPERTY NAME="IsEntity" TYPE="boolean">
<VALUE>1</VALUE>
</PROPERTY>
<PROPERTY NAME="MajorVersion" TYPE="uint16">
<VALUE>3</VALUE>
</PROPERTY>
<PROPERTY NAME="MinorVersion" TYPE="uint16">
<VALUE>6</VALUE>
</PROPERTY>
<PROPERTY NAME="PLDMCapabilitiesDuringUpdate" TYPE="string">
<VALUE>0x00000000</VALUE>
</PROPERTY>
<PROPERTY NAME="PLDMFDPCapabilitiesDuringUpdate" TYPE="string">
<VALUE>0x00000000</VALUE>
</PROPERTY>
<PROPERTY NAME="RevisionNumber" TYPE="uint16">
<VALUE>55</VALUE>
</PROPERTY>
<PROPERTY NAME="RevisionString" TYPE="string">
<VALUE/>
</PROPERTY>
<PROPERTY NAME="SidebandUpdateCapable" TYPE="boolean">
<VALUE>0</VALUE>
</PROPERTY>
<PROPERTY NAME="Status" TYPE="string">
<VALUE>Available</VALUE>
</PROPERTY>
<PROPERTY NAME="SubDeviceID" TYPE="string">
<VALUE>E322</VALUE>
</PROPERTY>
<PROPERTY NAME="SubVendorID" TYPE="string">
<VALUE>10DF</VALUE>
</PROPERTY>
<PROPERTY NAME="Updateable" TYPE="boolean">
<VALUE>1</VALUE>
</PROPERTY>
<PROPERTY NAME="VendorID" TYPE="string">
<VALUE>10DF</VALUE>
</PROPERTY>
<PROPERTY NAME="VersionString" TYPE="string">
<VALUE>03.06.55</VALUE>
</PROPERTY>
<PROPERTY NAME="impactsTPMmeasurements" TYPE="boolean">
<VALUE>1</VALUE>
</PROPERTY>
</INSTANCE>
</VALUE.NAMEDINSTANCE>
<VALUE.NAMEDINSTANCE>
<INSTANCENAME CLASSNAME="DCIM_SoftwareIdentity">
<KEYBINDING NAME="InstanceID">
<KEYVALUE VALUETYPE="string">DCIM:CURRENT#721__FC.Slot.7-1</KEYVALUE>
</KEYBINDING>
</INSTANCENAME>
<INSTANCE CLASSNAME="DCIM_SoftwareIdentity">
<PROPERTY NAME="BuildNumber" TYPE="uint16">
<VALUE>0</VALUE>
</PROPERTY>
<PROPERTY.ARRAY NAME="Classifications" TYPE="uint16">
<VALUE.ARRAY>
<VALUE>10</VALUE>

</VALUE.ARRAY>
</PROPERTY.ARRAY>
<PROPERTY NAME="ComponentID" TYPE="string">
<VALUE>104675</VALUE>
</PROPERTY>
<PROPERTY NAME="ComponentType" TYPE="string">
<VALUE>FRMW</VALUE>
</PROPERTY>
<PROPERTY NAME="DeviceID" TYPE="string">
<VALUE>E300</VALUE>
</PROPERTY>
<PROPERTY NAME="ElementName" TYPE="string">
<VALUE>Port 0: Emulex LightPulse LPe31002-M6-D 2-Port 16Gb Fibre  - FC </VALUE>
</PROPERTY>
<PROPERTY NAME="FQDD" TYPE="string">
<VALUE>FC.Slot.7-1</VALUE>
</PROPERTY>
<PROPERTY NAME="HashValue" TYPE="string">
<VALUE>abcac0c8fbea9caf7e417280ecc4f716c87061ec9ea8e4a6ba08c7fa476dc029</VALUE>
</PROPERTY>
<PROPERTY.ARRAY NAME="IdentityInfoType" TYPE="string">
<VALUE.ARRAY>
<VALUE>OrgID:ComponentType:VendorID:DeviceID:SubVendorID:SubDeviceID</VALUE>

</VALUE.ARRAY>
</PROPERTY.ARRAY>
<PROPERTY.ARRAY NAME="IdentityInfoValue" TYPE="string">
<VALUE.ARRAY>
<VALUE>DCIM:firmware:10DF:E300:10DF:E322</VALUE>

</VALUE.ARRAY>
</PROPERTY.ARRAY>
<PROPERTY NAME="InstallationDate" TYPE="string">
<VALUE>NA</VALUE>
</PROPERTY>
<PROPERTY NAME="InstanceID" TYPE="string">
<VALUE>DCIM:CURRENT#721__FC.Slot.7-1</VALUE>
</PROPERTY>
<PROPERTY NAME="IsEntity" TYPE="boolean">
<VALUE>1</VALUE>
</PROPERTY>
<PROPERTY NAME="MajorVersion" TYPE="uint16">
<VALUE>3</VALUE>
</PROPERTY>
<PROPERTY NAME="MinorVersion" TYPE="uint16">
<VALUE>6</VALUE>
</PROPERTY>
<PROPERTY NAME="PLDMCapabilitiesDuringUpdate" TYPE="string">
<VALUE>0x00000000</VALUE>
</PROPERTY>
<PROPERTY NAME="PLDMFDPCapabilitiesDuringUpdate" TYPE="string">
<VALUE>0x00000000</VALUE>
</PROPERTY>
<PROPERTY NAME="RevisionNumber" TYPE="uint16">
<VALUE>55</VALUE>
</PROPERTY>
<PROPERTY NAME="RevisionString" TYPE="string">
<VALUE/>
</PROPERTY>
<PROPERTY NAME="SidebandUpdateCapable" TYPE="boolean">
<VALUE>0</VALUE>
</PROPERTY>
<PROPERTY NAME="Status" TYPE="string">
<VALUE>Available</VALUE>
</PROPERTY>
<PROPERTY NAME="SubDeviceID" TYPE="string">
<VALUE>E322</VALUE>
</PROPERTY>
<PROPERTY NAME="SubVendorID" TYPE="string">
<VALUE>10DF</VALUE>
</PROPERTY>
<PROPERTY NAME="Updateable" TYPE="boolean">
<VALUE>1</VALUE>
</PROPERTY>
<PROPERTY NAME="VendorID" TYPE="string">
<VALUE>10DF</VALUE>
</PROPERTY>
<PROPERTY NAME="VersionString" TYPE="string">
<VALUE>03.06.55</VALUE>
</PROPERTY>
<PROPERTY NAME="impactsTPMmeasurements" TYPE="boolean">
<VALUE>1</VALUE>
</PROPERTY>
</INSTANCE>
</VALUE.NAMEDINSTANCE>
<VALUE.NAMEDINSTANCE>
<INSTANCENAME CLASSNAME="DCIM_SoftwareIdentity">
<KEYBINDING NAME="InstanceID">
<KEYVALUE VALUETYPE="string">DCIM:CURRENT#721__FC.Slot.7-2</KEYVALUE>
</KEYBINDING>
</INSTANCENAME>
<INSTANCE CLASSNAME="DCIM_SoftwareIdentity">
<PROPERTY NAME="BuildNumber" TYPE="uint16">
<VALUE>0</VALUE>
</PROPERTY>
<PROPERTY.ARRAY NAME="Classifications" TYPE="uint16">
<VALUE.ARRAY>
<VALUE>10</VALUE>

</VALUE.ARRAY>
</PROPERTY.ARRAY>
<PROPERTY NAME="ComponentID" TYPE="string">
<VALUE>104675</VALUE>
</PROPERTY>
<PROPERTY NAME="ComponentType" TYPE="string">
<VALUE>FRMW</VALUE>
</PROPERTY>
<PROPERTY NAME="DeviceID" TYPE="string">
<VALUE>E300</VALUE>
</PROPERTY>
<PROPERTY NAME="ElementName" TYPE="string">
<VALUE>Port 1: Emulex LightPulse LPe31002-M6-D 2-Port 16Gb Fibre  - FC </VALUE>
</PROPERTY>
<PROPERTY NAME="FQDD" TYPE="string">
<VALUE>FC.Slot.7-2</VALUE>
</PROPERTY>
<PROPERTY NAME="HashValue" TYPE="string">
<VALUE>abcac0c8fbea9caf7e417280ecc4f716c87061ec9ea8e4a6ba08c7fa476dc029</VALUE>
</PROPERTY>
<PROPERTY.ARRAY NAME="IdentityInfoType" TYPE="string">
<VALUE.ARRAY>
<VALUE>OrgID:ComponentType:VendorID:DeviceID:SubVendorID:SubDeviceID</VALUE>

</VALUE.ARRAY>
</PROPERTY.ARRAY>
<PROPERTY.ARRAY NAME="IdentityInfoValue" TYPE="string">
<VALUE.ARRAY>
<VALUE>DCIM:firmware:10DF:E300:10DF:E322</VALUE>

</VALUE.ARRAY>
</PROPERTY.ARRAY>
<PROPERTY NAME="InstallationDate" TYPE="string">
<VALUE>NA</VALUE>
</PROPERTY>
<PROPERTY NAME="InstanceID" TYPE="string">
<VALUE>DCIM:CURRENT#721__FC.Slot.7-2</VALUE>
</PROPERTY>
<PROPERTY NAME="IsEntity" TYPE="boolean">
<VALUE>1</VALUE>
</PROPERTY>
<PROPERTY NAME="MajorVersion" TYPE="uint16">
<VALUE>3</VALUE>
</PROPERTY>
<PROPERTY NAME="MinorVersion" TYPE="uint16">
<VALUE>6</VALUE>
</PROPERTY>
<PROPERTY NAME="PLDMCapabilitiesDuringUpdate" TYPE="string">
<VALUE>0x00000000</VALUE>
</PROPERTY>
<PROPERTY NAME="PLDMFDPCapabilitiesDuringUpdate" TYPE="string">
<VALUE>0x00000000</VALUE>
</PROPERTY>
<PROPERTY NAME="RevisionNumber" TYPE="uint16">
<VALUE>55</VALUE>
</PROPERTY>
<PROPERTY NAME="RevisionString" TYPE="string">
<VALUE/>
</PROPERTY>
<PROPERTY NAME="SidebandUpdateCapable" TYPE="boolean">
<VALUE>0</VALUE>
</PROPERTY>
<PROPERTY NAME="Status" TYPE="string">
<VALUE>Available</VALUE>
</PROPERTY>
<PROPERTY NAME="SubDeviceID" TYPE="string">
<VALUE>E322</VALUE>
</PROPERTY>
<PROPERTY NAME="SubVendorID" TYPE="string">
<VALUE>10DF</VALUE>
</PROPERTY>
<PROPERTY NAME="Updateable" TYPE="boolean">
<VALUE>1</VALUE>
</PROPERTY>
<PROPERTY NAME="VendorID" TYPE="string">
<VALUE>10DF</VALUE>
</PROPERTY>
<PROPERTY NAME="VersionString" TYPE="string">
<VALUE>03.06.55</VALUE>
</PROPERTY>
<PROPERTY NAME="impactsTPMmeasurements" TYPE="boolean">
<VALUE>1</VALUE>
</PROPERTY>
</INSTANCE>
</VALUE.NAMEDINSTANCE>
<VALUE.NAMEDINSTANCE>
<INSTANCENAME CLASSNAME="DCIM_SoftwareIdentity">
<KEYBINDING NAME="InstanceID">
<KEYVALUE VALUETYPE="string">DCIM:INSTALLED#301_C_RAID.Slot.5-1</KEYVALUE>
</KEYBINDING>
</INSTANCENAME>
<INSTANCE CLASSNAME="DCIM_SoftwareIdentity">
<PROPERTY NAME="BuildNumber" TYPE="uint16">
<VALUE>0</VALUE>
</PROPERTY>
<PROPERTY.ARRAY NAME="Classifications" TYPE="uint16">
<VALUE.ARRAY>
<VALUE>10</VALUE>

</VALUE.ARRAY>
</PROPERTY.ARRAY>
<PROPERTY NAME="ComponentID" TYPE="string">
<VALUE>111242</VALUE>
</PROPERTY>
<PROPERTY NAME="ComponentType" TYPE="string">
<VALUE>FRMW</VALUE>
</PROPERTY>
<PROPERTY NAME="DeviceID" TYPE="string">
<VALUE>10E2</VALUE>
</PROPERTY>
<PROPERTY NAME="ElementName" TYPE="string">
<VALUE>PERC H750 Adapter</VALUE>
</PROPERTY>
<PROPERTY NAME="FQDD" TYPE="string">
<VALUE>RAID.Slot.5-1</VALUE>
</PROPERTY>
<PROPERTY NAME="HashValue" TYPE="string">
<VALUE>bc27b958b3be6f3374c13a9cc92fe1dd8750a4479f09d1d5baa3e23aa1b7bbf8</VALUE>
</PROPERTY>
<PROPERTY.ARRAY NAME="IdentityInfoType" TYPE="string">
<VALUE.ARRAY>
<VALUE>OrgID:ComponentType:VendorID:DeviceID:SubVendorID:SubDeviceID</VALUE>

</VALUE.ARRAY>
</PROPERTY.ARRAY>
<PROPERTY.ARRAY NAME="IdentityInfoValue" TYPE="string">
<VALUE.ARRAY>
<VALUE>DCIM:firmware:1000:10E2:1028:2176</VALUE>

</VALUE.ARRAY>
</PROPERTY.ARRAY>
<PROPERTY NAME="InstallationDate" TYPE="string">
<VALUE>2023-05-29T06:28:30Z</VALUE>
</PROPERTY>
<PROPERTY NAME="InstanceID" TYPE="string">
<VALUE>DCIM:INSTALLED#301_C_RAID.Slot.5-1</VALUE>
</PROPERTY>
<PROPERTY NAME="IsEntity" TYPE="boolean">
<VALUE>1</VALUE>
</PROPERTY>
<PROPERTY NAME="MajorVersion" TYPE="uint16">
<VALUE>52</VALUE>
</PROPERTY>
<PROPERTY NAME="MinorVersion" TYPE="uint16">
<VALUE>16</VALUE>
</PROPERTY>
<PROPERTY NAME="PLDMCapabilitiesDuringUpdate" TYPE="string">
<VALUE>0x00000000</VALUE>
</PROPERTY>
<PROPERTY NAME="PLDMFDPCapabilitiesDuringUpdate" TYPE="string">
<VALUE>0x00000000</VALUE>
</PROPERTY>
<PROPERTY NAME="RevisionNumber" TYPE="uint16">
<VALUE/>
</PROPERTY>
<PROPERTY NAME="RevisionString" TYPE="string">
<VALUE>1-4405</VALUE>
</PROPERTY>
<PROPERTY NAME="SidebandUpdateCapable" TYPE="boolean">
<VALUE>0</VALUE>
</PROPERTY>
<PROPERTY NAME="Status" TYPE="string">
<VALUE>Installed</VALUE>
</PROPERTY>
<PROPERTY NAME="SubDeviceID" TYPE="string">
<VALUE>2176</VALUE>
</PROPERTY>
<PROPERTY NAME="SubVendorID" TYPE="string">
<VALUE>1028</VALUE>
</PROPERTY>
<PROPERTY NAME="Updateable" TYPE="boolean">
<VALUE>1</VALUE>
</PROPERTY>
<PROPERTY NAME="VendorID" TYPE="string">
<VALUE>1000</VALUE>
</PROPERTY>
<PROPERTY NAME="VersionString" TYPE="string">
<VALUE>52.16.1-4405</VALUE>
</PROPERTY>
<PROPERTY NAME="impactsTPMmeasurements" TYPE="boolean">
<VALUE>1</VALUE>
</PROPERTY>
</INSTANCE>
</VALUE.NAMEDINSTANCE>
<VALUE.NAMEDINSTANCE>
<INSTANCENAME CLASSNAME="DCIM_SoftwareIdentity">
<KEYBINDING NAME="InstanceID">
<KEYVALUE VALUETYPE="string">DCIM:CURRENT#301_C_RAID.Slot.5-1</KEYVALUE>
</KEYBINDING>
</INSTANCENAME>
<INSTANCE CLASSNAME="DCIM_SoftwareIdentity">
<PROPERTY NAME="BuildNumber" TYPE="uint16">
<VALUE>0</VALUE>
</PROPERTY>
<PROPERTY.ARRAY NAME="Classifications" TYPE="uint16">
<VALUE.ARRAY>
<VALUE>10</VALUE>

</VALUE.ARRAY>
</PROPERTY.ARRAY>
<PROPERTY NAME="ComponentID" TYPE="string">
<VALUE>111242</VALUE>
</PROPERTY>
<PROPERTY NAME="ComponentType" TYPE="string">
<VALUE>FRMW</VALUE>
</PROPERTY>
<PROPERTY NAME="DeviceID" TYPE="string">
<VALUE>10E2</VALUE>
</PROPERTY>
<PROPERTY NAME="ElementName" TYPE="string">
<VALUE>PERC H750 Adapter</VALUE>
</PROPERTY>
<PROPERTY NAME="FQDD" TYPE="string">
<VALUE>RAID.Slot.5-1</VALUE>
</PROPERTY>
<PROPERTY NAME="HashValue" TYPE="string">
<VALUE>bc27b958b3be6f3374c13a9cc92fe1dd8750a4479f09d1d5baa3e23aa1b7bbf8</VALUE>
</PROPERTY>
<PROPERTY.ARRAY NAME="IdentityInfoType" TYPE="string">
<VALUE.ARRAY>
<VALUE>OrgID:ComponentType:VendorID:DeviceID:SubVendorID:SubDeviceID</VALUE>

</VALUE.ARRAY>
</PROPERTY.ARRAY>
<PROPERTY.ARRAY NAME="IdentityInfoValue" TYPE="string">
<VALUE.ARRAY>
<VALUE>DCIM:firmware:1000:10E2:1028:2176</VALUE>

</VALUE.ARRAY>
</PROPERTY.ARRAY>
<PROPERTY NAME="InstallationDate" TYPE="string">
<VALUE>NA</VALUE>
</PROPERTY>
<PROPERTY NAME="InstanceID" TYPE="string">
<VALUE>DCIM:CURRENT#301_C_RAID.Slot.5-1</VALUE>
</PROPERTY>
<PROPERTY NAME="IsEntity" TYPE="boolean">
<VALUE>1</VALUE>
</PROPERTY>
<PROPERTY NAME="MajorVersion" TYPE="uint16">
<VALUE>52</VALUE>
</PROPERTY>
<PROPERTY NAME="MinorVersion" TYPE="uint16">
<VALUE>16</VALUE>
</PROPERTY>
<PROPERTY NAME="PLDMCapabilitiesDuringUpdate" TYPE="string">
<VALUE>0x00000000</VALUE>
</PROPERTY>
<PROPERTY NAME="PLDMFDPCapabilitiesDuringUpdate" TYPE="string">
<VALUE>0x00000000</VALUE>
</PROPERTY>
<PROPERTY NAME="RevisionNumber" TYPE="uint16">
<VALUE/>
</PROPERTY>
<PROPERTY NAME="RevisionString" TYPE="string">
<VALUE>1-4405</VALUE>
</PROPERTY>
<PROPERTY NAME="SidebandUpdateCapable" TYPE="boolean">
<VALUE>0</VALUE>
</PROPERTY>
<PROPERTY NAME="Status" TYPE="string">
<VALUE>Available</VALUE>
</PROPERTY>
<PROPERTY NAME="SubDeviceID" TYPE="string">
<VALUE>2176</VALUE>
</PROPERTY>
<PROPERTY NAME="SubVendorID" TYPE="string">
<VALUE>1028</VALUE>
</PROPERTY>
<PROPERTY NAME="Updateable" TYPE="boolean">
<VALUE>1</VALUE>
</PROPERTY>
<PROPERTY NAME="VendorID" TYPE="string">
<VALUE>1000</VALUE>
</PROPERTY>
<PROPERTY NAME="VersionString" TYPE="string">
<VALUE>52.16.1-4405</VALUE>
</PROPERTY>
<PROPERTY NAME="impactsTPMmeasurements" TYPE="boolean">
<VALUE>1</VALUE>
</PROPERTY>
</INSTANCE>
</VALUE.NAMEDINSTANCE>
<VALUE.NAMEDINSTANCE>
<INSTANCENAME CLASSNAME="DCIM_SoftwareIdentity">
<KEYBINDING NAME="InstanceID">
<KEYVALUE VALUETYPE="string">DCIM:PREVIOUS#741__BIOS.Setup.1-1</KEYVALUE>
</KEYBINDING>
</INSTANCENAME>
<INSTANCE CLASSNAME="DCIM_SoftwareIdentity">
<PROPERTY NAME="BuildNumber" TYPE="uint16">
<VALUE>0</VALUE>
</PROPERTY>
<PROPERTY.ARRAY NAME="Classifications" TYPE="uint16">
<VALUE.ARRAY>
<VALUE>11</VALUE>

</VALUE.ARRAY>
</PROPERTY.ARRAY>
<PROPERTY NAME="ComponentID" TYPE="string">
<VALUE>159</VALUE>
</PROPERTY>
<PROPERTY NAME="ComponentType" TYPE="string">
<VALUE>BIOS</VALUE>
</PROPERTY>
<PROPERTY NAME="DeviceID" TYPE="string">
<VALUE/>
</PROPERTY>
<PROPERTY NAME="ElementName" TYPE="string">
<VALUE>BIOS</VALUE>
</PROPERTY>
<PROPERTY NAME="FQDD" TYPE="string">
<VALUE>BIOS.Setup.1-1</VALUE>
</PROPERTY>
<PROPERTY NAME="HashValue" TYPE="string">
<VALUE>986e7d430a5b2eb9bac7322f1a5d382712fcc0d7f9c0b4358ca9a6def9268def</VALUE>
</PROPERTY>
<PROPERTY.ARRAY NAME="IdentityInfoType" TYPE="string">
<VALUE.ARRAY>
<VALUE>OrgID:ComponentType:ComponentID</VALUE>

</VALUE.ARRAY>
</PROPERTY.ARRAY>
<PROPERTY.ARRAY NAME="IdentityInfoValue" TYPE="string">
<VALUE.ARRAY>
<VALUE>DCIM:BIOS:159</VALUE>

</VALUE.ARRAY>
</PROPERTY.ARRAY>
<PROPERTY NAME="InstallationDate" TYPE="string">
<VALUE>NA</VALUE>
</PROPERTY>
<PROPERTY NAME="InstanceID" TYPE="string">
<VALUE>DCIM:PREVIOUS#741__BIOS.Setup.1-1</VALUE>
</PROPERTY>
<PROPERTY NAME="IsEntity" TYPE="boolean">
<VALUE>1</VALUE>
</PROPERTY>
<PROPERTY NAME="MajorVersion" TYPE="uint16">
<VALUE>2</VALUE>
</PROPERTY>
<PROPERTY NAME="MinorVersion" TYPE="uint16">
<VALUE>15</VALUE>
</PROPERTY>
<PROPERTY NAME="PLDMCapabilitiesDuringUpdate" TYPE="string">
<VALUE>0x00000000</VALUE>
</PROPERTY>
<PROPERTY NAME="PLDMFDPCapabilitiesDuringUpdate" TYPE="string">
<VALUE>0x00000000</VALUE>
</PROPERTY>
<PROPERTY NAME="RevisionNumber" TYPE="uint16">
<VALUE>1</VALUE>
</PROPERTY>
<PROPERTY NAME="RevisionString" TYPE="string">
<VALUE/>
</PROPERTY>
<PROPERTY NAME="SidebandUpdateCapable" TYPE="boolean">
<VALUE>0</VALUE>
</PROPERTY>
<PROPERTY NAME="Status" TYPE="string">
<VALUE>Available</VALUE>
</PROPERTY>
<PROPERTY NAME="SubDeviceID" TYPE="string">
<VALUE/>
</PROPERTY>
<PROPERTY NAME="SubVendorID" TYPE="string">
<VALUE/>
</PROPERTY>
<PROPERTY NAME="Updateable" TYPE="boolean">
<VALUE>1</VALUE>
</PROPERTY>
<PROPERTY NAME="VendorID" TYPE="string">
<VALUE/>
</PROPERTY>
<PROPERTY NAME="VersionString" TYPE="string">
<VALUE>2.15.1</VALUE>
</PROPERTY>
<PROPERTY NAME="impactsTPMmeasurements" TYPE="boolean">
<VALUE>1</VALUE>
</PROPERTY>
</INSTANCE>
</VALUE.NAMEDINSTANCE>
<VALUE.NAMEDINSTANCE>
<INSTANCENAME CLASSNAME="DCIM_SoftwareIdentity">
<KEYBINDING NAME="InstanceID">
<KEYVALUE VALUETYPE="string">DCIM:INSTALLED#741__BIOS.Setup.1-1</KEYVALUE>
</KEYBINDING>
</INSTANCENAME>
<INSTANCE CLASSNAME="DCIM_SoftwareIdentity">
<PROPERTY NAME="BuildNumber" TYPE="uint16">
<VALUE>0</VALUE>
</PROPERTY>
<PROPERTY.ARRAY NAME="Classifications" TYPE="uint16">
<VALUE.ARRAY>
<VALUE>11</VALUE>

</VALUE.ARRAY>
</PROPERTY.ARRAY>
<PROPERTY NAME="ComponentID" TYPE="string">
<VALUE>159</VALUE>
</PROPERTY>
<PROPERTY NAME="ComponentType" TYPE="string">
<VALUE>BIOS</VALUE>
</PROPERTY>
<PROPERTY NAME="DeviceID" TYPE="string">
<VALUE/>
</PROPERTY>
<PROPERTY NAME="ElementName" TYPE="string">
<VALUE>BIOS</VALUE>
</PROPERTY>
<PROPERTY NAME="FQDD" TYPE="string">
<VALUE>BIOS.Setup.1-1</VALUE>
</PROPERTY>
<PROPERTY NAME="HashValue" TYPE="string">
<VALUE>986e7d430a5b2eb9bac7322f1a5d382712fcc0d7f9c0b4358ca9a6def9268def</VALUE>
</PROPERTY>
<PROPERTY.ARRAY NAME="IdentityInfoType" TYPE="string">
<VALUE.ARRAY>
<VALUE>OrgID:ComponentType:ComponentID</VALUE>

</VALUE.ARRAY>
</PROPERTY.ARRAY>
<PROPERTY.ARRAY NAME="IdentityInfoValue" TYPE="string">
<VALUE.ARRAY>
<VALUE>DCIM:BIOS:159</VALUE>

</VALUE.ARRAY>
</PROPERTY.ARRAY>
<PROPERTY NAME="InstallationDate" TYPE="string">
<VALUE>2023-05-29T06:19:05Z</VALUE>
</PROPERTY>
<PROPERTY NAME="InstanceID" TYPE="string">
<VALUE>DCIM:INSTALLED#741__BIOS.Setup.1-1</VALUE>
</PROPERTY>
<PROPERTY NAME="IsEntity" TYPE="boolean">
<VALUE>1</VALUE>
</PROPERTY>
<PROPERTY NAME="MajorVersion" TYPE="uint16">
<VALUE>2</VALUE>
</PROPERTY>
<PROPERTY NAME="MinorVersion" TYPE="uint16">
<VALUE>17</VALUE>
</PROPERTY>
<PROPERTY NAME="PLDMCapabilitiesDuringUpdate" TYPE="string">
<VALUE>0x00000000</VALUE>
</PROPERTY>
<PROPERTY NAME="PLDMFDPCapabilitiesDuringUpdate" TYPE="string">
<VALUE>0x00000000</VALUE>
</PROPERTY>
<PROPERTY NAME="RevisionNumber" TYPE="uint16">
<VALUE>1</VALUE>
</PROPERTY>
<PROPERTY NAME="RevisionString" TYPE="string">
<VALUE/>
</PROPERTY>
<PROPERTY NAME="SidebandUpdateCapable" TYPE="boolean">
<VALUE>0</VALUE>
</PROPERTY>
<PROPERTY NAME="Status" TYPE="string">
<VALUE>Installed</VALUE>
</PROPERTY>
<PROPERTY NAME="SubDeviceID" TYPE="string">
<VALUE/>
</PROPERTY>
<PROPERTY NAME="SubVendorID" TYPE="string">
<VALUE/>
</PROPERTY>
<PROPERTY NAME="Updateable" TYPE="boolean">
<VALUE>1</VALUE>
</PROPERTY>
<PROPERTY NAME="VendorID" TYPE="string">
<VALUE/>
</PROPERTY>
<PROPERTY NAME="VersionString" TYPE="string">
<VALUE>2.17.1</VALUE>
</PROPERTY>
<PROPERTY NAME="impactsTPMmeasurements" TYPE="boolean">
<VALUE>1</VALUE>
</PROPERTY>
</INSTANCE>
</VALUE.NAMEDINSTANCE>
<VALUE.NAMEDINSTANCE>
<INSTANCENAME CLASSNAME="DCIM_SoftwareIdentity">
<KEYBINDING NAME="InstanceID">
<KEYVALUE VALUETYPE="string">DCIM:CURRENT#741__BIOS.Setup.1-1</KEYVALUE>
</KEYBINDING>
</INSTANCENAME>
<INSTANCE CLASSNAME="DCIM_SoftwareIdentity">
<PROPERTY NAME="BuildNumber" TYPE="uint16">
<VALUE>0</VALUE>
</PROPERTY>
<PROPERTY.ARRAY NAME="Classifications" TYPE="uint16">
<VALUE.ARRAY>
<VALUE>11</VALUE>

</VALUE.ARRAY>
</PROPERTY.ARRAY>
<PROPERTY NAME="ComponentID" TYPE="string">
<VALUE>159</VALUE>
</PROPERTY>
<PROPERTY NAME="ComponentType" TYPE="string">
<VALUE>BIOS</VALUE>
</PROPERTY>
<PROPERTY NAME="DeviceID" TYPE="string">
<VALUE/>
</PROPERTY>
<PROPERTY NAME="ElementName" TYPE="string">
<VALUE>BIOS</VALUE>
</PROPERTY>
<PROPERTY NAME="FQDD" TYPE="string">
<VALUE>BIOS.Setup.1-1</VALUE>
</PROPERTY>
<PROPERTY NAME="HashValue" TYPE="string">
<VALUE>986e7d430a5b2eb9bac7322f1a5d382712fcc0d7f9c0b4358ca9a6def9268def</VALUE>
</PROPERTY>
<PROPERTY.ARRAY NAME="IdentityInfoType" TYPE="string">
<VALUE.ARRAY>
<VALUE>OrgID:ComponentType:ComponentID</VALUE>

</VALUE.ARRAY>
</PROPERTY.ARRAY>
<PROPERTY.ARRAY NAME="IdentityInfoValue" TYPE="string">
<VALUE.ARRAY>
<VALUE>DCIM:BIOS:159</VALUE>

</VALUE.ARRAY>
</PROPERTY.ARRAY>
<PROPERTY NAME="InstallationDate" TYPE="string">
<VALUE>NA</VALUE>
</PROPERTY>
<PROPERTY NAME="InstanceID" TYPE="string">
<VALUE>DCIM:CURRENT#741__BIOS.Setup.1-1</VALUE>
</PROPERTY>
<PROPERTY NAME="IsEntity" TYPE="boolean">
<VALUE>1</VALUE>
</PROPERTY>
<PROPERTY NAME="MajorVersion" TYPE="uint16">
<VALUE>2</VALUE>
</PROPERTY>
<PROPERTY NAME="MinorVersion" TYPE="uint16">
<VALUE>17</VALUE>
</PROPERTY>
<PROPERTY NAME="PLDMCapabilitiesDuringUpdate" TYPE="string">
<VALUE>0x00000000</VALUE>
</PROPERTY>
<PROPERTY NAME="PLDMFDPCapabilitiesDuringUpdate" TYPE="string">
<VALUE>0x00000000</VALUE>
</PROPERTY>
<PROPERTY NAME="RevisionNumber" TYPE="uint16">
<VALUE>1</VALUE>
</PROPERTY>
<PROPERTY NAME="RevisionString" TYPE="string">
<VALUE/>
</PROPERTY>
<PROPERTY NAME="SidebandUpdateCapable" TYPE="boolean">
<VALUE>0</VALUE>
</PROPERTY>
<PROPERTY NAME="Status" TYPE="string">
<VALUE>Available</VALUE>
</PROPERTY>
<PROPERTY NAME="SubDeviceID" TYPE="string">
<VALUE/>
</PROPERTY>
<PROPERTY NAME="SubVendorID" TYPE="string">
<VALUE/>
</PROPERTY>
<PROPERTY NAME="Updateable" TYPE="boolean">
<VALUE>1</VALUE>
</PROPERTY>
<PROPERTY NAME="VendorID" TYPE="string">
<VALUE/>
</PROPERTY>
<PROPERTY NAME="VersionString" TYPE="string">
<VALUE>2.17.1</VALUE>
</PROPERTY>
<PROPERTY NAME="impactsTPMmeasurements" TYPE="boolean">
<VALUE>1</VALUE>
</PROPERTY>
</INSTANCE>
</VALUE.NAMEDINSTANCE>
<VALUE.NAMEDINSTANCE>
<INSTANCENAME CLASSNAME="DCIM_SoftwareIdentity">
<KEYBINDING NAME="InstanceID">
<KEYVALUE VALUETYPE="string">DCIM:INSTALLED#802__USC.Embedded.1:LC.Embedded.1</KEYVALUE>
</KEYBINDING>
</INSTANCENAME>
<INSTANCE CLASSNAME="DCIM_SoftwareIdentity">
<PROPERTY NAME="BuildNumber" TYPE="uint16">
<VALUE>0</VALUE>
</PROPERTY>
<PROPERTY.ARRAY NAME="Classifications" TYPE="uint16">
<VALUE.ARRAY>
<VALUE>10</VALUE>

</VALUE.ARRAY>
</PROPERTY.ARRAY>
<PROPERTY NAME="ComponentID" TYPE="string">
<VALUE>28897</VALUE>
</PROPERTY>
<PROPERTY NAME="ComponentType" TYPE="string">
<VALUE>APAC</VALUE>
</PROPERTY>
<PROPERTY NAME="DeviceID" TYPE="string">
<VALUE/>
</PROPERTY>
<PROPERTY NAME="ElementName" TYPE="string">
<VALUE>Lifecycle Controller</VALUE>
</PROPERTY>
<PROPERTY NAME="FQDD" TYPE="string">
<VALUE>USC.Embedded.1:LC.Embedded.1</VALUE>
</PROPERTY>
<PROPERTY NAME="HashValue" TYPE="string">
<VALUE/>
</PROPERTY>
<PROPERTY.ARRAY NAME="IdentityInfoType" TYPE="string">
<VALUE.ARRAY>
<VALUE>OrgID:ComponentType:ComponentID</VALUE>

</VALUE.ARRAY>
</PROPERTY.ARRAY>
<PROPERTY.ARRAY NAME="IdentityInfoValue" TYPE="string">
<VALUE.ARRAY>
<VALUE>DCIM:firmware:28897</VALUE>

</VALUE.ARRAY>
</PROPERTY.ARRAY>
<PROPERTY NAME="InstallationDate" TYPE="string">
<VALUE>2023-05-29T06:27:46Z</VALUE>
</PROPERTY>
<PROPERTY NAME="InstanceID" TYPE="string">
<VALUE>DCIM:INSTALLED#802__USC.Embedded.1:LC.Embedded.1</VALUE>
</PROPERTY>
<PROPERTY NAME="IsEntity" TYPE="boolean">
<VALUE>1</VALUE>
</PROPERTY>
<PROPERTY NAME="MajorVersion" TYPE="uint16">
<VALUE>6</VALUE>
</PROPERTY>
<PROPERTY NAME="MinorVersion" TYPE="uint16">
<VALUE>10</VALUE>
</PROPERTY>
<PROPERTY NAME="PLDMCapabilitiesDuringUpdate" TYPE="string">
<VALUE>0x00000000</VALUE>
</PROPERTY>
<PROPERTY NAME="PLDMFDPCapabilitiesDuringUpdate" TYPE="string">
<VALUE>0x00000000</VALUE>
</PROPERTY>
<PROPERTY NAME="RevisionNumber" TYPE="uint16">
<VALUE>0</VALUE>
</PROPERTY>
<PROPERTY NAME="RevisionString" TYPE="string">
<VALUE/>
</PROPERTY>
<PROPERTY NAME="SidebandUpdateCapable" TYPE="boolean">
<VALUE>0</VALUE>
</PROPERTY>
<PROPERTY NAME="Status" TYPE="string">
<VALUE>Installed</VALUE>
</PROPERTY>
<PROPERTY NAME="SubDeviceID" TYPE="string">
<VALUE/>
</PROPERTY>
<PROPERTY NAME="SubVendorID" TYPE="string">
<VALUE/>
</PROPERTY>
<PROPERTY NAME="Updateable" TYPE="boolean">
<VALUE>0</VALUE>
</PROPERTY>
<PROPERTY NAME="VendorID" TYPE="string">
<VALUE/>
</PROPERTY>
<PROPERTY NAME="VersionString" TYPE="string">
<VALUE>6.10.00.00</VALUE>
</PROPERTY>
<PROPERTY NAME="impactsTPMmeasurements" TYPE="boolean">
<VALUE>0</VALUE>
</PROPERTY>
</INSTANCE>
</VALUE.NAMEDINSTANCE>
<VALUE.NAMEDINSTANCE>
<INSTANCENAME CLASSNAME="DCIM_SoftwareIdentity">
<KEYBINDING NAME="InstanceID">
<KEYVALUE VALUETYPE="string">DCIM:INSTALLED#803__CPLD.Embedded.1</KEYVALUE>
</KEYBINDING>
</INSTANCENAME>
<INSTANCE CLASSNAME="DCIM_SoftwareIdentity">
<PROPERTY NAME="BuildNumber" TYPE="uint16">
<VALUE>0</VALUE>
</PROPERTY>
<PROPERTY.ARRAY NAME="Classifications" TYPE="uint16">
<VALUE.ARRAY>
<VALUE>10</VALUE>

</VALUE.ARRAY>
</PROPERTY.ARRAY>
<PROPERTY NAME="ComponentID" TYPE="string">
<VALUE>27763</VALUE>
</PROPERTY>
<PROPERTY NAME="ComponentType" TYPE="string">
<VALUE>FRMW</VALUE>
</PROPERTY>
<PROPERTY NAME="DeviceID" TYPE="string">
<VALUE/>
</PROPERTY>
<PROPERTY NAME="ElementName" TYPE="string">
<VALUE>System CPLD</VALUE>
</PROPERTY>
<PROPERTY NAME="FQDD" TYPE="string">
<VALUE>CPLD.Embedded.1</VALUE>
</PROPERTY>
<PROPERTY NAME="HashValue" TYPE="string">
<VALUE/>
</PROPERTY>
<PROPERTY.ARRAY NAME="IdentityInfoType" TYPE="string">
<VALUE.ARRAY>
<VALUE>OrgID:ComponentType:ComponentID</VALUE>

</VALUE.ARRAY>
</PROPERTY.ARRAY>
<PROPERTY.ARRAY NAME="IdentityInfoValue" TYPE="string">
<VALUE.ARRAY>
<VALUE>DCIM:firmware:27763</VALUE>

</VALUE.ARRAY>
</PROPERTY.ARRAY>
<PROPERTY NAME="InstallationDate" TYPE="string">
<VALUE>2022-10-06T17:07:27Z</VALUE>
</PROPERTY>
<PROPERTY NAME="InstanceID" TYPE="string">
<VALUE>DCIM:INSTALLED#803__CPLD.Embedded.1</VALUE>
</PROPERTY>
<PROPERTY NAME="IsEntity" TYPE="boolean">
<VALUE>1</VALUE>
</PROPERTY>
<PROPERTY NAME="MajorVersion" TYPE="uint16">
<VALUE>1</VALUE>
</PROPERTY>
<PROPERTY NAME="MinorVersion" TYPE="uint16">
<VALUE>1</VALUE>
</PROPERTY>
<PROPERTY NAME="PLDMCapabilitiesDuringUpdate" TYPE="string">
<VALUE>0x00000000</VALUE>
</PROPERTY>
<PROPERTY NAME="PLDMFDPCapabilitiesDuringUpdate" TYPE="string">
<VALUE>0x00000000</VALUE>
</PROPERTY>
<PROPERTY NAME="RevisionNumber" TYPE="uint16">
<VALUE>4</VALUE>
</PROPERTY>
<PROPERTY NAME="RevisionString" TYPE="string">
<VALUE/>
</PROPERTY>
<PROPERTY NAME="SidebandUpdateCapable" TYPE="boolean">
<VALUE>0</VALUE>
</PROPERTY>
<PROPERTY NAME="Status" TYPE="string">
<VALUE>Installed</VALUE>
</PROPERTY>
<PROPERTY NAME="SubDeviceID" TYPE="string">
<VALUE/>
</PROPERTY>
<PROPERTY NAME="SubVendorID" TYPE="string">
<VALUE/>
</PROPERTY>
<PROPERTY NAME="Updateable" TYPE="boolean">
<VALUE>1</VALUE>
</PROPERTY>
<PROPERTY NAME="VendorID" TYPE="string">
<VALUE/>
</PROPERTY>
<PROPERTY NAME="VersionString" TYPE="string">
<VALUE>1.1.4</VALUE>
</PROPERTY>
<PROPERTY NAME="impactsTPMmeasurements" TYPE="boolean">
<VALUE>0</VALUE>
</PROPERTY>
</INSTANCE>
</VALUE.NAMEDINSTANCE>
<VALUE.NAMEDINSTANCE>
<INSTANCENAME CLASSNAME="DCIM_SoftwareIdentity">
<KEYBINDING NAME="InstanceID">
<KEYVALUE VALUETYPE="string">DCIM:INSTALLED#802__Diagnostics.Embedded.1:LC.Embedded.1</KEYVALUE>
</KEYBINDING>
</INSTANCENAME>
<INSTANCE CLASSNAME="DCIM_SoftwareIdentity">
<PROPERTY NAME="BuildNumber" TYPE="uint16">
<VALUE/>
</PROPERTY>
<PROPERTY.ARRAY NAME="Classifications" TYPE="uint16">
<VALUE.ARRAY>
<VALUE>10</VALUE>

</VALUE.ARRAY>
</PROPERTY.ARRAY>
<PROPERTY NAME="ComponentID" TYPE="string">
<VALUE>25806</VALUE>
</PROPERTY>
<PROPERTY NAME="ComponentType" TYPE="string">
<VALUE>APAC</VALUE>
</PROPERTY>
<PROPERTY NAME="DeviceID" TYPE="string">
<VALUE/>
</PROPERTY>
<PROPERTY NAME="ElementName" TYPE="string">
<VALUE>Dell 64 Bit uEFI Diagnostics, version 4301, 4301A54, 4301.55</VALUE>
</PROPERTY>
<PROPERTY NAME="FQDD" TYPE="string">
<VALUE>Diagnostics.Embedded.1:LC.Embedded.1</VALUE>
</PROPERTY>
<PROPERTY NAME="HashValue" TYPE="string">
<VALUE/>
</PROPERTY>
<PROPERTY.ARRAY NAME="IdentityInfoType" TYPE="string">
<VALUE.ARRAY>
<VALUE>OrgID:ComponentType:ComponentID</VALUE>

</VALUE.ARRAY>
</PROPERTY.ARRAY>
<PROPERTY.ARRAY NAME="IdentityInfoValue" TYPE="string">
<VALUE.ARRAY>
<VALUE>DCIM:firmware:25806</VALUE>

</VALUE.ARRAY>
</PROPERTY.ARRAY>
<PROPERTY NAME="InstallationDate" TYPE="string">
<VALUE>2023-05-29T00:08:29Z</VALUE>
</PROPERTY>
<PROPERTY NAME="InstanceID" TYPE="string">
<VALUE>DCIM:INSTALLED#802__Diagnostics.Embedded.1:LC.Embedded.1</VALUE>
</PROPERTY>
<PROPERTY NAME="IsEntity" TYPE="boolean">
<VALUE>1</VALUE>
</PROPERTY>
<PROPERTY NAME="MajorVersion" TYPE="uint16">
<VALUE/>
</PROPERTY>
<PROPERTY NAME="MinorVersion" TYPE="uint16">
<VALUE/>
</PROPERTY>
<PROPERTY NAME="PLDMCapabilitiesDuringUpdate" TYPE="string">
<VALUE>0x00000000</VALUE>
</PROPERTY>
<PROPERTY NAME="PLDMFDPCapabilitiesDuringUpdate" TYPE="string">
<VALUE>0x00000000</VALUE>
</PROPERTY>
<PROPERTY NAME="RevisionNumber" TYPE="uint16">
<VALUE/>
</PROPERTY>
<PROPERTY NAME="RevisionString" TYPE="string">
<VALUE/>
</PROPERTY>
<PROPERTY NAME="SidebandUpdateCapable" TYPE="boolean">
<VALUE>0</VALUE>
</PROPERTY>
<PROPERTY NAME="Status" TYPE="string">
<VALUE>Installed</VALUE>
</PROPERTY>
<PROPERTY NAME="SubDeviceID" TYPE="string">
<VALUE/>
</PROPERTY>
<PROPERTY NAME="SubVendorID" TYPE="string">
<VALUE/>
</PROPERTY>
<PROPERTY NAME="Updateable" TYPE="boolean">
<VALUE>1</VALUE>
</PROPERTY>
<PROPERTY NAME="VendorID" TYPE="string">
<VALUE/>
</PROPERTY>
<PROPERTY NAME="VersionString" TYPE="string">
<VALUE>4301A54</VALUE>
</PROPERTY>
<PROPERTY NAME="impactsTPMmeasurements" TYPE="boolean">
<VALUE>0</VALUE>
</PROPERTY>
</INSTANCE>
</VALUE.NAMEDINSTANCE>
<VALUE.NAMEDINSTANCE>
<INSTANCENAME CLASSNAME="DCIM_SoftwareIdentity">
<KEYBINDING NAME="InstanceID">
<KEYVALUE VALUETYPE="string">DCIM:INSTALLED#802__DriverPack.Embedded.1:LC.Embedded.1</KEYVALUE>
</KEYBINDING>
</INSTANCENAME>
<INSTANCE CLASSNAME="DCIM_SoftwareIdentity">
<PROPERTY NAME="BuildNumber" TYPE="uint16">
<VALUE>0</VALUE>
</PROPERTY>
<PROPERTY.ARRAY NAME="Classifications" TYPE="uint16">
<VALUE.ARRAY>
<VALUE>10</VALUE>

</VALUE.ARRAY>
</PROPERTY.ARRAY>
<PROPERTY NAME="ComponentID" TYPE="string">
<VALUE>18981</VALUE>
</PROPERTY>
<PROPERTY NAME="ComponentType" TYPE="string">
<VALUE>APAC</VALUE>
</PROPERTY>
<PROPERTY NAME="DeviceID" TYPE="string">
<VALUE/>
</PROPERTY>
<PROPERTY NAME="ElementName" TYPE="string">
<VALUE>Dell OS Driver Pack, 21.03.08, A00</VALUE>
</PROPERTY>
<PROPERTY NAME="FQDD" TYPE="string">
<VALUE>DriverPack.Embedded.1:LC.Embedded.1</VALUE>
</PROPERTY>
<PROPERTY NAME="HashValue" TYPE="string">
<VALUE/>
</PROPERTY>
<PROPERTY.ARRAY NAME="IdentityInfoType" TYPE="string">
<VALUE.ARRAY>
<VALUE>OrgID:ComponentType:ComponentID</VALUE>

</VALUE.ARRAY>
</PROPERTY.ARRAY>
<PROPERTY.ARRAY NAME="IdentityInfoValue" TYPE="string">
<VALUE.ARRAY>
<VALUE>DCIM:firmware:18981</VALUE>

</VALUE.ARRAY>
</PROPERTY.ARRAY>
<PROPERTY NAME="InstallationDate" TYPE="string">
<VALUE>2023-05-29T00:10:27Z</VALUE>
</PROPERTY>
<PROPERTY NAME="InstanceID" TYPE="string">
<VALUE>DCIM:INSTALLED#802__DriverPack.Embedded.1:LC.Embedded.1</VALUE>
</PROPERTY>
<PROPERTY NAME="IsEntity" TYPE="boolean">
<VALUE>1</VALUE>
</PROPERTY>
<PROPERTY NAME="MajorVersion" TYPE="uint16">
<VALUE>21</VALUE>
</PROPERTY>
<PROPERTY NAME="MinorVersion" TYPE="uint16">
<VALUE>3</VALUE>
</PROPERTY>
<PROPERTY NAME="PLDMCapabilitiesDuringUpdate" TYPE="string">
<VALUE>0x00000000</VALUE>
</PROPERTY>
<PROPERTY NAME="PLDMFDPCapabilitiesDuringUpdate" TYPE="string">
<VALUE>0x00000000</VALUE>
</PROPERTY>
<PROPERTY NAME="RevisionNumber" TYPE="uint16">
<VALUE>8</VALUE>
</PROPERTY>
<PROPERTY NAME="RevisionString" TYPE="string">
<VALUE/>
</PROPERTY>
<PROPERTY NAME="SidebandUpdateCapable" TYPE="boolean">
<VALUE>0</VALUE>
</PROPERTY>
<PROPERTY NAME="Status" TYPE="string">
<VALUE>Installed</VALUE>
</PROPERTY>
<PROPERTY NAME="SubDeviceID" TYPE="string">
<VALUE/>
</PROPERTY>
<PROPERTY NAME="SubVendorID" TYPE="string">
<VALUE/>
</PROPERTY>
<PROPERTY NAME="Updateable" TYPE="boolean">
<VALUE>1</VALUE>
</PROPERTY>
<PROPERTY NAME="VendorID" TYPE="string">
<VALUE/>
</PROPERTY>
<PROPERTY NAME="VersionString" TYPE="string">
<VALUE>21.03.08</VALUE>
</PROPERTY>
<PROPERTY NAME="impactsTPMmeasurements" TYPE="boolean">
<VALUE>0</VALUE>
</PROPERTY>
</INSTANCE>
</VALUE.NAMEDINSTANCE>
<VALUE.NAMEDINSTANCE>
<INSTANCENAME CLASSNAME="DCIM_SoftwareIdentity">
<KEYBINDING NAME="InstanceID">
<KEYVALUE VALUETYPE="string">DCIM:INSTALLED#802__OSCollector.Embedded.1</KEYVALUE>
</KEYBINDING>
</INSTANCENAME>
<INSTANCE CLASSNAME="DCIM_SoftwareIdentity">
<PROPERTY NAME="BuildNumber" TYPE="uint16">
<VALUE>0</VALUE>
</PROPERTY>
<PROPERTY.ARRAY NAME="Classifications" TYPE="uint16">
<VALUE.ARRAY>
<VALUE>10</VALUE>

</VALUE.ARRAY>
</PROPERTY.ARRAY>
<PROPERTY NAME="ComponentID" TYPE="string">
<VALUE>101734</VALUE>
</PROPERTY>
<PROPERTY NAME="ComponentType" TYPE="string">
<VALUE>APAC</VALUE>
</PROPERTY>
<PROPERTY NAME="DeviceID" TYPE="string">
<VALUE/>
</PROPERTY>
<PROPERTY NAME="ElementName" TYPE="string">
<VALUE>OS COLLECTOR, v6.0, A00</VALUE>
</PROPERTY>
<PROPERTY NAME="FQDD" TYPE="string">
<VALUE>OSCollector.Embedded.1</VALUE>
</PROPERTY>
<PROPERTY NAME="HashValue" TYPE="string">
<VALUE/>
</PROPERTY>
<PROPERTY.ARRAY NAME="IdentityInfoType" TYPE="string">
<VALUE.ARRAY>
<VALUE>OrgID:ComponentType:ComponentID</VALUE>

</VALUE.ARRAY>
</PROPERTY.ARRAY>
<PROPERTY.ARRAY NAME="IdentityInfoValue" TYPE="string">
<VALUE.ARRAY>
<VALUE>DCIM:firmware:101734</VALUE>

</VALUE.ARRAY>
</PROPERTY.ARRAY>
<PROPERTY NAME="InstallationDate" TYPE="string">
<VALUE>2022-10-06T20:37:16Z</VALUE>
</PROPERTY>
<PROPERTY NAME="InstanceID" TYPE="string">
<VALUE>DCIM:INSTALLED#802__OSCollector.Embedded.1</VALUE>
</PROPERTY>
<PROPERTY NAME="IsEntity" TYPE="boolean">
<VALUE>1</VALUE>
</PROPERTY>
<PROPERTY NAME="MajorVersion" TYPE="uint16">
<VALUE>6</VALUE>
</PROPERTY>
<PROPERTY NAME="MinorVersion" TYPE="uint16">
<VALUE>0</VALUE>
</PROPERTY>
<PROPERTY NAME="PLDMCapabilitiesDuringUpdate" TYPE="string">
<VALUE>0x00000000</VALUE>
</PROPERTY>
<PROPERTY NAME="PLDMFDPCapabilitiesDuringUpdate" TYPE="string">
<VALUE>0x00000000</VALUE>
</PROPERTY>
<PROPERTY NAME="RevisionNumber" TYPE="uint16">
<VALUE>0</VALUE>
</PROPERTY>
<PROPERTY NAME="RevisionString" TYPE="string">
<VALUE/>
</PROPERTY>
<PROPERTY NAME="SidebandUpdateCapable" TYPE="boolean">
<VALUE>0</VALUE>
</PROPERTY>
<PROPERTY NAME="Status" TYPE="string">
<VALUE>Installed</VALUE>
</PROPERTY>
<PROPERTY NAME="SubDeviceID" TYPE="string">
<VALUE/>
</PROPERTY>
<PROPERTY NAME="SubVendorID" TYPE="string">
<VALUE/>
</PROPERTY>
<PROPERTY NAME="Updateable" TYPE="boolean">
<VALUE>1</VALUE>
</PROPERTY>
<PROPERTY NAME="VendorID" TYPE="string">
<VALUE/>
</PROPERTY>
<PROPERTY NAME="VersionString" TYPE="string">
<VALUE>6.0</VALUE>
</PROPERTY>
<PROPERTY NAME="impactsTPMmeasurements" TYPE="boolean">
<VALUE>0</VALUE>
</PROPERTY>
</INSTANCE>
</VALUE.NAMEDINSTANCE>
<VALUE.NAMEDINSTANCE>
<INSTANCENAME CLASSNAME="DCIM_SoftwareIdentity">
<KEYBINDING NAME="InstanceID">
<KEYVALUE VALUETYPE="string">DCIM:INSTALLED#802__ServiceModule.Embedded.1</KEYVALUE>
</KEYBINDING>
</INSTANCENAME>
<INSTANCE CLASSNAME="DCIM_SoftwareIdentity">
<PROPERTY NAME="BuildNumber" TYPE="uint16">
<VALUE>0</VALUE>
</PROPERTY>
<PROPERTY.ARRAY NAME="Classifications" TYPE="uint16">
<VALUE.ARRAY>
<VALUE>10</VALUE>

</VALUE.ARRAY>
</PROPERTY.ARRAY>
<PROPERTY NAME="ComponentID" TYPE="string">
<VALUE>104684</VALUE>
</PROPERTY>
<PROPERTY NAME="ComponentType" TYPE="string">
<VALUE>APAC</VALUE>
</PROPERTY>
<PROPERTY NAME="DeviceID" TYPE="string">
<VALUE/>
</PROPERTY>
<PROPERTY NAME="ElementName" TYPE="string">
<VALUE>Dell EMC iDRAC Service Module Embedded Package v4.3.0.0, A00</VALUE>
</PROPERTY>
<PROPERTY NAME="FQDD" TYPE="string">
<VALUE>ServiceModule.Embedded.1</VALUE>
</PROPERTY>
<PROPERTY NAME="HashValue" TYPE="string">
<VALUE/>
</PROPERTY>
<PROPERTY.ARRAY NAME="IdentityInfoType" TYPE="string">
<VALUE.ARRAY>
<VALUE>OrgID:ComponentType:ComponentID</VALUE>

</VALUE.ARRAY>
</PROPERTY.ARRAY>
<PROPERTY.ARRAY NAME="IdentityInfoValue" TYPE="string">
<VALUE.ARRAY>
<VALUE>DCIM:firmware:104684</VALUE>

</VALUE.ARRAY>
</PROPERTY.ARRAY>
<PROPERTY NAME="InstallationDate" TYPE="string">
<VALUE>2022-10-06T20:37:16Z</VALUE>
</PROPERTY>
<PROPERTY NAME="InstanceID" TYPE="string">
<VALUE>DCIM:INSTALLED#802__ServiceModule.Embedded.1</VALUE>
</PROPERTY>
<PROPERTY NAME="IsEntity" TYPE="boolean">
<VALUE>1</VALUE>
</PROPERTY>
<PROPERTY NAME="MajorVersion" TYPE="uint16">
<VALUE>4</VALUE>
</PROPERTY>
<PROPERTY NAME="MinorVersion" TYPE="uint16">
<VALUE>3</VALUE>
</PROPERTY>
<PROPERTY NAME="PLDMCapabilitiesDuringUpdate" TYPE="string">
<VALUE>0x00000000</VALUE>
</PROPERTY>
<PROPERTY NAME="PLDMFDPCapabilitiesDuringUpdate" TYPE="string">
<VALUE>0x00000000</VALUE>
</PROPERTY>
<PROPERTY NAME="RevisionNumber" TYPE="uint16">
<VALUE>0</VALUE>
</PROPERTY>
<PROPERTY NAME="RevisionString" TYPE="string">
<VALUE/>
</PROPERTY>
<PROPERTY NAME="SidebandUpdateCapable" TYPE="boolean">
<VALUE>0</VALUE>
</PROPERTY>
<PROPERTY NAME="Status" TYPE="string">
<VALUE>Installed</VALUE>
</PROPERTY>
<PROPERTY NAME="SubDeviceID" TYPE="string">
<VALUE/>
</PROPERTY>
<PROPERTY NAME="SubVendorID" TYPE="string">
<VALUE/>
</PROPERTY>
<PROPERTY NAME="Updateable" TYPE="boolean">
<VALUE>1</VALUE>
</PROPERTY>
<PROPERTY NAME="VendorID" TYPE="string">
<VALUE/>
</PROPERTY>
<PROPERTY NAME="VersionString" TYPE="string">
<VALUE>4.3.0.0</VALUE>
</PROPERTY>
<PROPERTY NAME="impactsTPMmeasurements" TYPE="boolean">
<VALUE>0</VALUE>
</PROPERTY>
</INSTANCE>
</VALUE.NAMEDINSTANCE>
<VALUE.NAMEDINSTANCE>
<INSTANCENAME CLASSNAME="DCIM_SoftwareIdentity">
<KEYBINDING NAME="InstanceID">
<KEYVALUE VALUETYPE="string">DCIM:INSTALLED#314_C_RAID.Backplane.Firmware.1</KEYVALUE>
</KEYBINDING>
</INSTANCENAME>
<INSTANCE CLASSNAME="DCIM_SoftwareIdentity">
<PROPERTY NAME="BuildNumber" TYPE="uint16">
<VALUE>0</VALUE>
</PROPERTY>
<PROPERTY.ARRAY NAME="Classifications" TYPE="uint16">
<VALUE.ARRAY>
<VALUE>10</VALUE>

</VALUE.ARRAY>
</PROPERTY.ARRAY>
<PROPERTY NAME="ComponentID" TYPE="string">
<VALUE>104102</VALUE>
</PROPERTY>
<PROPERTY NAME="ComponentType" TYPE="string">
<VALUE>FRMW</VALUE>
</PROPERTY>
<PROPERTY NAME="DeviceID" TYPE="string">
<VALUE/>
</PROPERTY>
<PROPERTY NAME="ElementName" TYPE="string">
<VALUE>Backplane 1</VALUE>
</PROPERTY>
<PROPERTY NAME="FQDD" TYPE="string">
<VALUE>RAID.Backplane.Firmware.1</VALUE>
</PROPERTY>
<PROPERTY NAME="HashValue" TYPE="string">
<VALUE>fb723605b0c2f697fd7f776a16430c55115d5d0bfffedd69e368165ea4780e20</VALUE>
</PROPERTY>
<PROPERTY.ARRAY NAME="IdentityInfoType" TYPE="string">
<VALUE.ARRAY>
<VALUE>OrgID:ComponentType:ComponentID</VALUE>

</VALUE.ARRAY>
</PROPERTY.ARRAY>
<PROPERTY.ARRAY NAME="IdentityInfoValue" TYPE="string">
<VALUE.ARRAY>
<VALUE>DCIM:firmware:104102</VALUE>

</VALUE.ARRAY>
</PROPERTY.ARRAY>
<PROPERTY NAME="InstallationDate" TYPE="string">
<VALUE>2022-10-06T17:48:58Z</VALUE>
</PROPERTY>
<PROPERTY NAME="InstanceID" TYPE="string">
<VALUE>DCIM:INSTALLED#314_C_RAID.Backplane.Firmware.1</VALUE>
</PROPERTY>
<PROPERTY NAME="IsEntity" TYPE="boolean">
<VALUE>1</VALUE>
</PROPERTY>
<PROPERTY NAME="MajorVersion" TYPE="uint16">
<VALUE>2</VALUE>
</PROPERTY>
<PROPERTY NAME="MinorVersion" TYPE="uint16">
<VALUE>52</VALUE>
</PROPERTY>
<PROPERTY NAME="PLDMCapabilitiesDuringUpdate" TYPE="string">
<VALUE>0x00000000</VALUE>
</PROPERTY>
<PROPERTY NAME="PLDMFDPCapabilitiesDuringUpdate" TYPE="string">
<VALUE>0x00000000</VALUE>
</PROPERTY>
<PROPERTY NAME="RevisionNumber" TYPE="uint16">
<VALUE>0</VALUE>
</PROPERTY>
<PROPERTY NAME="RevisionString" TYPE="string">
<VALUE/>
</PROPERTY>
<PROPERTY NAME="SidebandUpdateCapable" TYPE="boolean">
<VALUE>0</VALUE>
</PROPERTY>
<PROPERTY NAME="Status" TYPE="string">
<VALUE>Installed</VALUE>
</PROPERTY>
<PROPERTY NAME="SubDeviceID" TYPE="string">
<VALUE/>
</PROPERTY>
<PROPERTY NAME="SubVendorID" TYPE="string">
<VALUE/>
</PROPERTY>
<PROPERTY NAME="Updateable" TYPE="boolean">
<VALUE>1</VALUE>
</PROPERTY>
<PROPERTY NAME="VendorID" TYPE="string">
<VALUE/>
</PROPERTY>
<PROPERTY NAME="VersionString" TYPE="string">
<VALUE>2.52</VALUE>
</PROPERTY>
<PROPERTY NAME="impactsTPMmeasurements" TYPE="boolean">
<VALUE>0</VALUE>
</PROPERTY>
</INSTANCE>
</VALUE.NAMEDINSTANCE>
<VALUE.NAMEDINSTANCE>
<INSTANCENAME CLASSNAME="DCIM_SoftwareIdentity">
<KEYBINDING NAME="InstanceID">
<KEYVALUE VALUETYPE="string">DCIM:CURRENT#314_C_RAID.Backplane.Firmware.1</KEYVALUE>
</KEYBINDING>
</INSTANCENAME>
<INSTANCE CLASSNAME="DCIM_SoftwareIdentity">
<PROPERTY NAME="BuildNumber" TYPE="uint16">
<VALUE>0</VALUE>
</PROPERTY>
<PROPERTY.ARRAY NAME="Classifications" TYPE="uint16">
<VALUE.ARRAY>
<VALUE>10</VALUE>

</VALUE.ARRAY>
</PROPERTY.ARRAY>
<PROPERTY NAME="ComponentID" TYPE="string">
<VALUE>104102</VALUE>
</PROPERTY>
<PROPERTY NAME="ComponentType" TYPE="string">
<VALUE>FRMW</VALUE>
</PROPERTY>
<PROPERTY NAME="DeviceID" TYPE="string">
<VALUE/>
</PROPERTY>
<PROPERTY NAME="ElementName" TYPE="string">
<VALUE>Backplane 1</VALUE>
</PROPERTY>
<PROPERTY NAME="FQDD" TYPE="string">
<VALUE>RAID.Backplane.Firmware.1</VALUE>
</PROPERTY>
<PROPERTY NAME="HashValue" TYPE="string">
<VALUE>fb723605b0c2f697fd7f776a16430c55115d5d0bfffedd69e368165ea4780e20</VALUE>
</PROPERTY>
<PROPERTY.ARRAY NAME="IdentityInfoType" TYPE="string">
<VALUE.ARRAY>
<VALUE>OrgID:ComponentType:ComponentID</VALUE>

</VALUE.ARRAY>
</PROPERTY.ARRAY>
<PROPERTY.ARRAY NAME="IdentityInfoValue" TYPE="string">
<VALUE.ARRAY>
<VALUE>DCIM:firmware:104102</VALUE>

</VALUE.ARRAY>
</PROPERTY.ARRAY>
<PROPERTY NAME="InstallationDate" TYPE="string">
<VALUE>NA</VALUE>
</PROPERTY>
<PROPERTY NAME="InstanceID" TYPE="string">
<VALUE>DCIM:CURRENT#314_C_RAID.Backplane.Firmware.1</VALUE>
</PROPERTY>
<PROPERTY NAME="IsEntity" TYPE="boolean">
<VALUE>1</VALUE>
</PROPERTY>
<PROPERTY NAME="MajorVersion" TYPE="uint16">
<VALUE>2</VALUE>
</PROPERTY>
<PROPERTY NAME="MinorVersion" TYPE="uint16">
<VALUE>52</VALUE>
</PROPERTY>
<PROPERTY NAME="PLDMCapabilitiesDuringUpdate" TYPE="string">
<VALUE>0x00000000</VALUE>
</PROPERTY>
<PROPERTY NAME="PLDMFDPCapabilitiesDuringUpdate" TYPE="string">
<VALUE>0x00000000</VALUE>
</PROPERTY>
<PROPERTY NAME="RevisionNumber" TYPE="uint16">
<VALUE>0</VALUE>
</PROPERTY>
<PROPERTY NAME="RevisionString" TYPE="string">
<VALUE/>
</PROPERTY>
<PROPERTY NAME="SidebandUpdateCapable" TYPE="boolean">
<VALUE>0</VALUE>
</PROPERTY>
<PROPERTY NAME="Status" TYPE="string">
<VALUE>Available</VALUE>
</PROPERTY>
<PROPERTY NAME="SubDeviceID" TYPE="string">
<VALUE/>
</PROPERTY>
<PROPERTY NAME="SubVendorID" TYPE="string">
<VALUE/>
</PROPERTY>
<PROPERTY NAME="Updateable" TYPE="boolean">
<VALUE>1</VALUE>
</PROPERTY>
<PROPERTY NAME="VendorID" TYPE="string">
<VALUE/>
</PROPERTY>
<PROPERTY NAME="VersionString" TYPE="string">
<VALUE>2.52</VALUE>
</PROPERTY>
<PROPERTY NAME="impactsTPMmeasurements" TYPE="boolean">
<VALUE>0</VALUE>
</PROPERTY>
</INSTANCE>
</VALUE.NAMEDINSTANCE>
</SIMPLEREQ>
</MESSAGE>
</CIM>