<?xml version="1.0" encoding="utf-8" ?>
<CIM CIMVERSION="2.0" DTDVERSION="2.0">
<MESSAGE ID="4711" PROTOCOLVERSION="1.0">
<SIMPLEREQ>
<VALUE.NAMEDINSTANCE>
<INSTANCENAME CLASSNAME="DCIM_CSEnabledLogicalElementCapabilities">
<KEYBINDING NAME="InstanceID">
<KEYVALUE VALUETYPE="string">DCIM:ComputerCap:1</KEYVALUE>
</KEYBINDING>
</INSTANCENAME>
<INSTANCE CLASSNAME="DCIM_CSEnabledLogicalElementCapabilities">
<PROPERTY NAME="ElementName" TYPE="string">
<VALUE>Computer System Capabilities</VALUE>
</PROPERTY>
<PROPERTY NAME="ElementNameEditSupported" TYPE="boolean">
<VALUE>0</VALUE>
</PROPERTY>
<PROPERTY NAME="InstanceID" TYPE="string">
<VALUE>DCIM:ComputerCap:1</VALUE>
</PROPERTY>
<PROPERTY.ARRAY NAME="RequestedStatesSupported" TYPE="uint16">
<VALUE.ARRAY>
<VALUE>2</VALUE>
<VALUE>3</VALUE>
<VALUE>11</VALUE>

</VALUE.ARRAY>
</PROPERTY.ARRAY>
</INSTANCE>
</VALUE.NAMEDINSTANCE><VALUE.NAMEDINSTANCE>
<INSTANCENAME CLASSNAME="DCIM_CSPowerManagementCapabilities">
<KEYBINDING NAME="InstanceID">
<KEYVALUE VALUETYPE="string">DCIM:pwrmgtcap1</KEYVALUE>
</KEYBINDING>
</INSTANCENAME>
<INSTANCE CLASSNAME="DCIM_CSPowerManagementCapabilities">
<PROPERTY NAME="ElementName" TYPE="string">
<VALUE>Power Management Capabilities</VALUE>
</PROPERTY>
<PROPERTY NAME="InstanceID" TYPE="string">
<VALUE>DCIM:pwrmgtcap1</VALUE>
</PROPERTY>
<PROPERTY.ARRAY NAME="PowerChangeCapabilities" TYPE="uint16">
<VALUE.ARRAY>
<VALUE>3</VALUE>
<VALUE>4</VALUE>
<VALUE>7</VALUE>
<VALUE>8</VALUE>

</VALUE.ARRAY>
</PROPERTY.ARRAY>
<PROPERTY.ARRAY NAME="PowerStatesSupported" TYPE="uint16">
<VALUE.ARRAY>
<VALUE>2</VALUE>
<VALUE>5</VALUE>
<VALUE>8</VALUE>
<VALUE>10</VALUE>
<VALUE>11</VALUE>
<VALUE>12</VALUE>

</VALUE.ARRAY>
</PROPERTY.ARRAY>
<PROPERTY.ARRAY NAME="RequestedPowerStatesSupported" TYPE="uint16">
<VALUE.ARRAY>
<VALUE>2</VALUE>
<VALUE>5</VALUE>
<VALUE>8</VALUE>
<VALUE>10</VALUE>
<VALUE>11</VALUE>
<VALUE>12</VALUE>

</VALUE.ARRAY>
</PROPERTY.ARRAY>
</INSTANCE>
</VALUE.NAMEDINSTANCE><VALUE.NAMEDINSTANCE>
<INSTANCENAME CLASSNAME="DCIM_FCCapabilities">
<KEYBINDING NAME="InstanceID">
<KEYVALUE VALUETYPE="string">FC.Slot.1-1</KEYVALUE>
</KEYBINDING>
</INSTANCENAME>
<INSTANCE CLASSNAME="DCIM_FCCapabilities">
<PROPERTY NAME="FCBootSupport" TYPE="uint8">
<VALUE>2</VALUE>
</PROPERTY>
<PROPERTY NAME="FCMaxIOsPerSession" TYPE="uint16">
<VALUE>6144</VALUE>
</PROPERTY>
<PROPERTY NAME="FCMaxNPIVPerPort" TYPE="uint16">
<VALUE>272</VALUE>
</PROPERTY>
<PROPERTY NAME="FCMaxNumberExchanges" TYPE="uint16">
<VALUE>6144</VALUE>
</PROPERTY>
<PROPERTY NAME="FCMaxNumberLogins" TYPE="uint16">
<VALUE>6144</VALUE>
</PROPERTY>
<PROPERTY NAME="FCMaxNumberOfFCTargets" TYPE="uint16">
<VALUE>0</VALUE>
</PROPERTY>
<PROPERTY NAME="FCMaxNumberOutStandingCommands" TYPE="uint16">
<VALUE>12289</VALUE>
</PROPERTY>
<PROPERTY NAME="FQDD" TYPE="string">
<VALUE>FC.Slot.1-1</VALUE>
</PROPERTY>
<PROPERTY NAME="FeatureLicensingSupport" TYPE="uint8">
<VALUE>3</VALUE>
</PROPERTY>
<PROPERTY NAME="FlexAddressingSupport" TYPE="uint8">
<VALUE>2</VALUE>
</PROPERTY>
<PROPERTY NAME="InstanceID" TYPE="string">
<VALUE>FC.Slot.1-1</VALUE>
</PROPERTY>
<PROPERTY NAME="OnChipThermalSensor" TYPE="uint8">
<VALUE>2</VALUE>
</PROPERTY>
<PROPERTY NAME="PersistencePolicySupport" TYPE="uint8">
<VALUE>2</VALUE>
</PROPERTY>
<PROPERTY NAME="uEFISupport" TYPE="uint8">
<VALUE>2</VALUE>
</PROPERTY>
</INSTANCE>
</VALUE.NAMEDINSTANCE>
<VALUE.NAMEDINSTANCE>
<INSTANCENAME CLASSNAME="DCIM_FCCapabilities">
<KEYBINDING NAME="InstanceID">
<KEYVALUE VALUETYPE="string">FC.Slot.1-2</KEYVALUE>
</KEYBINDING>
</INSTANCENAME>
<INSTANCE CLASSNAME="DCIM_FCCapabilities">
<PROPERTY NAME="FCBootSupport" TYPE="uint8">
<VALUE>2</VALUE>
</PROPERTY>
<PROPERTY NAME="FCMaxIOsPerSession" TYPE="uint16">
<VALUE>6144</VALUE>
</PROPERTY>
<PROPERTY NAME="FCMaxNPIVPerPort" TYPE="uint16">
<VALUE>272</VALUE>
</PROPERTY>
<PROPERTY NAME="FCMaxNumberExchanges" TYPE="uint16">
<VALUE>6144</VALUE>
</PROPERTY>
<PROPERTY NAME="FCMaxNumberLogins" TYPE="uint16">
<VALUE>6144</VALUE>
</PROPERTY>
<PROPERTY NAME="FCMaxNumberOfFCTargets" TYPE="uint16">
<VALUE>0</VALUE>
</PROPERTY>
<PROPERTY NAME="FCMaxNumberOutStandingCommands" TYPE="uint16">
<VALUE>12289</VALUE>
</PROPERTY>
<PROPERTY NAME="FQDD" TYPE="string">
<VALUE>FC.Slot.1-2</VALUE>
</PROPERTY>
<PROPERTY NAME="FeatureLicensingSupport" TYPE="uint8">
<VALUE>3</VALUE>
</PROPERTY>
<PROPERTY NAME="FlexAddressingSupport" TYPE="uint8">
<VALUE>2</VALUE>
</PROPERTY>
<PROPERTY NAME="InstanceID" TYPE="string">
<VALUE>FC.Slot.1-2</VALUE>
</PROPERTY>
<PROPERTY NAME="OnChipThermalSensor" TYPE="uint8">
<VALUE>2</VALUE>
</PROPERTY>
<PROPERTY NAME="PersistencePolicySupport" TYPE="uint8">
<VALUE>2</VALUE>
</PROPERTY>
<PROPERTY NAME="uEFISupport" TYPE="uint8">
<VALUE>2</VALUE>
</PROPERTY>
</INSTANCE>
</VALUE.NAMEDINSTANCE>
<VALUE.NAMEDINSTANCE>
<INSTANCENAME CLASSNAME="DCIM_FCCapabilities">
<KEYBINDING NAME="InstanceID">
<KEYVALUE VALUETYPE="string">FC.Slot.7-1</KEYVALUE>
</KEYBINDING>
</INSTANCENAME>
<INSTANCE CLASSNAME="DCIM_FCCapabilities">
<PROPERTY NAME="FCBootSupport" TYPE="uint8">
<VALUE>2</VALUE>
</PROPERTY>
<PROPERTY NAME="FCMaxIOsPerSession" TYPE="uint16">
<VALUE>6144</VALUE>
</PROPERTY>
<PROPERTY NAME="FCMaxNPIVPerPort" TYPE="uint16">
<VALUE>272</VALUE>
</PROPERTY>
<PROPERTY NAME="FCMaxNumberExchanges" TYPE="uint16">
<VALUE>6144</VALUE>
</PROPERTY>
<PROPERTY NAME="FCMaxNumberLogins" TYPE="uint16">
<VALUE>6144</VALUE>
</PROPERTY>
<PROPERTY NAME="FCMaxNumberOfFCTargets" TYPE="uint16">
<VALUE>0</VALUE>
</PROPERTY>
<PROPERTY NAME="FCMaxNumberOutStandingCommands" TYPE="uint16">
<VALUE>12289</VALUE>
</PROPERTY>
<PROPERTY NAME="FQDD" TYPE="string">
<VALUE>FC.Slot.7-1</VALUE>
</PROPERTY>
<PROPERTY NAME="FeatureLicensingSupport" TYPE="uint8">
<VALUE>3</VALUE>
</PROPERTY>
<PROPERTY NAME="FlexAddressingSupport" TYPE="uint8">
<VALUE>2</VALUE>
</PROPERTY>
<PROPERTY NAME="InstanceID" TYPE="string">
<VALUE>FC.Slot.7-1</VALUE>
</PROPERTY>
<PROPERTY NAME="OnChipThermalSensor" TYPE="uint8">
<VALUE>2</VALUE>
</PROPERTY>
<PROPERTY NAME="PersistencePolicySupport" TYPE="uint8">
<VALUE>2</VALUE>
</PROPERTY>
<PROPERTY NAME="uEFISupport" TYPE="uint8">
<VALUE>2</VALUE>
</PROPERTY>
</INSTANCE>
</VALUE.NAMEDINSTANCE>
<VALUE.NAMEDINSTANCE>
<INSTANCENAME CLASSNAME="DCIM_FCCapabilities">
<KEYBINDING NAME="InstanceID">
<KEYVALUE VALUETYPE="string">FC.Slot.7-2</KEYVALUE>
</KEYBINDING>
</INSTANCENAME>
<INSTANCE CLASSNAME="DCIM_FCCapabilities">
<PROPERTY NAME="FCBootSupport" TYPE="uint8">
<VALUE>2</VALUE>
</PROPERTY>
<PROPERTY NAME="FCMaxIOsPerSession" TYPE="uint16">
<VALUE>6144</VALUE>
</PROPERTY>
<PROPERTY NAME="FCMaxNPIVPerPort" TYPE="uint16">
<VALUE>272</VALUE>
</PROPERTY>
<PROPERTY NAME="FCMaxNumberExchanges" TYPE="uint16">
<VALUE>6144</VALUE>
</PROPERTY>
<PROPERTY NAME="FCMaxNumberLogins" TYPE="uint16">
<VALUE>6144</VALUE>
</PROPERTY>
<PROPERTY NAME="FCMaxNumberOfFCTargets" TYPE="uint16">
<VALUE>0</VALUE>
</PROPERTY>
<PROPERTY NAME="FCMaxNumberOutStandingCommands" TYPE="uint16">
<VALUE>12289</VALUE>
</PROPERTY>
<PROPERTY NAME="FQDD" TYPE="string">
<VALUE>FC.Slot.7-2</VALUE>
</PROPERTY>
<PROPERTY NAME="FeatureLicensingSupport" TYPE="uint8">
<VALUE>3</VALUE>
</PROPERTY>
<PROPERTY NAME="FlexAddressingSupport" TYPE="uint8">
<VALUE>2</VALUE>
</PROPERTY>
<PROPERTY NAME="InstanceID" TYPE="string">
<VALUE>FC.Slot.7-2</VALUE>
</PROPERTY>
<PROPERTY NAME="OnChipThermalSensor" TYPE="uint8">
<VALUE>2</VALUE>
</PROPERTY>
<PROPERTY NAME="PersistencePolicySupport" TYPE="uint8">
<VALUE>2</VALUE>
</PROPERTY>
<PROPERTY NAME="uEFISupport" TYPE="uint8">
<VALUE>2</VALUE>
</PROPERTY>
</INSTANCE>
</VALUE.NAMEDINSTANCE><VALUE.NAMEDINSTANCE>
<INSTANCENAME CLASSNAME="DCIM_LCRecordLogCapabilities">
<KEYBINDING NAME="InstanceID">
<KEYVALUE VALUETYPE="string">DCIM:LifeCycleLogCapabilities</KEYVALUE>
</KEYBINDING>
</INSTANCENAME>
<INSTANCE CLASSNAME="DCIM_LCRecordLogCapabilities">
<PROPERTY NAME="ElementNameEditSupported" TYPE="boolean">
<VALUE>0</VALUE>
</PROPERTY>
<PROPERTY NAME="InstanceID" TYPE="string">
<VALUE>DCIM:LifeCycleLogCapabilities</VALUE>
</PROPERTY>
<PROPERTY.ARRAY NAME="RequestedStatesSupported" TYPE="uint16">

</PROPERTY.ARRAY>
<PROPERTY.ARRAY NAME="SupportedRecordTypes" TYPE="uint16">
<VALUE.ARRAY>
<VALUE>3</VALUE>

</VALUE.ARRAY>
</PROPERTY.ARRAY>
</INSTANCE>
</VALUE.NAMEDINSTANCE><VALUE.NAMEDINSTANCE>
<INSTANCENAME CLASSNAME="DCIM_MetricServiceCapabilities">
<KEYBINDING NAME="InstanceID">
<KEYVALUE VALUETYPE="string">DCIM:MetricServiceCapabilities:1</KEYVALUE>
</KEYBINDING>
</INSTANCENAME>
<INSTANCE CLASSNAME="DCIM_MetricServiceCapabilities">
<PROPERTY.ARRAY NAME="ControllableManagedElements" TYPE="string">

</PROPERTY.ARRAY>
<PROPERTY.ARRAY NAME="ControllableMetrics" TYPE="string">
<VALUE.ARRAY>
<VALUE>http://schemas.dell.com/wbem/wscim/1/cim-schema/2/root/dcim/DCIM_AggregationMetricDefinition?Id=AggrMetricDef:0</VALUE>
<VALUE>http://schemas.dell.com/wbem/wscim/1/cim-schema/2/root/dcim/DCIM_AggregationMetricDefinition?Id=AggrMetricDef:3</VALUE>
<VALUE>http://schemas.dell.com/wbem/wscim/1/cim-schema/2/root/dcim/DCIM_BaseMetricDefinition?Id=DCIM:BaseMetricDefinition:1</VALUE>

</VALUE.ARRAY>
</PROPERTY.ARRAY>
<PROPERTY NAME="ElementName" TYPE="string">
<VALUE>Metric Service Capabilities</VALUE>
</PROPERTY>
<PROPERTY NAME="InstanceID" TYPE="string">
<VALUE>DCIM:MetricServiceCapabilities:1</VALUE>
</PROPERTY>
<PROPERTY.ARRAY NAME="ManagedElementControlTypes" TYPE="uint16">

</PROPERTY.ARRAY>
<PROPERTY.ARRAY NAME="MetricsControlTypes" TYPE="uint16">
<VALUE.ARRAY>
<VALUE>4</VALUE>
<VALUE>4</VALUE>
<VALUE>4</VALUE>

</VALUE.ARRAY>
</PROPERTY.ARRAY>
<PROPERTY.ARRAY NAME="SupportedMethods" TYPE="uint16">
<VALUE.ARRAY>
<VALUE>2</VALUE>

</VALUE.ARRAY>
</PROPERTY.ARRAY>
</INSTANCE>
</VALUE.NAMEDINSTANCE><VALUE.NAMEDINSTANCE>
<INSTANCENAME CLASSNAME="DCIM_NICCapabilities">
<KEYBINDING NAME="InstanceID">
<KEYVALUE VALUETYPE="string">NIC.Slot.8-1-1</KEYVALUE>
</KEYBINDING>
</INSTANCENAME>
<INSTANCE CLASSNAME="DCIM_NICCapabilities">
<PROPERTY NAME="BPESupport" TYPE="uint8">
<VALUE>3</VALUE>
</PROPERTY>
<PROPERTY NAME="CongestionNotification" TYPE="uint8">
<VALUE>2</VALUE>
</PROPERTY>
<PROPERTY NAME="DCBExchangeProtocol" TYPE="uint8">
<VALUE>2</VALUE>
</PROPERTY>
<PROPERTY NAME="ETS" TYPE="uint8">
<VALUE>2</VALUE>
</PROPERTY>
<PROPERTY NAME="EVBModesSupport" TYPE="uint8">
<VALUE>3</VALUE>
</PROPERTY>
<PROPERTY NAME="EnergyEfficientEthernet" TYPE="uint8">
<VALUE>3</VALUE>
</PROPERTY>
<PROPERTY NAME="FCoEBootSupport" TYPE="uint8">
<VALUE>3</VALUE>
</PROPERTY>
<PROPERTY NAME="FCoEMaxIOsPerSession" TYPE="uint16">
<VALUE>0</VALUE>
</PROPERTY>
<PROPERTY NAME="FCoEMaxNPIVPerPort" TYPE="uint16">
<VALUE>0</VALUE>
</PROPERTY>
<PROPERTY NAME="FCoEMaxNumberExchanges" TYPE="uint16">
<VALUE>0</VALUE>
</PROPERTY>
<PROPERTY NAME="FCoEMaxNumberLogins" TYPE="uint16">
<VALUE>0</VALUE>
</PROPERTY>
<PROPERTY NAME="FCoEMaxNumberOfFCTargets" TYPE="uint16">
<VALUE>0</VALUE>
</PROPERTY>
<PROPERTY NAME="FCoEMaxNumberOutStandingCommands" TYPE="uint16">
<VALUE>0</VALUE>
</PROPERTY>
<PROPERTY NAME="FCoEOffloadSupport" TYPE="uint8">
<VALUE>3</VALUE>
</PROPERTY>
<PROPERTY NAME="FQDD" TYPE="string">
<VALUE>NIC.Slot.8-1-1</VALUE>
</PROPERTY>
<PROPERTY NAME="FeatureLicensingSupport" TYPE="uint8">
<VALUE>3</VALUE>
</PROPERTY>
<PROPERTY NAME="FlexAddressingSupport" TYPE="uint8">
<VALUE>2</VALUE>
</PROPERTY>
<PROPERTY NAME="IPSecOffloadSupport" TYPE="uint8">
<VALUE>3</VALUE>
</PROPERTY>
<PROPERTY NAME="InstanceID" TYPE="string">
<VALUE>NIC.Slot.8-1-1</VALUE>
</PROPERTY>
<PROPERTY NAME="MACSecSupport" TYPE="uint8">
<VALUE>3</VALUE>
</PROPERTY>
<PROPERTY NAME="NWManagementPassThrough" TYPE="uint8">
<VALUE>3</VALUE>
</PROPERTY>
<PROPERTY NAME="NicPartitioningSupport" TYPE="uint8">
<VALUE>3</VALUE>
</PROPERTY>
<PROPERTY NAME="OSBMCManagementPassThrough" TYPE="uint8">
<VALUE>3</VALUE>
</PROPERTY>
<PROPERTY NAME="OnChipThermalSensor" TYPE="uint8">
<VALUE>2</VALUE>
</PROPERTY>
<PROPERTY NAME="OpenFlowSupport" TYPE="uint8">
<VALUE>3</VALUE>
</PROPERTY>
<PROPERTY NAME="PXEBootSupport" TYPE="uint8">
<VALUE>2</VALUE>
</PROPERTY>
<PROPERTY NAME="PartitionWOLSupport" TYPE="uint8">
<VALUE>3</VALUE>
</PROPERTY>
<PROPERTY NAME="PersistencePolicySupport" TYPE="uint8">
<VALUE>2</VALUE>
</PROPERTY>
<PROPERTY NAME="PriorityFlowControl" TYPE="uint8">
<VALUE>2</VALUE>
</PROPERTY>
<PROPERTY NAME="RDMASupport" TYPE="uint8">
<VALUE>2</VALUE>
</PROPERTY>
<PROPERTY NAME="RXFlowControl" TYPE="uint8">
<VALUE>2</VALUE>
</PROPERTY>
<PROPERTY NAME="RemotePHY" TYPE="uint8">
<VALUE>3</VALUE>
</PROPERTY>
<PROPERTY NAME="TCPChimneySupport" TYPE="uint8">
<VALUE>3</VALUE>
</PROPERTY>
<PROPERTY NAME="TCPOffloadEngineSupport" TYPE="uint8">
<VALUE>3</VALUE>
</PROPERTY>
<PROPERTY NAME="TXBandwidthControlMaximum" TYPE="uint8">
<VALUE>2</VALUE>
</PROPERTY>
<PROPERTY NAME="TXBandwidthControlMinimum" TYPE="uint8">
<VALUE>2</VALUE>
</PROPERTY>
<PROPERTY NAME="TXFlowControl" TYPE="uint8">
<VALUE>2</VALUE>
</PROPERTY>
<PROPERTY NAME="VEB" TYPE="uint8">
<VALUE>3</VALUE>
</PROPERTY>
<PROPERTY NAME="VEBVEPAMultiChannel" TYPE="uint8">
<VALUE>3</VALUE>
</PROPERTY>
<PROPERTY NAME="VEBVEPASingleChannel" TYPE="uint8">
<VALUE>3</VALUE>
</PROPERTY>
<PROPERTY NAME="VFSRIOVSupport" TYPE="uint8">
<VALUE>2</VALUE>
</PROPERTY>
<PROPERTY NAME="VirtualLinkControl" TYPE="uint8">
<VALUE>3</VALUE>
</PROPERTY>
<PROPERTY NAME="WOLSupport" TYPE="uint8">
<VALUE>3</VALUE>
</PROPERTY>
<PROPERTY NAME="iSCSIBootSupport" TYPE="uint8">
<VALUE>2</VALUE>
</PROPERTY>
<PROPERTY NAME="iSCSIOffloadSupport" TYPE="uint8">
<VALUE>3</VALUE>
</PROPERTY>
<PROPERTY NAME="uEFISupport" TYPE="uint8">
<VALUE>2</VALUE>
</PROPERTY>
</INSTANCE>
</VALUE.NAMEDINSTANCE>
<VALUE.NAMEDINSTANCE>
<INSTANCENAME CLASSNAME="DCIM_NICCapabilities">
<KEYBINDING NAME="InstanceID">
<KEYVALUE VALUETYPE="string">NIC.Slot.8-2-1</KEYVALUE>
</KEYBINDING>
</INSTANCENAME>
<INSTANCE CLASSNAME="DCIM_NICCapabilities">
<PROPERTY NAME="BPESupport" TYPE="uint8">
<VALUE>3</VALUE>
</PROPERTY>
<PROPERTY NAME="CongestionNotification" TYPE="uint8">
<VALUE>2</VALUE>
</PROPERTY>
<PROPERTY NAME="DCBExchangeProtocol" TYPE="uint8">
<VALUE>2</VALUE>
</PROPERTY>
<PROPERTY NAME="ETS" TYPE="uint8">
<VALUE>2</VALUE>
</PROPERTY>
<PROPERTY NAME="EVBModesSupport" TYPE="uint8">
<VALUE>3</VALUE>
</PROPERTY>
<PROPERTY NAME="EnergyEfficientEthernet" TYPE="uint8">
<VALUE>3</VALUE>
</PROPERTY>
<PROPERTY NAME="FCoEBootSupport" TYPE="uint8">
<VALUE>3</VALUE>
</PROPERTY>
<PROPERTY NAME="FCoEMaxIOsPerSession" TYPE="uint16">
<VALUE>0</VALUE>
</PROPERTY>
<PROPERTY NAME="FCoEMaxNPIVPerPort" TYPE="uint16">
<VALUE>0</VALUE>
</PROPERTY>
<PROPERTY NAME="FCoEMaxNumberExchanges" TYPE="uint16">
<VALUE>0</VALUE>
</PROPERTY>
<PROPERTY NAME="FCoEMaxNumberLogins" TYPE="uint16">
<VALUE>0</VALUE>
</PROPERTY>
<PROPERTY NAME="FCoEMaxNumberOfFCTargets" TYPE="uint16">
<VALUE>0</VALUE>
</PROPERTY>
<PROPERTY NAME="FCoEMaxNumberOutStandingCommands" TYPE="uint16">
<VALUE>0</VALUE>
</PROPERTY>
<PROPERTY NAME="FCoEOffloadSupport" TYPE="uint8">
<VALUE>3</VALUE>
</PROPERTY>
<PROPERTY NAME="FQDD" TYPE="string">
<VALUE>NIC.Slot.8-2-1</VALUE>
</PROPERTY>
<PROPERTY NAME="FeatureLicensingSupport" TYPE="uint8">
<VALUE>3</VALUE>
</PROPERTY>
<PROPERTY NAME="FlexAddressingSupport" TYPE="uint8">
<VALUE>2</VALUE>
</PROPERTY>
<PROPERTY NAME="IPSecOffloadSupport" TYPE="uint8">
<VALUE>3</VALUE>
</PROPERTY>
<PROPERTY NAME="InstanceID" TYPE="string">
<VALUE>NIC.Slot.8-2-1</VALUE>
</PROPERTY>
<PROPERTY NAME="MACSecSupport" TYPE="uint8">
<VALUE>3</VALUE>
</PROPERTY>
<PROPERTY NAME="NWManagementPassThrough" TYPE="uint8">
<VALUE>3</VALUE>
</PROPERTY>
<PROPERTY NAME="NicPartitioningSupport" TYPE="uint8">
<VALUE>3</VALUE>
</PROPERTY>
<PROPERTY NAME="OSBMCManagementPassThrough" TYPE="uint8">
<VALUE>3</VALUE>
</PROPERTY>
<PROPERTY NAME="OnChipThermalSensor" TYPE="uint8">
<VALUE>2</VALUE>
</PROPERTY>
<PROPERTY NAME="OpenFlowSupport" TYPE="uint8">
<VALUE>3</VALUE>
</PROPERTY>
<PROPERTY NAME="PXEBootSupport" TYPE="uint8">
<VALUE>2</VALUE>
</PROPERTY>
<PROPERTY NAME="PartitionWOLSupport" TYPE="uint8">
<VALUE>3</VALUE>
</PROPERTY>
<PROPERTY NAME="PersistencePolicySupport" TYPE="uint8">
<VALUE>2</VALUE>
</PROPERTY>
<PROPERTY NAME="PriorityFlowControl" TYPE="uint8">
<VALUE>2</VALUE>
</PROPERTY>
<PROPERTY NAME="RDMASupport" TYPE="uint8">
<VALUE>2</VALUE>
</PROPERTY>
<PROPERTY NAME="RXFlowControl" TYPE="uint8">
<VALUE>2</VALUE>
</PROPERTY>
<PROPERTY NAME="RemotePHY" TYPE="uint8">
<VALUE>3</VALUE>
</PROPERTY>
<PROPERTY NAME="TCPChimneySupport" TYPE="uint8">
<VALUE>3</VALUE>
</PROPERTY>
<PROPERTY NAME="TCPOffloadEngineSupport" TYPE="uint8">
<VALUE>3</VALUE>
</PROPERTY>
<PROPERTY NAME="TXBandwidthControlMaximum" TYPE="uint8">
<VALUE>2</VALUE>
</PROPERTY>
<PROPERTY NAME="TXBandwidthControlMinimum" TYPE="uint8">
<VALUE>2</VALUE>
</PROPERTY>
<PROPERTY NAME="TXFlowControl" TYPE="uint8">
<VALUE>2</VALUE>
</PROPERTY>
<PROPERTY NAME="VEB" TYPE="uint8">
<VALUE>3</VALUE>
</PROPERTY>
<PROPERTY NAME="VEBVEPAMultiChannel" TYPE="uint8">
<VALUE>3</VALUE>
</PROPERTY>
<PROPERTY NAME="VEBVEPASingleChannel" TYPE="uint8">
<VALUE>3</VALUE>
</PROPERTY>
<PROPERTY NAME="VFSRIOVSupport" TYPE="uint8">
<VALUE>2</VALUE>
</PROPERTY>
<PROPERTY NAME="VirtualLinkControl" TYPE="uint8">
<VALUE>3</VALUE>
</PROPERTY>
<PROPERTY NAME="WOLSupport" TYPE="uint8">
<VALUE>3</VALUE>
</PROPERTY>
<PROPERTY NAME="iSCSIBootSupport" TYPE="uint8">
<VALUE>2</VALUE>
</PROPERTY>
<PROPERTY NAME="iSCSIOffloadSupport" TYPE="uint8">
<VALUE>3</VALUE>
</PROPERTY>
<PROPERTY NAME="uEFISupport" TYPE="uint8">
<VALUE>2</VALUE>
</PROPERTY>
</INSTANCE>
</VALUE.NAMEDINSTANCE>
<VALUE.NAMEDINSTANCE>
<INSTANCENAME CLASSNAME="DCIM_NICCapabilities">
<KEYBINDING NAME="InstanceID">
<KEYVALUE VALUETYPE="string">NIC.Integrated.1-1-1</KEYVALUE>
</KEYBINDING>
</INSTANCENAME>
<INSTANCE CLASSNAME="DCIM_NICCapabilities">
<PROPERTY NAME="BPESupport" TYPE="uint8">
<VALUE>3</VALUE>
</PROPERTY>
<PROPERTY NAME="CongestionNotification" TYPE="uint8">
<VALUE>2</VALUE>
</PROPERTY>
<PROPERTY NAME="DCBExchangeProtocol" TYPE="uint8">
<VALUE>2</VALUE>
</PROPERTY>
<PROPERTY NAME="ETS" TYPE="uint8">
<VALUE>2</VALUE>
</PROPERTY>
<PROPERTY NAME="EVBModesSupport" TYPE="uint8">
<VALUE>3</VALUE>
</PROPERTY>
<PROPERTY NAME="EnergyEfficientEthernet" TYPE="uint8">
<VALUE>3</VALUE>
</PROPERTY>
<PROPERTY NAME="FCoEBootSupport" TYPE="uint8">
<VALUE>3</VALUE>
</PROPERTY>
<PROPERTY NAME="FCoEMaxIOsPerSession" TYPE="uint16">
<VALUE>0</VALUE>
</PROPERTY>
<PROPERTY NAME="FCoEMaxNPIVPerPort" TYPE="uint16">
<VALUE>0</VALUE>
</PROPERTY>
<PROPERTY NAME="FCoEMaxNumberExchanges" TYPE="uint16">
<VALUE>0</VALUE>
</PROPERTY>
<PROPERTY NAME="FCoEMaxNumberLogins" TYPE="uint16">
<VALUE>0</VALUE>
</PROPERTY>
<PROPERTY NAME="FCoEMaxNumberOfFCTargets" TYPE="uint16">
<VALUE>0</VALUE>
</PROPERTY>
<PROPERTY NAME="FCoEMaxNumberOutStandingCommands" TYPE="uint16">
<VALUE>0</VALUE>
</PROPERTY>
<PROPERTY NAME="FCoEOffloadSupport" TYPE="uint8">
<VALUE>3</VALUE>
</PROPERTY>
<PROPERTY NAME="FQDD" TYPE="string">
<VALUE>NIC.Integrated.1-1-1</VALUE>
</PROPERTY>
<PROPERTY NAME="FeatureLicensingSupport" TYPE="uint8">
<VALUE>3</VALUE>
</PROPERTY>
<PROPERTY NAME="FlexAddressingSupport" TYPE="uint8">
<VALUE>2</VALUE>
</PROPERTY>
<PROPERTY NAME="IPSecOffloadSupport" TYPE="uint8">
<VALUE>3</VALUE>
</PROPERTY>
<PROPERTY NAME="InstanceID" TYPE="string">
<VALUE>NIC.Integrated.1-1-1</VALUE>
</PROPERTY>
<PROPERTY NAME="MACSecSupport" TYPE="uint8">
<VALUE>3</VALUE>
</PROPERTY>
<PROPERTY NAME="NWManagementPassThrough" TYPE="uint8">
<VALUE>2</VALUE>
</PROPERTY>
<PROPERTY NAME="NicPartitioningSupport" TYPE="uint8">
<VALUE>3</VALUE>
</PROPERTY>
<PROPERTY NAME="OSBMCManagementPassThrough" TYPE="uint8">
<VALUE>2</VALUE>
</PROPERTY>
<PROPERTY NAME="OnChipThermalSensor" TYPE="uint8">
<VALUE>2</VALUE>
</PROPERTY>
<PROPERTY NAME="OpenFlowSupport" TYPE="uint8">
<VALUE>3</VALUE>
</PROPERTY>
<PROPERTY NAME="PXEBootSupport" TYPE="uint8">
<VALUE>2</VALUE>
</PROPERTY>
<PROPERTY NAME="PartitionWOLSupport" TYPE="uint8">
<VALUE>3</VALUE>
</PROPERTY>
<PROPERTY NAME="PersistencePolicySupport" TYPE="uint8">
<VALUE>2</VALUE>
</PROPERTY>
<PROPERTY NAME="PriorityFlowControl" TYPE="uint8">
<VALUE>2</VALUE>
</PROPERTY>
<PROPERTY NAME="RDMASupport" TYPE="uint8">
<VALUE>2</VALUE>
</PROPERTY>
<PROPERTY NAME="RXFlowControl" TYPE="uint8">
<VALUE>2</VALUE>
</PROPERTY>
<PROPERTY NAME="RemotePHY" TYPE="uint8">
<VALUE>3</VALUE>
</PROPERTY>
<PROPERTY NAME="TCPChimneySupport" TYPE="uint8">
<VALUE>3</VALUE>
</PROPERTY>
<PROPERTY NAME="TCPOffloadEngineSupport" TYPE="uint8">
<VALUE>3</VALUE>
</PROPERTY>
<PROPERTY NAME="TXBandwidthControlMaximum" TYPE="uint8">
<VALUE>2</VALUE>
</PROPERTY>
<PROPERTY NAME="TXBandwidthControlMinimum" TYPE="uint8">
<VALUE>2</VALUE>
</PROPERTY>
<PROPERTY NAME="TXFlowControl" TYPE="uint8">
<VALUE>2</VALUE>
</PROPERTY>
<PROPERTY NAME="VEB" TYPE="uint8">
<VALUE>3</VALUE>
</PROPERTY>
<PROPERTY NAME="VEBVEPAMultiChannel" TYPE="uint8">
<VALUE>3</VALUE>
</PROPERTY>
<PROPERTY NAME="VEBVEPASingleChannel" TYPE="uint8">
<VALUE>3</VALUE>
</PROPERTY>
<PROPERTY NAME="VFSRIOVSupport" TYPE="uint8">
<VALUE>2</VALUE>
</PROPERTY>
<PROPERTY NAME="VirtualLinkControl" TYPE="uint8">
<VALUE>3</VALUE>
</PROPERTY>
<PROPERTY NAME="WOLSupport" TYPE="uint8">
<VALUE>2</VALUE>
</PROPERTY>
<PROPERTY NAME="iSCSIBootSupport" TYPE="uint8">
<VALUE>2</VALUE>
</PROPERTY>
<PROPERTY NAME="iSCSIOffloadSupport" TYPE="uint8">
<VALUE>3</VALUE>
</PROPERTY>
<PROPERTY NAME="uEFISupport" TYPE="uint8">
<VALUE>2</VALUE>
</PROPERTY>
</INSTANCE>
</VALUE.NAMEDINSTANCE>
<VALUE.NAMEDINSTANCE>
<INSTANCENAME CLASSNAME="DCIM_NICCapabilities">
<KEYBINDING NAME="InstanceID">
<KEYVALUE VALUETYPE="string">NIC.Integrated.1-2-1</KEYVALUE>
</KEYBINDING>
</INSTANCENAME>
<INSTANCE CLASSNAME="DCIM_NICCapabilities">
<PROPERTY NAME="BPESupport" TYPE="uint8">
<VALUE>3</VALUE>
</PROPERTY>
<PROPERTY NAME="CongestionNotification" TYPE="uint8">
<VALUE>2</VALUE>
</PROPERTY>
<PROPERTY NAME="DCBExchangeProtocol" TYPE="uint8">
<VALUE>2</VALUE>
</PROPERTY>
<PROPERTY NAME="ETS" TYPE="uint8">
<VALUE>2</VALUE>
</PROPERTY>
<PROPERTY NAME="EVBModesSupport" TYPE="uint8">
<VALUE>3</VALUE>
</PROPERTY>
<PROPERTY NAME="EnergyEfficientEthernet" TYPE="uint8">
<VALUE>3</VALUE>
</PROPERTY>
<PROPERTY NAME="FCoEBootSupport" TYPE="uint8">
<VALUE>3</VALUE>
</PROPERTY>
<PROPERTY NAME="FCoEMaxIOsPerSession" TYPE="uint16">
<VALUE>0</VALUE>
</PROPERTY>
<PROPERTY NAME="FCoEMaxNPIVPerPort" TYPE="uint16">
<VALUE>0</VALUE>
</PROPERTY>
<PROPERTY NAME="FCoEMaxNumberExchanges" TYPE="uint16">
<VALUE>0</VALUE>
</PROPERTY>
<PROPERTY NAME="FCoEMaxNumberLogins" TYPE="uint16">
<VALUE>0</VALUE>
</PROPERTY>
<PROPERTY NAME="FCoEMaxNumberOfFCTargets" TYPE="uint16">
<VALUE>0</VALUE>
</PROPERTY>
<PROPERTY NAME="FCoEMaxNumberOutStandingCommands" TYPE="uint16">
<VALUE>0</VALUE>
</PROPERTY>
<PROPERTY NAME="FCoEOffloadSupport" TYPE="uint8">
<VALUE>3</VALUE>
</PROPERTY>
<PROPERTY NAME="FQDD" TYPE="string">
<VALUE>NIC.Integrated.1-2-1</VALUE>
</PROPERTY>
<PROPERTY NAME="FeatureLicensingSupport" TYPE="uint8">
<VALUE>3</VALUE>
</PROPERTY>
<PROPERTY NAME="FlexAddressingSupport" TYPE="uint8">
<VALUE>2</VALUE>
</PROPERTY>
<PROPERTY NAME="IPSecOffloadSupport" TYPE="uint8">
<VALUE>3</VALUE>
</PROPERTY>
<PROPERTY NAME="InstanceID" TYPE="string">
<VALUE>NIC.Integrated.1-2-1</VALUE>
</PROPERTY>
<PROPERTY NAME="MACSecSupport" TYPE="uint8">
<VALUE>3</VALUE>
</PROPERTY>
<PROPERTY NAME="NWManagementPassThrough" TYPE="uint8">
<VALUE>2</VALUE>
</PROPERTY>
<PROPERTY NAME="NicPartitioningSupport" TYPE="uint8">
<VALUE>3</VALUE>
</PROPERTY>
<PROPERTY NAME="OSBMCManagementPassThrough" TYPE="uint8">
<VALUE>2</VALUE>
</PROPERTY>
<PROPERTY NAME="OnChipThermalSensor" TYPE="uint8">
<VALUE>2</VALUE>
</PROPERTY>
<PROPERTY NAME="OpenFlowSupport" TYPE="uint8">
<VALUE>3</VALUE>
</PROPERTY>
<PROPERTY NAME="PXEBootSupport" TYPE="uint8">
<VALUE>2</VALUE>
</PROPERTY>
<PROPERTY NAME="PartitionWOLSupport" TYPE="uint8">
<VALUE>3</VALUE>
</PROPERTY>
<PROPERTY NAME="PersistencePolicySupport" TYPE="uint8">
<VALUE>2</VALUE>
</PROPERTY>
<PROPERTY NAME="PriorityFlowControl" TYPE="uint8">
<VALUE>2</VALUE>
</PROPERTY>
<PROPERTY NAME="RDMASupport" TYPE="uint8">
<VALUE>2</VALUE>
</PROPERTY>
<PROPERTY NAME="RXFlowControl" TYPE="uint8">
<VALUE>2</VALUE>
</PROPERTY>
<PROPERTY NAME="RemotePHY" TYPE="uint8">
<VALUE>3</VALUE>
</PROPERTY>
<PROPERTY NAME="TCPChimneySupport" TYPE="uint8">
<VALUE>3</VALUE>
</PROPERTY>
<PROPERTY NAME="TCPOffloadEngineSupport" TYPE="uint8">
<VALUE>3</VALUE>
</PROPERTY>
<PROPERTY NAME="TXBandwidthControlMaximum" TYPE="uint8">
<VALUE>2</VALUE>
</PROPERTY>
<PROPERTY NAME="TXBandwidthControlMinimum" TYPE="uint8">
<VALUE>2</VALUE>
</PROPERTY>
<PROPERTY NAME="TXFlowControl" TYPE="uint8">
<VALUE>2</VALUE>
</PROPERTY>
<PROPERTY NAME="VEB" TYPE="uint8">
<VALUE>3</VALUE>
</PROPERTY>
<PROPERTY NAME="VEBVEPAMultiChannel" TYPE="uint8">
<VALUE>3</VALUE>
</PROPERTY>
<PROPERTY NAME="VEBVEPASingleChannel" TYPE="uint8">
<VALUE>3</VALUE>
</PROPERTY>
<PROPERTY NAME="VFSRIOVSupport" TYPE="uint8">
<VALUE>2</VALUE>
</PROPERTY>
<PROPERTY NAME="VirtualLinkControl" TYPE="uint8">
<VALUE>3</VALUE>
</PROPERTY>
<PROPERTY NAME="WOLSupport" TYPE="uint8">
<VALUE>2</VALUE>
</PROPERTY>
<PROPERTY NAME="iSCSIBootSupport" TYPE="uint8">
<VALUE>2</VALUE>
</PROPERTY>
<PROPERTY NAME="iSCSIOffloadSupport" TYPE="uint8">
<VALUE>3</VALUE>
</PROPERTY>
<PROPERTY NAME="uEFISupport" TYPE="uint8">
<VALUE>2</VALUE>
</PROPERTY>
</INSTANCE>
</VALUE.NAMEDINSTANCE><VALUE.NAMEDINSTANCE>
<INSTANCENAME CLASSNAME="DCIM_SELRecordLogCapabilities">
<KEYBINDING NAME="InstanceID">
<KEYVALUE VALUETYPE="string">DCIM:SELCapabilities</KEYVALUE>
</KEYBINDING>
</INSTANCENAME>
<INSTANCE CLASSNAME="DCIM_SELRecordLogCapabilities">
<PROPERTY NAME="ElementNameEditSupported" TYPE="boolean">
<VALUE>0</VALUE>
</PROPERTY>
<PROPERTY NAME="InstanceID" TYPE="string">
<VALUE>DCIM:SELCapabilities</VALUE>
</PROPERTY>
<PROPERTY.ARRAY NAME="RequestedStatesSupported" TYPE="uint16">

</PROPERTY.ARRAY>
<PROPERTY.ARRAY NAME="SupportedRecordTypes" TYPE="uint16">
<VALUE.ARRAY>
<VALUE>2</VALUE>

</VALUE.ARRAY>
</PROPERTY.ARRAY>
</INSTANCE>
</VALUE.NAMEDINSTANCE>
</SIMPLEREQ>
</MESSAGE>
</CIM>