<?xml version="1.0" encoding="UTF-8"?>
<year_report_2025 start_date="20250101" end_date="20251231">

<wsman>
 
</wsman>
 
<racadm>
	<command>
		<command>hwinventory</command>
		<sub_command>(null)</sub_command>
		<fqdd>(null)</fqdd>
		<interface>(null)</interface>
		<count>1090</count>
	</command>
	<command>
		<command>swinventory</command>
		<sub_command>(null)</sub_command>
		<fqdd>(null)</fqdd>
		<interface>(null)</interface>
		<count>1090</count>
	</command>
	<command>
		<command>getsensorinfo</command>
		<sub_command>(null)</sub_command>
		<fqdd>(null)</fqdd>
		<interface>(null)</interface>
		<count>1090</count>
	</command>
	<command>
		<command>getniccfg</command>
		<sub_command>(null)</sub_command>
		<fqdd>(null)</fqdd>
		<interface>(null)</interface>
		<count>1090</count>
	</command>
	<command>
		<command>get</command>
		<sub_command>(null)</sub_command>
		<fqdd>Lifecyclecontroller.LCAttributes</fqdd>
		<interface>(null)</interface>
		<count>1090</count>
	</command>
	<command>
		<command>getversion</command>
		<sub_command>(null)</sub_command>
		<fqdd>(null)</fqdd>
		<interface>LOCAL</interface>
		<count>672</count>
	</command>
	<command>
		<command>set</command>
		<sub_command>(null)</sub_command>
		<fqdd>BIOS.SysProfileSettings.SysProfile</fqdd>
		<interface>FIRMWARE</interface>
		<count>542</count>
	</command>
	<command>
		<command>jobqueue</command>
		<sub_command>create</sub_command>
		<fqdd>(null)</fqdd>
		<interface>FIRMWARE</interface>
		<count>542</count>
	</command>
	<command>
		<command>set</command>
		<sub_command>(null)</sub_command>
		<fqdd>idrac.webserver.HostHeaderCheck</fqdd>
		<interface>FIRMWARE</interface>
		<count>266</count>
	</command>
	<command>
		<command>getremoteservicesstatus</command>
		<sub_command>(null)</sub_command>
		<fqdd>(null)</fqdd>
		<interface>LOCAL</interface>
		<count>251</count>
	</command>
	<command>
		<command>get</command>
		<sub_command>(null)</sub_command>
		<fqdd>idrac.info.ServerGen</fqdd>
		<interface>LOCAL</interface>
		<count>502</count>
	</command>
	<command>
		<command>get</command>
		<sub_command>(null)</sub_command>
		<fqdd>idrac.info.type</fqdd>
		<interface>LOCAL</interface>
		<count>502</count>
	</command>
	<command>
		<command>swinventory</command>
		<sub_command>swcreate</sub_command>
		<fqdd>(null)</fqdd>
		<interface>LOCAL</interface>
		<count>251</count>
	</command>
	<command>
		<command>hwinventory</command>
		<sub_command>hwcreate</sub_command>
		<fqdd>(null)</fqdd>
		<interface>LOCAL</interface>
		<count>251</count>
	</command>
	<command>
		<command>sslcertview</command>
		<sub_command>(null)</sub_command>
		<fqdd>(null)</fqdd>
		<interface>LOCAL</interface>
		<count>500</count>
	</command>
	<command>
		<command>get</command>
		<sub_command>(null)</sub_command>
		<fqdd>idrac.info.version</fqdd>
		<interface>LOCAL</interface>
		<count>250</count>
	</command>
	<command>
		<command>get</command>
		<sub_command>(null)</sub_command>
		<fqdd>idrac.info.build</fqdd>
		<interface>LOCAL</interface>
		<count>250</count>
	</command>
	<command>
		<command>getractime</command>
		<sub_command>(null)</sub_command>
		<fqdd>(null)</fqdd>
		<interface>LOCAL</interface>
		<count>250</count>
	</command>
	<command>
		<command>sslcsrgen</command>
		<sub_command>(null)</sub_command>
		<fqdd>(null)</fqdd>
		<interface>LOCAL</interface>
		<count>500</count>
	</command>
	<command>
		<command>sslcertupload</command>
		<sub_command>(null)</sub_command>
		<fqdd>(null)</fqdd>
		<interface>LOCAL</interface>
		<count>250</count>
	</command>

</racadm>

<gui>
	<command>
		<page>index.html</page>
		<count>24821</count>
	</command>
	<command>
		<page>default.html</page>
		<count>16049</count>
	</command>
	<command>
		<page>header.html</page>
		<count>12823</count>
	</command>
	<command>
		<page>home.html</page>
		<count>15747</count>
	</command>
	<command>
		<page>main.html</page>
		<count>19275</count>
	</command>
	<command>
		<page>Welcome.html</page>
		<count>12823</count>
	</command>
	<command>
		<page>formmail.html</page>
		<count>12823</count>
	</command>
	<command>
		<page>mailform.html</page>
		<count>12823</count>
	</command>
	<command>
		<page>formmailto.html</page>
		<count>12823</count>
	</command>
	<command>
		<page>mailtoform.html</page>
		<count>12823</count>
	</command>
	<command>
		<page>form.html</page>
		<count>12823</count>
	</command>
	<command>
		<page>cgi-bin/formmail.html</page>
		<count>12823</count>
	</command>
	<command>
		<page>cgi-bin/mailform.html</page>
		<count>12823</count>
	</command>
	<command>
		<page>cgi-bin/formmailto.html</page>
		<count>12823</count>
	</command>
	<command>
		<page>cgi-bin/mailtoform.html</page>
		<count>12823</count>
	</command>
	<command>
		<page>cgi-bin/form.html</page>
		<count>12823</count>
	</command>
	<command>
		<page>scripts/formmail.html</page>
		<count>12823</count>
	</command>
	<command>
		<page>scripts/mailform.html</page>
		<count>12823</count>
	</command>
	<command>
		<page>scripts/formmailto.html</page>
		<count>12823</count>
	</command>
	<command>
		<page>scripts/mailtoform.html</page>
		<count>12823</count>
	</command>
	<command>
		<page>scripts/form.html</page>
		<count>12823</count>
	</command>
	<command>
		<page>formmail/formmail.html</page>
		<count>12823</count>
	</command>
	<command>
		<page>formmail/mailform.html</page>
		<count>12823</count>
	</command>
	<command>
		<page>formmail/formmailto.html</page>
		<count>12823</count>
	</command>
	<command>
		<page>formmail/mailtoform.html</page>
		<count>12823</count>
	</command>
	<command>
		<page>formmail/form.html</page>
		<count>12823</count>
	</command>
	<command>
		<page>mailform/formmail.html</page>
		<count>12823</count>
	</command>
	<command>
		<page>mailform/mailform.html</page>
		<count>12823</count>
	</command>
	<command>
		<page>mailform/formmailto.html</page>
		<count>12823</count>
	</command>
	<command>
		<page>mailform/mailtoform.html</page>
		<count>12823</count>
	</command>
	<command>
		<page>mailform/form.html</page>
		<count>12823</count>
	</command>
	<command>
		<page>forms/formmail.html</page>
		<count>12823</count>
	</command>
	<command>
		<page>forms/mailform.html</page>
		<count>12823</count>
	</command>
	<command>
		<page>forms/formmailto.html</page>
		<count>12823</count>
	</command>
	<command>
		<page>forms/mailtoform.html</page>
		<count>12823</count>
	</command>
	<command>
		<page>forms/form.html</page>
		<count>12823</count>
	</command>
	<command>
		<page>cgi-bin/w3-msql/index.html</page>
		<count>6452</count>
	</command>
	<command>
		<page>w3-msql/index.html</page>
		<count>6452</count>
	</command>
	<command>
		<page>&quot;&gt;&lt;script&gt;alert(document.domain)&lt;/script&gt;.html</page>
		<count>33810</count>
	</command>
	<command>
		<page>cgi-bin/index.html</page>
		<count>6452</count>
	</command>
	<command>
		<page>cgi-bin/default.html</page>
		<count>3226</count>
	</command>
	<command>
		<page>cgi-bin/main.html</page>
		<count>6452</count>
	</command>
	<command>
		<page>cgi-bin/admin.html</page>
		<count>3226</count>
	</command>
	<command>
		<page>survey.html</page>
		<count>2924</count>
	</command>
	<command>
		<page>admin.html</page>
		<count>2924</count>
	</command>
	<command>
		<page>no_such_file.html</page>
		<count>5848</count>
	</command>
	<command>
		<page>//secret/index.html</page>
		<count>5848</count>
	</command>
	<command>
		<page>_vti_inf.html</page>
		<count>2924</count>
	</command>
	<command>
		<page>FALSE_QUERY.html</page>
		<count>2924</count>
	</command>
	<command>
		<page>cf.html</page>
		<count>2924</count>
	</command>
	<command>
		<page>homepage.html</page>
		<count>2924</count>
	</command>
	<command>
		<page>autherror.html</page>
		<count>2924</count>
	</command>
	<command>
		<page>webcam.html</page>
		<count>2924</count>
	</command>
	<command>
		<page>mods/fckeditor/_whatsnew.html</page>
		<count>2924</count>
	</command>
	<command>
		<page>about.html</page>
		<count>8772</count>
	</command>
	<command>
		<page>Documentation.html</page>
		<count>46784</count>
	</command>
	<command>
		<page>doc/html/index.html</page>
		<count>2924</count>
	</command>
	<command>
		<page>QUALYS12680.html</page>
		<count>2924</count>
	</command>
	<command>
		<page>Clients/plugins/common/help/releasenotes/docs/suite_release_notes.html</page>
		<count>2924</count>
	</command>
	<command>
		<page>testurls.html</page>
		<count>2924</count>
	</command>
	<command>
		<page>/doc/html/index.html</page>
		<count>2924</count>
	</command>
	<command>
		<page>com.vmturbo.UI/UIMain.html</page>
		<count>2924</count>
	</command>
	<command>
		<page>wp-content/plugins/jetpack/_inc/genericons/genericons/example.html</page>
		<count>2924</count>
	</command>
	<command>
		<page>wp-content/themes/twentyfifteen/genericons/example.html</page>
		<count>2924</count>
	</command>
	<command>
		<page>documents.html</page>
		<count>2924</count>
	</command>
	<command>
		<page>mapfail.html</page>
		<count>2924</count>
	</command>
	<command>
		<page>help/license.html</page>
		<count>2924</count>
	</command>
	<command>
		<page>courier/web/1000@/wmLogin.html</page>
		<count>14620</count>
	</command>
	<command>
		<page>mashup.html</page>
		<count>2924</count>
	</command>
	<command>
		<page>phpMyAdmin/doc/html/index.html</page>
		<count>2924</count>
	</command>
	<command>
		<page>config/adminpage.html</page>
		<count>2924</count>
	</command>
	<command>
		<page>ui/index.html</page>
		<count>5848</count>
	</command>
	<command>
		<page>public/about.html</page>
		<count>5848</count>
	</command>
	<command>
		<page>avi/avigui.html</page>
		<count>2924</count>
	</command>
	<command>
		<page>dtlt/wr_about.html</page>
		<count>2924</count>
	</command>
	<command>
		<page>emsam/index.html</page>
		<count>5848</count>
	</command>
	<command>
		<page>/index.html</page>
		<count>2924</count>
	</command>
	<command>
		<page>docs/index.html</page>
		<count>5848</count>
	</command>
	<command>
		<page>html/en/index.html</page>
		<count>2924</count>
	</command>
	<command>
		<page>+CSCOE+/logon.html</page>
		<count>3068</count>
	</command>
	<command>
		<page>dashboard.html</page>
		<count>14620</count>
	</command>
	<command>
		<page>components/navbar/navbar.html</page>
		<count>2924</count>
	</command>
	<command>
		<page>unified-console.html</page>
		<count>2924</count>
	</command>
	<command>
		<page>/sap/admin/public/default.html</page>
		<count>2924</count>
	</command>
	<command>
		<page>vpn/index.html</page>
		<count>6712</count>
	</command>
	<command>
		<page>logon/LogonPoint/tmindex.html</page>
		<count>2924</count>
	</command>
	<command>
		<page>hybridity/ui/hcx-client/index.html</page>
		<count>2924</count>
	</command>
	<command>
		<page>decisioncenter-api/swagger-ui/index.html</page>
		<count>2924</count>
	</command>
	<command>
		<page>static/index.html</page>
		<count>5848</count>
	</command>
	<command>
		<page>www/index.html</page>
		<count>5848</count>
	</command>
	<command>
		<page>eManager/eManager.html</page>
		<count>12823</count>
	</command>
	<command>
		<page>cgi-bin/admin/themes/templates/warning.html</page>
		<count>25646</count>
	</command>
	<command>
		<page>cgi-bin/modules/droplets/readme/readme.html</page>
		<count>25646</count>
	</command>
	<command>
		<page>cgi-bin/system/database/drivers/mssql/index.html</page>
		<count>25646</count>
	</command>
	<command>
		<page>admin/themes/templates/warning.html</page>
		<count>12823</count>
	</command>
	<command>
		<page>modules/droplets/readme/readme.html</page>
		<count>12823</count>
	</command>
	<command>
		<page>cgi-bin/sites/default/assets/img/cats/index.html</page>
		<count>25646</count>
	</command>
	<command>
		<page>system/database/drivers/mssql/index.html</page>
		<count>12823</count>
	</command>
	<command>
		<page>sites/default/assets/img/cats/index.html</page>
		<count>12823</count>
	</command>
	<command>
		<page>cgi-bin/typo3/sysext/extbase/Resources/Private/MVC/NotFoundView_Template.html</page>
		<count>25646</count>
	</command>
	<command>
		<page>cgi-bin/typo3/typo3/sysext/extbase/Resources/Private/MVC/NotFoundView_Template.html</page>
		<count>25646</count>
	</command>
	<command>
		<page>typo3/sysext/extbase/Resources/Private/MVC/NotFoundView_Template.html</page>
		<count>12823</count>
	</command>
	<command>
		<page>typo3/typo3/sysext/extbase/Resources/Private/MVC/NotFoundView_Template.html</page>
		<count>12823</count>
	</command>
	<command>
		<page>cgi-bin/inc/web/index.html</page>
		<count>38469</count>
	</command>
	<command>
		<page>cgi-bin/modules/leaves/templates/form_template.html</page>
		<count>25646</count>
	</command>
	<command>
		<page>cgi-bin/app/modules/admin/views/logos.tpl.html</page>
		<count>25646</count>
	</command>
	<command>
		<page>inc/web/index.html</page>
		<count>12823</count>
	</command>
	<command>
		<page>cgi-bin/includes/classes/DataTables/examples/advanced_init/dt_events.html</page>
		<count>25646</count>
	</command>
	<command>
		<page>modules/leaves/templates/form_template.html</page>
		<count>12823</count>
	</command>
	<command>
		<page>cgi-bin/default/Example.html</page>
		<count>25646</count>
	</command>
	<command>
		<page>cgi-bin/assets/plugins/managermanager/widgets/index.html</page>
		<count>25646</count>
	</command>
	<command>
		<page>app/modules/admin/views/logos.tpl.html</page>
		<count>12823</count>
	</command>
	<command>
		<page>includes/classes/DataTables/examples/advanced_init/dt_events.html</page>
		<count>12823</count>
	</command>
	<command>
		<page>default/Example.html</page>
		<count>12823</count>
	</command>
	<command>
		<page>assets/plugins/managermanager/widgets/index.html</page>
		<count>12823</count>
	</command>
	<command>
		<page>cgi-bin/adm/style/permission_trace.html</page>
		<count>25646</count>
	</command>
	<command>
		<page>adm/style/permission_trace.html</page>
		<count>12823</count>
	</command>
	<command>
		<page>cgi-bin/html/common/null.html</page>
		<count>25646</count>
	</command>
	<command>
		<page>cgi-bin/translators.html</page>
		<count>12823</count>
	</command>
	<command>
		<page>html/common/null.html</page>
		<count>12823</count>
	</command>
	<command>
		<page>translators.html</page>
		<count>12823</count>
	</command>
	<command>
		<page>cgi-bin/e107_plugins/index.html</page>
		<count>25646</count>
	</command>
	<command>
		<page>cgi-bin/e107_images/index.html</page>
		<count>25646</count>
	</command>
	<command>
		<page>cgi-bin/e107_images/avatars/index.html</page>
		<count>38469</count>
	</command>
	<command>
		<page>e107_plugins/index.html</page>
		<count>25646</count>
	</command>
	<command>
		<page>e107_images/index.html</page>
		<count>25480</count>
	</command>
	<command>
		<page>e107_images/avatars/index.html</page>
		<count>12823</count>
	</command>
	<command>
		<page>help/admin/themes/templates/warning.html</page>
		<count>3226</count>
	</command>
	<command>
		<page>help/modules/droplets/readme/readme.html</page>
		<count>3226</count>
	</command>
	<command>
		<page>help/system/database/drivers/mssql/index.html</page>
		<count>3226</count>
	</command>
	<command>
		<page>api/admin/themes/templates/warning.html</page>
		<count>3274</count>
	</command>
	<command>
		<page>api/modules/droplets/readme/readme.html</page>
		<count>3274</count>
	</command>
	<command>
		<page>help/sites/default/assets/img/cats/index.html</page>
		<count>3226</count>
	</command>
	<command>
		<page>console/admin/themes/templates/warning.html</page>
		<count>936</count>
	</command>
	<command>
		<page>console/modules/droplets/readme/readme.html</page>
		<count>936</count>
	</command>
	<command>
		<page>console/system/database/drivers/mssql/index.html</page>
		<count>936</count>
	</command>
	<command>
		<page>help/typo3/sysext/extbase/Resources/Private/MVC/NotFoundView_Template.html</page>
		<count>3226</count>
	</command>
	<command>
		<page>help/typo3/typo3/sysext/extbase/Resources/Private/MVC/NotFoundView_Template.html</page>
		<count>3226</count>
	</command>
	<command>
		<page>console/sites/default/assets/img/cats/index.html</page>
		<count>936</count>
	</command>
	<command>
		<page>help/inc/web/index.html</page>
		<count>3226</count>
	</command>
	<command>
		<page>help/modules/leaves/templates/form_template.html</page>
		<count>3226</count>
	</command>
	<command>
		<page>console/typo3/sysext/extbase/Resources/Private/MVC/NotFoundView_Template.html</page>
		<count>936</count>
	</command>
	<command>
		<page>console/typo3/typo3/sysext/extbase/Resources/Private/MVC/NotFoundView_Template.html</page>
		<count>936</count>
	</command>
	<command>
		<page>help/app/modules/admin/views/logos.tpl.html</page>
		<count>3226</count>
	</command>
	<command>
		<page>help/includes/classes/DataTables/examples/advanced_init/dt_events.html</page>
		<count>3226</count>
	</command>
	<command>
		<page>help/default/Example.html</page>
		<count>3226</count>
	</command>
	<command>
		<page>help/assets/plugins/managermanager/widgets/index.html</page>
		<count>3226</count>
	</command>
	<command>
		<page>console/inc/web/index.html</page>
		<count>936</count>
	</command>
	<command>
		<page>console/modules/leaves/templates/form_template.html</page>
		<count>936</count>
	</command>
	<command>
		<page>api/system/database/drivers/mssql/index.html</page>
		<count>3274</count>
	</command>
	<command>
		<page>console/app/modules/admin/views/logos.tpl.html</page>
		<count>936</count>
	</command>
	<command>
		<page>console/includes/classes/DataTables/examples/advanced_init/dt_events.html</page>
		<count>936</count>
	</command>
	<command>
		<page>console/default/Example.html</page>
		<count>936</count>
	</command>
	<command>
		<page>console/assets/plugins/managermanager/widgets/index.html</page>
		<count>936</count>
	</command>
	<command>
		<page>help/adm/style/permission_trace.html</page>
		<count>3226</count>
	</command>
	<command>
		<page>help/html/common/null.html</page>
		<count>3226</count>
	</command>
	<command>
		<page>help/translators.html</page>
		<count>3226</count>
	</command>
	<command>
		<page>console/adm/style/permission_trace.html</page>
		<count>936</count>
	</command>
	<command>
		<page>console/html/common/null.html</page>
		<count>936</count>
	</command>
	<command>
		<page>console/translators.html</page>
		<count>936</count>
	</command>
	<command>
		<page>help/e107_plugins/index.html</page>
		<count>6452</count>
	</command>
	<command>
		<page>help/e107_images/index.html</page>
		<count>6452</count>
	</command>
	<command>
		<page>help/e107_images/avatars/index.html</page>
		<count>3226</count>
	</command>
	<command>
		<page>api/sites/default/assets/img/cats/index.html</page>
		<count>3274</count>
	</command>
	<command>
		<page>console/e107_plugins/index.html</page>
		<count>936</count>
	</command>
	<command>
		<page>console/e107_images/index.html</page>
		<count>936</count>
	</command>
	<command>
		<page>console/e107_images/avatars/index.html</page>
		<count>936</count>
	</command>
	<command>
		<page>cb/admin/themes/templates/warning.html</page>
		<count>580</count>
	</command>
	<command>
		<page>cb/modules/droplets/readme/readme.html</page>
		<count>580</count>
	</command>
	<command>
		<page>api/typo3/sysext/extbase/Resources/Private/MVC/NotFoundView_Template.html</page>
		<count>3274</count>
	</command>
	<command>
		<page>api/typo3/typo3/sysext/extbase/Resources/Private/MVC/NotFoundView_Template.html</page>
		<count>3274</count>
	</command>
	<command>
		<page>cb/system/database/drivers/mssql/index.html</page>
		<count>580</count>
	</command>
	<command>
		<page>cb/sites/default/assets/img/cats/index.html</page>
		<count>580</count>
	</command>
	<command>
		<page>api/inc/web/index.html</page>
		<count>3274</count>
	</command>
	<command>
		<page>api/modules/leaves/templates/form_template.html</page>
		<count>3274</count>
	</command>
	<command>
		<page>cb/typo3/sysext/extbase/Resources/Private/MVC/NotFoundView_Template.html</page>
		<count>580</count>
	</command>
	<command>
		<page>cb/typo3/typo3/sysext/extbase/Resources/Private/MVC/NotFoundView_Template.html</page>
		<count>580</count>
	</command>
	<command>
		<page>api/app/modules/admin/views/logos.tpl.html</page>
		<count>3274</count>
	</command>
	<command>
		<page>api/includes/classes/DataTables/examples/advanced_init/dt_events.html</page>
		<count>3274</count>
	</command>
	<command>
		<page>api/default/Example.html</page>
		<count>3274</count>
	</command>
	<command>
		<page>api/assets/plugins/managermanager/widgets/index.html</page>
		<count>3274</count>
	</command>
	<command>
		<page>cb/inc/web/index.html</page>
		<count>580</count>
	</command>
	<command>
		<page>cb/modules/leaves/templates/form_template.html</page>
		<count>580</count>
	</command>
	<command>
		<page>cb/app/modules/admin/views/logos.tpl.html</page>
		<count>580</count>
	</command>
	<command>
		<page>cb/includes/classes/DataTables/examples/advanced_init/dt_events.html</page>
		<count>580</count>
	</command>
	<command>
		<page>cb/default/Example.html</page>
		<count>580</count>
	</command>
	<command>
		<page>cb/assets/plugins/managermanager/widgets/index.html</page>
		<count>580</count>
	</command>
	<command>
		<page>api/adm/style/permission_trace.html</page>
		<count>3274</count>
	</command>
	<command>
		<page>api/html/common/null.html</page>
		<count>3274</count>
	</command>
	<command>
		<page>api/translators.html</page>
		<count>3274</count>
	</command>
	<command>
		<page>cb/adm/style/permission_trace.html</page>
		<count>580</count>
	</command>
	<command>
		<page>cb/html/common/null.html</page>
		<count>580</count>
	</command>
	<command>
		<page>api/e107_plugins/index.html</page>
		<count>6548</count>
	</command>
	<command>
		<page>api/e107_images/index.html</page>
		<count>6548</count>
	</command>
	<command>
		<page>api/e107_images/avatars/index.html</page>
		<count>3274</count>
	</command>
	<command>
		<page>cb/translators.html</page>
		<count>580</count>
	</command>
	<command>
		<page>cb/e107_plugins/index.html</page>
		<count>580</count>
	</command>
	<command>
		<page>cb/e107_images/index.html</page>
		<count>580</count>
	</command>
	<command>
		<page>cb/e107_images/avatars/index.html</page>
		<count>580</count>
	</command>
	<command>
		<page>cb5/admin/themes/templates/warning.html</page>
		<count>48</count>
	</command>
	<command>
		<page>cb5/modules/droplets/readme/readme.html</page>
		<count>48</count>
	</command>
	<command>
		<page>cb5/system/database/drivers/mssql/index.html</page>
		<count>48</count>
	</command>
	<command>
		<page>cb5/sites/default/assets/img/cats/index.html</page>
		<count>48</count>
	</command>
	<command>
		<page>cb5/typo3/sysext/extbase/Resources/Private/MVC/NotFoundView_Template.html</page>
		<count>48</count>
	</command>
	<command>
		<page>cb5/typo3/typo3/sysext/extbase/Resources/Private/MVC/NotFoundView_Template.html</page>
		<count>48</count>
	</command>
	<command>
		<page>cb5/inc/web/index.html</page>
		<count>48</count>
	</command>
	<command>
		<page>cb5/modules/leaves/templates/form_template.html</page>
		<count>48</count>
	</command>
	<command>
		<page>cb5/app/modules/admin/views/logos.tpl.html</page>
		<count>48</count>
	</command>
	<command>
		<page>cb5/includes/classes/DataTables/examples/advanced_init/dt_events.html</page>
		<count>48</count>
	</command>
	<command>
		<page>cb5/default/Example.html</page>
		<count>48</count>
	</command>
	<command>
		<page>cb5/assets/plugins/managermanager/widgets/index.html</page>
		<count>48</count>
	</command>
	<command>
		<page>cb5/adm/style/permission_trace.html</page>
		<count>48</count>
	</command>
	<command>
		<page>cb5/html/common/null.html</page>
		<count>48</count>
	</command>
	<command>
		<page>cb5/translators.html</page>
		<count>48</count>
	</command>
	<command>
		<page>cb5/e107_plugins/index.html</page>
		<count>48</count>
	</command>
	<command>
		<page>cb5/e107_images/index.html</page>
		<count>48</count>
	</command>
	<command>
		<page>cb5/e107_images/avatars/index.html</page>
		<count>48</count>
	</command>
	<command>
		<page>cbv5/admin/themes/templates/warning.html</page>
		<count>60</count>
	</command>
	<command>
		<page>cbv5/modules/droplets/readme/readme.html</page>
		<count>60</count>
	</command>
	<command>
		<page>cbv5/system/database/drivers/mssql/index.html</page>
		<count>60</count>
	</command>
	<command>
		<page>cbv5/sites/default/assets/img/cats/index.html</page>
		<count>60</count>
	</command>
	<command>
		<page>cbv5/typo3/sysext/extbase/Resources/Private/MVC/NotFoundView_Template.html</page>
		<count>60</count>
	</command>
	<command>
		<page>cbv5/typo3/typo3/sysext/extbase/Resources/Private/MVC/NotFoundView_Template.html</page>
		<count>60</count>
	</command>
	<command>
		<page>cbv5/inc/web/index.html</page>
		<count>60</count>
	</command>
	<command>
		<page>cbv5/modules/leaves/templates/form_template.html</page>
		<count>60</count>
	</command>
	<command>
		<page>cbv5/app/modules/admin/views/logos.tpl.html</page>
		<count>60</count>
	</command>
	<command>
		<page>cbv5/includes/classes/DataTables/examples/advanced_init/dt_events.html</page>
		<count>60</count>
	</command>
	<command>
		<page>cbv5/default/Example.html</page>
		<count>60</count>
	</command>
	<command>
		<page>cbv5/assets/plugins/managermanager/widgets/index.html</page>
		<count>60</count>
	</command>
	<command>
		<page>cbv5/adm/style/permission_trace.html</page>
		<count>60</count>
	</command>
	<command>
		<page>cbv5/html/common/null.html</page>
		<count>60</count>
	</command>
	<command>
		<page>cbv5/translators.html</page>
		<count>60</count>
	</command>
	<command>
		<page>cbv5/e107_plugins/index.html</page>
		<count>60</count>
	</command>
	<command>
		<page>cbv5/e107_images/index.html</page>
		<count>60</count>
	</command>
	<command>
		<page>cbv5/e107_images/avatars/index.html</page>
		<count>60</count>
	</command>
	<command>
		<page>register/admin/themes/templates/warning.html</page>
		<count>468</count>
	</command>
	<command>
		<page>register/modules/droplets/readme/readme.html</page>
		<count>468</count>
	</command>
	<command>
		<page>register/system/database/drivers/mssql/index.html</page>
		<count>468</count>
	</command>
	<command>
		<page>register/sites/default/assets/img/cats/index.html</page>
		<count>468</count>
	</command>
	<command>
		<page>register/typo3/sysext/extbase/Resources/Private/MVC/NotFoundView_Template.html</page>
		<count>468</count>
	</command>
	<command>
		<page>register/typo3/typo3/sysext/extbase/Resources/Private/MVC/NotFoundView_Template.html</page>
		<count>468</count>
	</command>
	<command>
		<page>register/inc/web/index.html</page>
		<count>468</count>
	</command>
	<command>
		<page>register/modules/leaves/templates/form_template.html</page>
		<count>468</count>
	</command>
	<command>
		<page>register/app/modules/admin/views/logos.tpl.html</page>
		<count>468</count>
	</command>
	<command>
		<page>register/includes/classes/DataTables/examples/advanced_init/dt_events.html</page>
		<count>468</count>
	</command>
	<command>
		<page>register/default/Example.html</page>
		<count>468</count>
	</command>
	<command>
		<page>register/assets/plugins/managermanager/widgets/index.html</page>
		<count>468</count>
	</command>
	<command>
		<page>register/adm/style/permission_trace.html</page>
		<count>468</count>
	</command>
	<command>
		<page>register/html/common/null.html</page>
		<count>468</count>
	</command>
	<command>
		<page>register/translators.html</page>
		<count>468</count>
	</command>
	<command>
		<page>register/e107_plugins/index.html</page>
		<count>468</count>
	</command>
	<command>
		<page>register/e107_images/index.html</page>
		<count>468</count>
	</command>
	<command>
		<page>register/e107_images/avatars/index.html</page>
		<count>468</count>
	</command>
	<command>
		<page>restgui/index.html</page>
		<count>18846</count>
	</command>
	<command>
		<page>restgui/views/dashboard/dashboard.html</page>
		<count>15482</count>
	</command>
	<command>
		<page>restgui/views/system/detailedinfo.html</page>
		<count>12</count>
	</command>
	<command>
		<page>restgui/views/system/systeminfo.html</page>
		<count>1751</count>
	</command>
	<command>
		<page>restgui/views/hardware/systemsummary.html</page>
		<count>1751</count>
	</command>
	<command>
		<page>restgui/views/hardware/pcie.html</page>
		<count>12</count>
	</command>
	<command>
		<page>restgui/vconsole/index.html</page>
		<count>20584</count>
	</command>
	<command>
		<page>restgui/views/settings/summary.html</page>
		<count>187</count>
	</command>
	<command>
		<page>restgui/views/settings/users.html</page>
		<count>187</count>
	</command>
	<command>
		<page>restgui/views/settings/edit_AD_Settings.html</page>
		<count>187</count>
	</command>
	<command>
		<page>restgui/views/settings/edit_rolegroupsettings.html</page>
		<count>187</count>
	</command>
	<command>
		<page>general/status.html</page>
		<count>312</count>
	</command>
	<command>
		<page>live.html</page>
		<count>240</count>
	</command>
	<command>
		<page>sap/bc/ui5_ui5/ui2/ushell/shells/abap/FioriLaunchpad.html</page>
		<count>24</count>
	</command>
	<command>
		<page>restgui/views/configuration/vconsole.html</page>
		<count>338</count>
	</command>
	<command>
		<page>restgui/views/configuration/powermanagement.html</page>
		<count>594</count>
	</command>
	<command>
		<page>restgui/views/hardware/nic.html</page>
		<count>335</count>
	</command>
	<command>
		<page>restgui/views/settings/network.html</page>
		<count>110</count>
	</command>
	<command>
		<page>restgui/views/maintenance/summary.html</page>
		<count>313</count>
	</command>
	<command>
		<page>restgui/views/maintenance/log.html</page>
		<count>57</count>
	</command>
	<command>
		<page>restgui/views/update/jobqueue.html</page>
		<count>589</count>
	</command>
	<command>
		<page>restgui/views/maintenance/troubleshoot.html</page>
		<count>56</count>
	</command>
	<command>
		<page>restgui/views/hardware/intrusion.html</page>
		<count>56</count>
	</command>
	<command>
		<page>restgui/views/hardware/nicdevice.html</page>
		<count>28</count>
	</command>
	<command>
		<page>restgui/views/hardware/powersupply.html</page>
		<count>1</count>
	</command>
	<command>
		<page>restgui/views/update/systemupdate.html</page>
		<count>1</count>
	</command>
	<command>
		<page>restgui/views/update/manualupdate.html</page>
		<count>1</count>
	</command>
	<command>
		<page>restgui/views/storage/storageinfo.html</page>
		<count>788</count>
	</command>
	<command>
		<page>restgui/views/storage/storagesummary.html</page>
		<count>788</count>
	</command>
	<command>
		<page>restgui/views/storage/virtualdisk.html</page>
		<count>533</count>
	</command>
	<command>
		<page>restgui/views/storage/pendingjobapplymodal.html</page>
		<count>533</count>
	</command>
	<command>
		<page>restgui/views/storage/storagetask.html</page>
		<count>533</count>
	</command>
	<command>
		<page>restgui/views/storage/vdiskcreate_basic.html</page>
		<count>256</count>
	</command>
	<command>
		<page>restgui/views/configuration/biossettings.html</page>
		<count>256</count>
	</command>
	<command>
		<page>restgui/views/storage/physicaldisk.html</page>
		<count>255</count>
	</command>

</gui>

<usc>

</usc>

<updates>

</updates>

<redfish>
	<command>
		<command>GET</command>
		<uri>/redfish/v1</uri>
		<count>64035</count>
	</command>
	<command>
		<command>GET</command>
		<uri>/redfish/v1/</uri>
		<count>5107</count>
	</command>
	<command>
		<command>POST</command>
		<uri>/redfish/v1/Sessions/</uri>
		<count>17139</count>
	</command>
	<command>
		<command>PATCH</command>
		<uri>/redfish/v1/Managers/iDRAC.Embedded.1/Attributes</uri>
		<count>5100</count>
	</command>
	<command>
		<command>GET</command>
		<uri>/redfish/v1/Managers/iDRAC.Embedded.1/Attributes</uri>
		<count>6850274</count>
	</command>
	<command>
		<command>GET</command>
		<uri>/redfish/v1/Systems/System.Embedded.1</uri>
		<count>3489816</count>
	</command>
	<command>
		<command>GET</command>
		<uri>/redfish/v1/Managers/System.Embedded.1/Attributes</uri>
		<count>243688</count>
	</command>
	<command>
		<command>GET</command>
		<uri>/redfish/v1/Systems/System.Embedded.1/Bios</uri>
		<count>21086</count>
	</command>
	<command>
		<command>GET</command>
		<uri>/redfish/v1/Managers/iDRAC.Embedded.1/Oem/Dell/Jobs</uri>
		<count>1197979</count>
	</command>
	<command>
		<command>GET</command>
		<uri>/redfish/v1/Managers/iDRAC.Embedded.1/LogServices/Sel/Entries</uri>
		<count>1591414</count>
	</command>
	<command>
		<command>GET</command>
		<uri>/redfish/v1/Managers/iDRAC.Embedded.1/Logs/FaultList</uri>
		<count>962857</count>
	</command>
	<command>
		<command>GET</command>
		<uri>/redfish/v1/Chassis/System.Embedded.1/NetworkAdapters</uri>
		<count>684</count>
	</command>
	<command>
		<command>GET</command>
		<uri>/redfish/v1/Chassis/System.Embedded.1/NetworkAdapters/NIC.Integrated.1/NetworkDeviceFunctions</uri>
		<count>348</count>
	</command>
	<command>
		<command>GET</command>
		<uri>/redfish/v1/Chassis/System.Embedded.1/NetworkAdapters/NIC.Slot.8/NetworkDeviceFunctions</uri>
		<count>348</count>
	</command>
	<command>
		<command>GET</command>
		<uri>/redfish/v1/Chassis/System.Embedded.1/NetworkAdapters/FC.Slot.1/NetworkDeviceFunctions</uri>
		<count>348</count>
	</command>
	<command>
		<command>GET</command>
		<uri>/redfish/v1/Chassis/System.Embedded.1/NetworkAdapters/FC.Slot.7/NetworkDeviceFunctions</uri>
		<count>348</count>
	</command>
	<command>
		<command>GET</command>
		<uri>/redfish/v1/Chassis/System.Embedded.1/NetworkAdapters/NIC.Integrated.1/NetworkDeviceFunctions/NIC.Integrated.1-1-1</uri>
		<count>348</count>
	</command>
	<command>
		<command>GET</command>
		<uri>/redfish/v1/Chassis/System.Embedded.1/NetworkAdapters/NIC.Integrated.1/NetworkDeviceFunctions/NIC.Integrated.1-2-1</uri>
		<count>348</count>
	</command>
	<command>
		<command>GET</command>
		<uri>/redfish/v1/Chassis/System.Embedded.1/PCIeSlots</uri>
		<count>12</count>
	</command>
	<command>
		<command>GET</command>
		<uri>/redfish/v1/Chassis/System.Embedded.1/PCIeDevices/134-0</uri>
		<count>12</count>
	</command>
	<command>
		<command>GET</command>
		<uri>/redfish/v1/Chassis/System.Embedded.1/PCIeDevices/216-0</uri>
		<count>12</count>
	</command>
	<command>
		<command>GET</command>
		<uri>/redfish/v1/Chassis/System.Embedded.1/PCIeDevices/59-0</uri>
		<count>12</count>
	</command>
	<command>
		<command>GET</command>
		<uri>/redfish/v1/Chassis/System.Embedded.1/PCIeDevices/135-0</uri>
		<count>12</count>
	</command>
	<command>
		<command>GET</command>
		<uri>/redfish/v1/SessionService/Sessions</uri>
		<count>6121</count>
	</command>
	<command>
		<command>POST</command>
		<uri>/redfish/v1/Systems/System.Embedded.1/Actions/ComputerSystem.Reset</uri>
		<count>14685</count>
	</command>
	<command>
		<command>GET</command>
		<uri>/redfish/v1/UpdateService</uri>
		<count>670</count>
	</command>
	<command>
		<command>POST</command>
		<uri>/redfish/v1/Managers/iDRAC.Embedded.1/Oem/Dell/DellLCService/Actions/DellLCService.GetRemoteServicesAPIStatus</uri>
		<count>1670</count>
	</command>
	<command>
		<command>GET</command>
		<uri>/redfish/v1/UpdateService/FirmwareInventory</uri>
		<count>670</count>
	</command>
	<command>
		<command>GET</command>
		<uri>/redfish/v1/UpdateService/FirmwareInventory/Installed-101734-6.0__OSCollector.Embedded.1</uri>
		<count>335</count>
	</command>
	<command>
		<command>GET</command>
		<uri>/redfish/v1/UpdateService/FirmwareInventory/Installed-104102-2.52__RAID.Backplane.Firmware.1</uri>
		<count>335</count>
	</command>
	<command>
		<command>GET</command>
		<uri>/redfish/v1/UpdateService/FirmwareInventory/Installed-104480-14.32.20.04__NIC.Slot.8-1-1</uri>
		<count>335</count>
	</command>
	<command>
		<command>GET</command>
		<uri>/redfish/v1/UpdateService/FirmwareInventory/Installed-104480-14.32.20.04__NIC.Slot.8-2-1</uri>
		<count>335</count>
	</command>
	<command>
		<command>GET</command>
		<uri>/redfish/v1/UpdateService/FirmwareInventory/Installed-104490-14.32.20.04__NIC.Integrated.1-1-1</uri>
		<count>335</count>
	</command>
	<command>
		<command>GET</command>
		<uri>/redfish/v1/UpdateService/FirmwareInventory/Installed-104490-14.32.20.04__NIC.Integrated.1-2-1</uri>
		<count>335</count>
	</command>
	<command>
		<command>GET</command>
		<uri>/redfish/v1/UpdateService/FirmwareInventory/Installed-104675-03.06.63__FC.Slot.1-1</uri>
		<count>335</count>
	</command>
	<command>
		<command>GET</command>
		<uri>/redfish/v1/UpdateService/FirmwareInventory/Installed-104675-03.06.63__FC.Slot.1-2</uri>
		<count>335</count>
	</command>
	<command>
		<command>GET</command>
		<uri>/redfish/v1/UpdateService/FirmwareInventory/Installed-104675-03.06.63__FC.Slot.7-1</uri>
		<count>335</count>
	</command>
	<command>
		<command>GET</command>
		<uri>/redfish/v1/UpdateService/FirmwareInventory/Installed-104675-03.06.63__FC.Slot.7-2</uri>
		<count>335</count>
	</command>
	<command>
		<command>GET</command>
		<uri>/redfish/v1/UpdateService/FirmwareInventory/Installed-104684-5.1.0.0__ServiceModule.Embedded.1</uri>
		<count>335</count>
	</command>
	<command>
		<command>GET</command>
		<uri>/redfish/v1/UpdateService/FirmwareInventory/Installed-104731-00.26.35__PSU.Slot.1</uri>
		<count>335</count>
	</command>
	<command>
		<command>GET</command>
		<uri>/redfish/v1/UpdateService/FirmwareInventory/Installed-104731-00.26.35__PSU.Slot.2</uri>
		<count>335</count>
	</command>
	<command>
		<command>GET</command>
		<uri>/redfish/v1/UpdateService/FirmwareInventory/Installed-105495-EE0A__Disk.Bay.0:Enclosure.Internal.0-1:RAID.Slot.5-1</uri>
		<count>335</count>
	</command>
	<command>
		<command>GET</command>
		<uri>/redfish/v1/UpdateService/FirmwareInventory/Installed-105495-EE0A__Disk.Bay.1:Enclosure.Internal.0-1:RAID.Slot.5-1</uri>
		<count>335</count>
	</command>
	<command>
		<command>GET</command>
		<uri>/redfish/v1/UpdateService/FirmwareInventory/Installed-105495-EE0A__Disk.Bay.2:Enclosure.Internal.0-1:RAID.Slot.5-1</uri>
		<count>335</count>
	</command>
	<command>
		<command>GET</command>
		<uri>/redfish/v1/UpdateService/FirmwareInventory/Installed-105495-EE0A__Disk.Bay.3:Enclosure.Internal.0-1:RAID.Slot.5-1</uri>
		<count>335</count>
	</command>
	<command>
		<command>GET</command>
		<uri>/redfish/v1/UpdateService/FirmwareInventory/Installed-106730-EF06__Disk.Bay.4:Enclosure.Internal.0-1:RAID.Slot.5-1</uri>
		<count>335</count>
	</command>
	<command>
		<command>GET</command>
		<uri>/redfish/v1/UpdateService/FirmwareInventory/Installed-106730-EF06__Disk.Bay.5:Enclosure.Internal.0-1:RAID.Slot.5-1</uri>
		<count>335</count>
	</command>
	<command>
		<command>GET</command>
		<uri>/redfish/v1/UpdateService/FirmwareInventory/Installed-111242-52.21.0-4606__RAID.Slot.5-1</uri>
		<count>335</count>
	</command>
	<command>
		<command>GET</command>
		<uri>/redfish/v1/UpdateService/FirmwareInventory/Installed-159-2.18.1__BIOS.Setup.1-1</uri>
		<count>335</count>
	</command>
	<command>
		<command>GET</command>
		<uri>/redfish/v1/UpdateService/FirmwareInventory/Installed-18981-22.12.06__DriverPack.Embedded.1:LC.Embedded.1</uri>
		<count>335</count>
	</command>
	<command>
		<command>GET</command>
		<uri>/redfish/v1/UpdateService/FirmwareInventory/Installed-25227-6.10.80.00__iDRAC.Embedded.1-1</uri>
		<count>335</count>
	</command>
	<command>
		<command>GET</command>
		<uri>/redfish/v1/UpdateService/FirmwareInventory/Installed-25806-4301A73__Diagnostics.Embedded.1:LC.Embedded.1</uri>
		<count>335</count>
	</command>
	<command>
		<command>GET</command>
		<uri>/redfish/v1/UpdateService/FirmwareInventory/Installed-27763-1.1.4__CPLD.Embedded.1</uri>
		<count>335</count>
	</command>
	<command>
		<command>GET</command>
		<uri>/redfish/v1/UpdateService/FirmwareInventory/Installed-28897-6.10.80.00__USC.Embedded.1:LC.Embedded.1</uri>
		<count>335</count>
	</command>
	<command>
		<command>POST</command>
		<uri>/redfish/v1/UpdateService/FirmwareInventory</uri>
		<count>335</count>
	</command>
	<command>
		<command>POST</command>
		<uri>/redfish/v1/UpdateService/Actions/Oem/DellUpdateService.Install</uri>
		<count>335</count>
	</command>
	<command>
		<command>GET</command>
		<uri>/redfish/v1/TaskService/Tasks/JID_336009566963</uri>
		<count>9045</count>
	</command>
	<command>
		<command>GET</command>
		<uri>/redfish/v1/Systems/System.Embedded.1/NetworkPorts/Oem/Dell/DellSwitchConnections</uri>
		<count>336</count>
	</command>
	<command>
		<command>GET</command>
		<uri>/redfish/v1/Chassis/System.Embedded.1/NetworkAdapters/NIC.Integrated.1</uri>
		<count>336</count>
	</command>
	<command>
		<command>GET</command>
		<uri>/redfish/v1/Chassis/System.Embedded.1/NetworkAdapters/NIC.Integrated.1/NetworkPorts</uri>
		<count>12358</count>
	</command>
	<command>
		<command>GET</command>
		<uri>/redfish/v1/Chassis/System.Embedded.1/NetworkAdapters/NIC.Slot.8</uri>
		<count>336</count>
	</command>
	<command>
		<command>GET</command>
		<uri>/redfish/v1/Chassis/System.Embedded.1/NetworkAdapters/NIC.Slot.8/NetworkPorts</uri>
		<count>1573</count>
	</command>
	<command>
		<command>GET</command>
		<uri>/redfish/v1/Chassis/System.Embedded.1/NetworkAdapters/FC.Slot.1/NetworkPorts</uri>
		<count>336</count>
	</command>
	<command>
		<command>GET</command>
		<uri>/redfish/v1/Chassis/System.Embedded.1/NetworkAdapters/FC.Slot.1</uri>
		<count>336</count>
	</command>
	<command>
		<command>GET</command>
		<uri>/redfish/v1/Chassis/System.Embedded.1/NetworkAdapters/FC.Slot.7</uri>
		<count>336</count>
	</command>
	<command>
		<command>GET</command>
		<uri>/redfish/v1/Chassis/System.Embedded.1/NetworkAdapters/FC.Slot.7/NetworkPorts</uri>
		<count>336</count>
	</command>
	<command>
		<command>GET</command>
		<uri>/redfish/v1/Chassis/System.Embedded.1/NetworkAdapters/NIC.Slot.8/NetworkDeviceFunctions/NIC.Slot.8-1-1</uri>
		<count>336</count>
	</command>
	<command>
		<command>GET</command>
		<uri>/redfish/v1/Chassis/System.Embedded.1/NetworkAdapters/NIC.Slot.8/NetworkDeviceFunctions/NIC.Slot.8-2-1</uri>
		<count>336</count>
	</command>
	<command>
		<command>GET</command>
		<uri>/redfish/v1/Chassis/System.Embedded.1/NetworkAdapters/FC.Slot.1/NetworkDeviceFunctions/FC.Slot.1-1</uri>
		<count>336</count>
	</command>
	<command>
		<command>GET</command>
		<uri>/redfish/v1/Chassis/System.Embedded.1/NetworkAdapters/FC.Slot.1/NetworkDeviceFunctions/FC.Slot.1-2</uri>
		<count>336</count>
	</command>
	<command>
		<command>GET</command>
		<uri>/redfish/v1/Chassis/System.Embedded.1/NetworkAdapters/FC.Slot.7/NetworkDeviceFunctions/FC.Slot.7-1</uri>
		<count>336</count>
	</command>
	<command>
		<command>GET</command>
		<uri>/redfish/v1/Chassis/System.Embedded.1/NetworkAdapters/FC.Slot.7/NetworkDeviceFunctions/FC.Slot.7-2</uri>
		<count>336</count>
	</command>
	<command>
		<command>GET</command>
		<uri>/redfish/v1/Chassis/System.Embedded.1/NetworkAdapters/NIC.Integrated.1/NetworkDeviceFunctions/NIC.Integrated.1-1-1/Oem/Dell/DellNetworkAttributes/NIC.Integrated.1-1-1</uri>
		<count>336</count>
	</command>
	<command>
		<command>GET</command>
		<uri>/redfish/v1/Chassis/System.Embedded.1/NetworkAdapters/NIC.Integrated.1/NetworkDeviceFunctions/NIC.Integrated.1-2-1/Oem/Dell/DellNetworkAttributes/NIC.Integrated.1-2-1</uri>
		<count>336</count>
	</command>
	<command>
		<command>GET</command>
		<uri>/redfish/v1/Chassis/System.Embedded.1/NetworkAdapters/NIC.Slot.8/NetworkDeviceFunctions/NIC.Slot.8-1-1/Oem/Dell/DellNetworkAttributes/NIC.Slot.8-1-1</uri>
		<count>336</count>
	</command>
	<command>
		<command>GET</command>
		<uri>/redfish/v1/Chassis/System.Embedded.1/NetworkAdapters/NIC.Slot.8/NetworkDeviceFunctions/NIC.Slot.8-2-1/Oem/Dell/DellNetworkAttributes/NIC.Slot.8-2-1</uri>
		<count>336</count>
	</command>
	<command>
		<command>GET</command>
		<uri>/redfish/v1/Chassis/System.Embedded.1/NetworkAdapters/FC.Slot.1/NetworkDeviceFunctions/FC.Slot.1-1/Oem/Dell/DellNetworkAttributes/FC.Slot.1-1</uri>
		<count>336</count>
	</command>
	<command>
		<command>GET</command>
		<uri>/redfish/v1/Chassis/System.Embedded.1/NetworkAdapters/FC.Slot.1/NetworkDeviceFunctions/FC.Slot.1-2/Oem/Dell/DellNetworkAttributes/FC.Slot.1-2</uri>
		<count>336</count>
	</command>
	<command>
		<command>GET</command>
		<uri>/redfish/v1/Chassis/System.Embedded.1/NetworkAdapters/FC.Slot.7/NetworkDeviceFunctions/FC.Slot.7-1/Oem/Dell/DellNetworkAttributes/FC.Slot.7-1</uri>
		<count>336</count>
	</command>
	<command>
		<command>GET</command>
		<uri>/redfish/v1/Chassis/System.Embedded.1/NetworkAdapters/FC.Slot.7/NetworkDeviceFunctions/FC.Slot.7-2/Oem/Dell/DellNetworkAttributes/FC.Slot.7-2</uri>
		<count>336</count>
	</command>
	<command>
		<command>GET</command>
		<uri>/redfish/v1/Chassis/System.Embedded.1/NetworkAdapters/NIC.Integrated.1/NetworkPorts/NIC.Integrated.1-1</uri>
		<count>12022</count>
	</command>
	<command>
		<command>GET</command>
		<uri>/redfish/v1/Chassis/System.Embedded.1/NetworkAdapters/NIC.Integrated.1/NetworkPorts/NIC.Integrated.1-2</uri>
		<count>12022</count>
	</command>
	<command>
		<command>GET</command>
		<uri>/redfish/v1/Chassis/System.Embedded.1/NetworkAdapters/NIC.Slot.8/NetworkPorts/NIC.Slot.8-2</uri>
		<count>1237</count>
	</command>
	<command>
		<command>GET</command>
		<uri>/redfish/v1/Chassis/System.Embedded.1/NetworkAdapters/NIC.Slot.8/NetworkPorts/NIC.Slot.8-1</uri>
		<count>1237</count>
	</command>
	<command>
		<command>GET</command>
		<uri>/redfish/v1/Systems/System.Embedded.1/Oem/Dell/DellSensors/iDRAC.Embedded.1_0x23_SystemBoardIntrusion</uri>
		<count>56</count>
	</command>
	<command>
		<command>GET</command>
		<uri>/redfish/v1/Managers/LifecycleController.Embedded.1/Attributes</uri>
		<count>1622</count>
	</command>
	<command>
		<command>GET</command>
		<uri>/redfish/v1/Managers/iDRAC.Embedded.1</uri>
		<count>3156</count>
	</command>
	<command>
		<command>GET</command>
		<uri>/redfish/v1/Systems/System.Embedded.1/Bios/Settings</uri>
		<count>256</count>
	</command>
	<command>
		<command>GET</command>
		<uri>/redfish/v1/Systems/System.Embedded.1/BootSources</uri>
		<count>256</count>
	</command>
	<command>
		<command>GET</command>
		<uri>/redfish/v1/Systems/System.Embedded.1/BootSources/Settings</uri>
		<count>256</count>
	</command>
	<command>
		<command>POST</command>
		<uri>/redfish/v1/Managers/iDRAC.Embedded.1/Jobs</uri>
		<count>512</count>
	</command>

</redfish>

<ism>

</ism>

<jobcontrol>
	<jobtype>
		<type>Export Configuration</type>
		<completed_count>49277</completed_count>
		<completed_with_errors_count>0</completed_with_errors_count>
		<failed_count>0</failed_count>
	</jobtype>
	<jobtype>
		<type>SCV Certificate Import</type>
		<completed_count>49277</completed_count>
		<completed_with_errors_count>0</completed_with_errors_count>
		<failed_count>0</failed_count>
	</jobtype>
	<jobtype>
		<type>Config:RAID:RAID.Slot.5-1</type>
		<completed_count>133045</completed_count>
		<completed_with_errors_count>0</completed_with_errors_count>
		<failed_count>0</failed_count>
	</jobtype>
	<jobtype>
		<type>ConfigBIOS:BIOS.Setup.1-1</type>
		<completed_count>88980</completed_count>
		<completed_with_errors_count>0</completed_with_errors_count>
		<failed_count>0</failed_count>
	</jobtype>
	<jobtype>
		<type>Firmware Update: iDRAC with Lifecycle Controller</type>
		<completed_count>27500</completed_count>
		<completed_with_errors_count>0</completed_with_errors_count>
		<failed_count>0</failed_count>
	</jobtype>

</jobcontrol>

<gui_operation>
	<command>
		<command>PATCH</command>
		<uri>/redfish/v1/Managers/iDRAC.Embedded.1/Attributes</uri>
		<count>10200</count>
	</command>
	<command>
		<command>GET</command>
		<uri>/redfish/v1/Managers/iDRAC.Embedded.1/Attributes?$select=PlatformCapability.1.NGMPlatform,PlatformCapability.1.UnsupportedCntlrMsgCapable,PlatformCapability.1.PostPoneNICSelectionCapable</uri>
		<count>30964</count>
	</command>
	<command>
		<command>GET</command>
		<uri>/redfish/v1/Registries/ManagerAttributeRegistry/ManagerAttributeRegistry.v1_0_0.json</uri>
		<count>15482</count>
	</command>
	<command>
		<command>GET</command>
		<uri>/redfish/v1/Systems/System.Embedded.1?$select=PowerState</uri>
		<count>2869796</count>
	</command>
	<command>
		<command>GET</command>
		<uri>/sysmgmt/2015/groupmanager</uri>
		<count>15482</count>
	</command>
	<command>
		<command>GET</command>
		<uri>/sysmgmt/2015/server/privileges</uri>
		<count>32961</count>
	</command>
	<command>
		<command>GET</command>
		<uri>/redfish/v1/Systems/System.Embedded.1</uri>
		<count>620355</count>
	</command>
	<command>
		<command>GET</command>
		<uri>/redfish/v1/Managers/System.Embedded.1/Attributes?$select=ServerPwr.1.AllowLoginUserToPowerOn</uri>
		<count>45652</count>
	</command>
	<command>
		<command>GET</command>
		<uri>/redfish/v1/Managers/System.Embedded.1/Attributes?$select=LCD.1.CurrentFPStates</uri>
		<count>34958</count>
	</command>
	<command>
		<command>GET</command>
		<uri>/redfish/v1/Managers/iDRAC.Embedded.1/Attributes?$select=NIC.*</uri>
		<count>40078</count>
	</command>
	<command>
		<command>GET</command>
		<uri>/redfish/v1/Managers/iDRAC.Embedded.1/Attributes?$select=IPv4.*</uri>
		<count>36244</count>
	</command>
	<command>
		<command>GET</command>
		<uri>/redfish/v1/Managers/iDRAC.Embedded.1/Attributes?$select=IPv6.*</uri>
		<count>36244</count>
	</command>
	<command>
		<command>GET</command>
		<uri>/redfish/v1/Managers/iDRAC.Embedded.1/Attributes?$select=Info.*</uri>
		<count>66880</count>
	</command>
	<command>
		<command>GET</command>
		<uri>/redfish/v1/Managers/System.Embedded.1/Attributes?$select=ServerInfo.*</uri>
		<count>38464</count>
	</command>
	<command>
		<command>GET</command>
		<uri>/redfish/v1/Managers/System.Embedded.1/Attributes?$select=ServerOS.*</uri>
		<count>38488</count>
	</command>
	<command>
		<command>GET</command>
		<uri>/redfish/v1/Systems/System.Embedded.1/Bios?$select=Attributes/SystemBiosVersion,Attributes/SystemModelName</uri>
		<count>18821</count>
	</command>
	<command>
		<command>GET</command>
		<uri>/redfish/v1/Managers/iDRAC.Embedded.1/Oem/Dell/Jobs?$expand=*($levels=1)</uri>
		<count>1198314</count>
	</command>
	<command>
		<command>GET</command>
		<uri>/redfish/v1/Managers/iDRAC.Embedded.1/LogServices/Sel/Entries?$top=10</uri>
		<count>3182472</count>
	</command>
	<command>
		<command>GET</command>
		<uri>/redfish/v1/Managers/iDRAC.Embedded.1/Logs/FaultList</uri>
		<count>962857</count>
	</command>
	<command>
		<command>GET</command>
		<uri>/redfish/v1/Managers/System.Embedded.1/Attributes?$select=LCD.*</uri>
		<count>34958</count>
	</command>
	<command>
		<command>GET</command>
		<uri>/redfish/v1/Managers/System.Embedded.1/Attributes?$select=ServerPwr.*</uri>
		<count>46842</count>
	</command>
	<command>
		<command>GET</command>
		<uri>/sysmgmt/2013/server/lclogs?category=6&amp;maxcount=10</uri>
		<count>17479</count>
	</command>
	<command>
		<command>GET</command>
		<uri>/redfish/v1/Managers/iDRAC.Embedded.1/Attributes?$select=SecurityCertificate.*</uri>
		<count>31292</count>
	</command>
	<command>
		<command>GET</command>
		<uri>/redfish/v1/Managers/iDRAC.Embedded.1/Attributes?$select=PlatformCapability.*</uri>
		<count>30964</count>
	</command>
	<command>
		<command>GET</command>
		<uri>/redfish/v1/Managers/iDRAC.Embedded.1/Attributes?$select=CertificateManagement.*</uri>
		<count>30964</count>
	</command>
	<command>
		<command>GET</command>
		<uri>/sysmgmt/2012/server/license</uri>
		<count>15482</count>
	</command>
	<command>
		<command>GET</command>
		<uri>/redfish/v1/Managers/iDRAC.Embedded.1/Attributes?$select=VNCServer.*</uri>
		<count>3235638</count>
	</command>
	<command>
		<command>GET</command>
		<uri>/redfish/v1/Managers/iDRAC.Embedded.1/Attributes?$select=VirtualConsole.*</uri>
		<count>3231690</count>
	</command>
	<command>
		<command>GET</command>
		<uri>/sysmgmt/2015/server/preview</uri>
		<count>1588816</count>
	</command>
	<command>
		<command>GET</command>
		<uri>/capconsole/scapture0.png</uri>
		<count>1588080</count>
	</command>
	<command>
		<command>GET</command>
		<uri>/sysmgmt/2015/server/sysinfo</uri>
		<count>479</count>
	</command>
	<command>
		<command>GET</command>
		<uri>/redfish/v1/Managers/System.Embedded.1/Attributes?$select=SC-BMC.*</uri>
		<count>26</count>
	</command>
	<command>
		<command>GET</command>
		<uri>/redfish/v1/Managers/System.Embedded.1/Attributes?$select=ServerTopology.*</uri>
		<count>24</count>
	</command>
	<command>
		<command>GET</command>
		<uri>/redfish/v1/Chassis/System.Embedded.1/NetworkAdapters/</uri>
		<count>348</count>
	</command>
	<command>
		<command>GET</command>
		<uri>/redfish/v1/Managers/System.Embedded.1/Attributes?$select=AcquisitionInfo.*</uri>
		<count>24</count>
	</command>
	<command>
		<command>GET</command>
		<uri>/redfish/v1/Managers/System.Embedded.1/Attributes?$select=DepreciationInfo.*</uri>
		<count>24</count>
	</command>
	<command>
		<command>GET</command>
		<uri>/redfish/v1/Managers/System.Embedded.1/Attributes?$select=ExtWarrantyInfo.*</uri>
		<count>24</count>
	</command>
	<command>
		<command>GET</command>
		<uri>/redfish/v1/Managers/System.Embedded.1/Attributes?$select=LeaseInfo.*</uri>
		<count>24</count>
	</command>
	<command>
		<command>GET</command>
		<uri>/redfish/v1/Managers/System.Embedded.1/Attributes?$select=MaintenanceInfo.*</uri>
		<count>24</count>
	</command>
	<command>
		<command>GET</command>
		<uri>/redfish/v1/Managers/System.Embedded.1/Attributes?$select=OutsourceInfo.*</uri>
		<count>24</count>
	</command>
	<command>
		<command>GET</command>
		<uri>/redfish/v1/Managers/System.Embedded.1/Attributes?$select=OwnerInfo.*</uri>
		<count>24</count>
	</command>
	<command>
		<command>GET</command>
		<uri>/redfish/v1/Managers/System.Embedded.1/Attributes?$select=ServiceContract.*</uri>
		<count>24</count>
	</command>
	<command>
		<command>GET</command>
		<uri>/redfish/v1/Managers/System.Embedded.1/Attributes?$select=SupportInfo.*</uri>
		<count>24</count>
	</command>
	<command>
		<command>GET</command>
		<uri>/redfish/v1/Managers/System.Embedded.1/Attributes?$select=SystemInfo.*</uri>
		<count>24</count>
	</command>
	<command>
		<command>GET</command>
		<uri>/redfish/v1/Managers/System.Embedded.1/Attributes?$select=WarrantyInfo.*</uri>
		<count>24</count>
	</command>
	<command>
		<command>GET</command>
		<uri>/redfish/v1/Managers/System.Embedded.1/Attributes?$select=CustomAsset.*</uri>
		<count>24</count>
	</command>
	<command>
		<command>GET</command>
		<uri>/redfish/v1/Chassis/System.Embedded.1/NetworkAdapters/NIC.Integrated.1/NetworkDeviceFunctions</uri>
		<count>348</count>
	</command>
	<command>
		<command>GET</command>
		<uri>/redfish/v1/Chassis/System.Embedded.1/NetworkAdapters/NIC.Slot.8/NetworkDeviceFunctions</uri>
		<count>348</count>
	</command>
	<command>
		<command>GET</command>
		<uri>/redfish/v1/Chassis/System.Embedded.1/NetworkAdapters/FC.Slot.1/NetworkDeviceFunctions</uri>
		<count>348</count>
	</command>
	<command>
		<command>GET</command>
		<uri>/redfish/v1/Chassis/System.Embedded.1/NetworkAdapters/FC.Slot.7/NetworkDeviceFunctions</uri>
		<count>348</count>
	</command>
	<command>
		<command>GET</command>
		<uri>/redfish/v1/Chassis/System.Embedded.1/NetworkAdapters/NIC.Integrated.1/NetworkDeviceFunctions/NIC.Integrated.1-2-1</uri>
		<count>348</count>
	</command>
	<command>
		<command>GET</command>
		<uri>/redfish/v1/Chassis/System.Embedded.1/NetworkAdapters/NIC.Integrated.1/NetworkDeviceFunctions/NIC.Integrated.1-1-1</uri>
		<count>348</count>
	</command>
	<command>
		<command>GET</command>
		<uri>/redfish/v1/Managers/System.Embedded.1/Attributes?$select=ServerPwr.1.SCViewSledPwr</uri>
		<count>3506</count>
	</command>
	<command>
		<command>GET</command>
		<uri>/redfish/v1/Systems/System.Embedded.1/Bios?$select=Attributes/SystemModelName</uri>
		<count>1753</count>
	</command>
	<command>
		<command>GET</command>
		<uri>/redfish/v1/Managers/iDRAC.Embedded.1/Attributes?$select=Security.*</uri>
		<count>4798</count>
	</command>
	<command>
		<command>GET</command>
		<uri>/redfish/v1/Chassis/System.Embedded.1/PCIeSlots</uri>
		<count>12</count>
	</command>
	<command>
		<command>GET</command>
		<uri>/redfish/v1/Chassis/System.Embedded.1/PCIeDevices/134-0</uri>
		<count>12</count>
	</command>
	<command>
		<command>GET</command>
		<uri>/redfish/v1/Chassis/System.Embedded.1/PCIeDevices/216-0</uri>
		<count>12</count>
	</command>
	<command>
		<command>GET</command>
		<uri>/redfish/v1/Chassis/System.Embedded.1/PCIeDevices/59-0</uri>
		<count>12</count>
	</command>
	<command>
		<command>GET</command>
		<uri>/redfish/v1/Chassis/System.Embedded.1/PCIeDevices/135-0</uri>
		<count>12</count>
	</command>
	<command>
		<command>GET</command>
		<uri>/redfish/v1/Managers/iDRAC.Embedded.1/Attributes?$select=VirtualMedia.*</uri>
		<count>51338</count>
	</command>
	<command>
		<command>GET</command>
		<uri>/sysmgmt/2015/server/vconsole</uri>
		<count>16164</count>
	</command>
	<command>
		<command>GET</command>
		<uri>/redfish/v1/Managers/iDRAC.Embedded.1/Attributes?$select=WebServer.*</uri>
		<count>2284</count>
	</command>
	<command>
		<command>GET</command>
		<uri>/redfish/v1/SessionService/Sessions?$expand=*</uri>
		<count>4968</count>
	</command>
	<command>
		<command>GET</command>
		<uri>/redfish/v1/Managers/iDRAC.Embedded.1/Attributes?$select=CurrentNIC.*</uri>
		<count>1262</count>
	</command>
	<command>
		<command>GET</command>
		<uri>/redfish/v1/Managers/iDRAC.Embedded.1/Attributes?$select=SwitchConnectionView.*</uri>
		<count>1262</count>
	</command>
	<command>
		<command>GET</command>
		<uri>/redfish/v1/Managers/iDRAC.Embedded.1/Attributes?$select=ServiceModule.*</uri>
		<count>1262</count>
	</command>
	<command>
		<command>GET</command>
		<uri>/redfish/v1/Managers/System.Embedded.1/Attributes?$select=OpenIDConnectServer.*</uri>
		<count>482</count>
	</command>
	<command>
		<command>GET</command>
		<uri>/redfish/v1/Managers/iDRAC.Embedded.1/Attributes?$select=DefaultCredentialMitigationConfigGroup.*</uri>
		<count>482</count>
	</command>
	<command>
		<command>GET</command>
		<uri>/redfish/v1/Managers/iDRAC.Embedded.1/Attributes?$select=Users.*</uri>
		<count>482</count>
	</command>
	<command>
		<command>GET</command>
		<uri>/redfish/v1/Managers/iDRAC.Embedded.1/Attributes?$select=ActiveDirectory.*</uri>
		<count>1184</count>
	</command>
	<command>
		<command>GET</command>
		<uri>/redfish/v1/Managers/iDRAC.Embedded.1/Attributes?$select=LDAP.*</uri>
		<count>482</count>
	</command>
	<command>
		<command>GET</command>
		<uri>/redfish/v1/Managers/iDRAC.Embedded.1/Attributes?$select=SmartCard.*</uri>
		<count>1138</count>
	</command>
	<command>
		<command>GET</command>
		<uri>/redfish/v1/Managers/iDRAC.Embedded.1/Attributes?$select=ADGroup.*</uri>
		<count>702</count>
	</command>
	<command>
		<command>GET</command>
		<uri>/sysmgmt/2013/server/kerberos</uri>
		<count>351</count>
	</command>
	<command>
		<command>GET</command>
		<uri>/redfish/v1/Managers/iDRAC.Embedded.1/Attributes?$select=UserDomain.*</uri>
		<count>1026</count>
	</command>
	<command>
		<command>POST</command>
		<uri>/sysmgmt/2019/server/enhancedlog</uri>
		<count>16208</count>
	</command>
	<command>
		<command>POST</command>
		<uri>/redfish/v1/Systems/System.Embedded.1/Actions/ComputerSystem.Reset</uri>
		<count>14685</count>
	</command>
	<command>
		<command>GET</command>
		<uri>/redfish/v1/Managers/iDRAC.Embedded.1/Attributes?$select=AutoOSLockGroup.*</uri>
		<count>1350</count>
	</command>
	<command>
		<command>GET</command>
		<uri>/redfish/v1/Managers/iDRAC.Embedded.1/Attributes?$select=SSH.1.Port</uri>
		<count>1350</count>
	</command>
	<command>
		<command>GET</command>
		<uri>/redfish/v1/Managers/iDRAC.Embedded.1/Attributes?$select=SNMP.1.DiscoveryPort</uri>
		<count>1350</count>
	</command>
	<command>
		<command>GET</command>
		<uri>/sysmgmt/2016/server/extended_health</uri>
		<count>443478</count>
	</command>
	<command>
		<command>GET</command>
		<uri>/redfish/v1/Systems/System.Embedded.1/NetworkPorts/Oem/Dell/DellSwitchConnections</uri>
		<count>336</count>
	</command>
	<command>
		<command>GET</command>
		<uri>/redfish/v1/Chassis/System.Embedded.1/NetworkAdapters/NIC.Integrated.1</uri>
		<count>336</count>
	</command>
	<command>
		<command>GET</command>
		<uri>/redfish/v1/Chassis/System.Embedded.1/NetworkAdapters/NIC.Integrated.1/NetworkPorts</uri>
		<count>12358</count>
	</command>
	<command>
		<command>GET</command>
		<uri>/redfish/v1/Chassis/System.Embedded.1/NetworkAdapters/NIC.Slot.8</uri>
		<count>336</count>
	</command>
	<command>
		<command>GET</command>
		<uri>/redfish/v1/Chassis/System.Embedded.1/NetworkAdapters/NIC.Slot.8/NetworkPorts</uri>
		<count>1573</count>
	</command>
	<command>
		<command>GET</command>
		<uri>/redfish/v1/Chassis/System.Embedded.1/NetworkAdapters/FC.Slot.1</uri>
		<count>336</count>
	</command>
	<command>
		<command>GET</command>
		<uri>/redfish/v1/Chassis/System.Embedded.1/NetworkAdapters/FC.Slot.1/NetworkPorts</uri>
		<count>336</count>
	</command>
	<command>
		<command>GET</command>
		<uri>/redfish/v1/Chassis/System.Embedded.1/NetworkAdapters/FC.Slot.7</uri>
		<count>336</count>
	</command>
	<command>
		<command>GET</command>
		<uri>/redfish/v1/Chassis/System.Embedded.1/NetworkAdapters/FC.Slot.7/NetworkPorts</uri>
		<count>336</count>
	</command>
	<command>
		<command>GET</command>
		<uri>/redfish/v1/Chassis/System.Embedded.1/NetworkAdapters/NIC.Slot.8/NetworkDeviceFunctions/NIC.Slot.8-1-1</uri>
		<count>336</count>
	</command>
	<command>
		<command>GET</command>
		<uri>/redfish/v1/Chassis/System.Embedded.1/NetworkAdapters/NIC.Slot.8/NetworkDeviceFunctions/NIC.Slot.8-2-1</uri>
		<count>336</count>
	</command>
	<command>
		<command>GET</command>
		<uri>/redfish/v1/Chassis/System.Embedded.1/NetworkAdapters/FC.Slot.1/NetworkDeviceFunctions/FC.Slot.1-1</uri>
		<count>336</count>
	</command>
	<command>
		<command>GET</command>
		<uri>/redfish/v1/Chassis/System.Embedded.1/NetworkAdapters/FC.Slot.1/NetworkDeviceFunctions/FC.Slot.1-2</uri>
		<count>336</count>
	</command>
	<command>
		<command>GET</command>
		<uri>/redfish/v1/Chassis/System.Embedded.1/NetworkAdapters/FC.Slot.7/NetworkDeviceFunctions/FC.Slot.7-1</uri>
		<count>336</count>
	</command>
	<command>
		<command>GET</command>
		<uri>/redfish/v1/Chassis/System.Embedded.1/NetworkAdapters/FC.Slot.7/NetworkDeviceFunctions/FC.Slot.7-2</uri>
		<count>336</count>
	</command>
	<command>
		<command>GET</command>
		<uri>/redfish/v1/Chassis/System.Embedded.1/NetworkAdapters/NIC.Integrated.1/NetworkDeviceFunctions/NIC.Integrated.1-1-1/Oem/Dell/DellNetworkAttributes/NIC.Integrated.1-1-1</uri>
		<count>336</count>
	</command>
	<command>
		<command>GET</command>
		<uri>/redfish/v1/Chassis/System.Embedded.1/NetworkAdapters/NIC.Integrated.1/NetworkDeviceFunctions/NIC.Integrated.1-2-1/Oem/Dell/DellNetworkAttributes/NIC.Integrated.1-2-1</uri>
		<count>336</count>
	</command>
	<command>
		<command>GET</command>
		<uri>/redfish/v1/Chassis/System.Embedded.1/NetworkAdapters/NIC.Slot.8/NetworkDeviceFunctions/NIC.Slot.8-1-1/Oem/Dell/DellNetworkAttributes/NIC.Slot.8-1-1</uri>
		<count>336</count>
	</command>
	<command>
		<command>GET</command>
		<uri>/redfish/v1/Chassis/System.Embedded.1/NetworkAdapters/NIC.Slot.8/NetworkDeviceFunctions/NIC.Slot.8-2-1/Oem/Dell/DellNetworkAttributes/NIC.Slot.8-2-1</uri>
		<count>336</count>
	</command>
	<command>
		<command>GET</command>
		<uri>/redfish/v1/Chassis/System.Embedded.1/NetworkAdapters/FC.Slot.1/NetworkDeviceFunctions/FC.Slot.1-1/Oem/Dell/DellNetworkAttributes/FC.Slot.1-1</uri>
		<count>336</count>
	</command>
	<command>
		<command>GET</command>
		<uri>/redfish/v1/Chassis/System.Embedded.1/NetworkAdapters/FC.Slot.1/NetworkDeviceFunctions/FC.Slot.1-2/Oem/Dell/DellNetworkAttributes/FC.Slot.1-2</uri>
		<count>336</count>
	</command>
	<command>
		<command>GET</command>
		<uri>/redfish/v1/Chassis/System.Embedded.1/NetworkAdapters/FC.Slot.7/NetworkDeviceFunctions/FC.Slot.7-1/Oem/Dell/DellNetworkAttributes/FC.Slot.7-1</uri>
		<count>336</count>
	</command>
	<command>
		<command>GET</command>
		<uri>/redfish/v1/Chassis/System.Embedded.1/NetworkAdapters/FC.Slot.7/NetworkDeviceFunctions/FC.Slot.7-2/Oem/Dell/DellNetworkAttributes/FC.Slot.7-2</uri>
		<count>336</count>
	</command>
	<command>
		<command>GET</command>
		<uri>/redfish/v1/Chassis/System.Embedded.1/NetworkAdapters?$expand=*($levels=1)</uri>
		<count>336</count>
	</command>
	<command>
		<command>GET</command>
		<uri>/redfish/v1/Chassis/System.Embedded.1/NetworkAdapters/NIC.Integrated.1/NetworkPorts/NIC.Integrated.1-1</uri>
		<count>12022</count>
	</command>
	<command>
		<command>GET</command>
		<uri>/redfish/v1/Chassis/System.Embedded.1/NetworkAdapters/NIC.Integrated.1/NetworkPorts/NIC.Integrated.1-2</uri>
		<count>12022</count>
	</command>
	<command>
		<command>GET</command>
		<uri>/redfish/v1/Chassis/System.Embedded.1/NetworkAdapters/NIC.Slot.8/NetworkPorts/NIC.Slot.8-2</uri>
		<count>1237</count>
	</command>
	<command>
		<command>GET</command>
		<uri>/redfish/v1/Chassis/System.Embedded.1/NetworkAdapters/NIC.Slot.8/NetworkPorts/NIC.Slot.8-1</uri>
		<count>1237</count>
	</command>
	<command>
		<command>GET</command>
		<uri>/redfish/v1/Managers/iDRAC.Embedded.1/Attributes?$select=NIC.1.FailoverFQDD,NIC.1.NICPresenceMask,NIC.1.SelectionFQDD</uri>
		<count>328</count>
	</command>
	<command>
		<command>GET</command>
		<uri>/redfish/v1/Managers/iDRAC.Embedded.1/Attributes?$select=IPBlocking.*</uri>
		<count>656</count>
	</command>
	<command>
		<command>GET</command>
		<uri>/redfish/v1/Managers/iDRAC.Embedded.1/Attributes?$select=8021XSecurity.1.Use8021XSecurity</uri>
		<count>328</count>
	</command>
	<command>
		<command>GET</command>
		<uri>/redfish/v1/Managers/iDRAC.Embedded.1/Attributes?$select=8021XSecurity.1.ClientCertificateType</uri>
		<count>328</count>
	</command>
	<command>
		<command>GET</command>
		<uri>/redfish/v1/Managers/iDRAC.Embedded.1/Attributes?$select=8021XSecurity.1.ValidateAuthenticationServerCertificate</uri>
		<count>328</count>
	</command>
	<command>
		<command>GET</command>
		<uri>/redfish/v1/Managers/iDRAC.Embedded.1/Attributes?$select=IPMISerial.*</uri>
		<count>328</count>
	</command>
	<command>
		<command>GET</command>
		<uri>/redfish/v1/Managers/iDRAC.Embedded.1/Attributes?$select=Serial.*</uri>
		<count>328</count>
	</command>
	<command>
		<command>GET</command>
		<uri>/redfish/v1/Managers/iDRAC.Embedded.1/Attributes?$select=IPMISOL.*</uri>
		<count>328</count>
	</command>
	<command>
		<command>GET</command>
		<uri>/redfish/v1/Managers/iDRAC.Embedded.1/Attributes?$select=SerialRedirection.*</uri>
		<count>328</count>
	</command>
	<command>
		<command>GET</command>
		<uri>/redfish/v1/Managers/iDRAC.Embedded.1/Attributes?$select=OS-BMC.*</uri>
		<count>328</count>
	</command>
	<command>
		<command>GET</command>
		<uri>/redfish/v1/Managers/iDRAC.Embedded.1/Attributes?$select=IPv4Static.*</uri>
		<count>328</count>
	</command>
	<command>
		<command>GET</command>
		<uri>/redfish/v1/Managers/iDRAC.Embedded.1/Attributes?$select=IPMILan.*</uri>
		<count>328</count>
	</command>
	<command>
		<command>GET</command>
		<uri>/redfish/v1/Managers/iDRAC.Embedded.1/Attributes?$select=IPv6Static.*</uri>
		<count>328</count>
	</command>
	<command>
		<command>GET</command>
		<uri>/redfish/v1/Managers/iDRAC.Embedded.1/Attributes?$select=Autodiscovery.*</uri>
		<count>328</count>
	</command>
	<command>
		<command>GET</command>
		<uri>/sysmgmt/2013/server/lclogs</uri>
		<count>1017</count>
	</command>
	<command>
		<command>GET</command>
		<uri>/sysmgmt/2013/server/lclogs?maxcount=100&amp;sequenceNumber=988&amp;skip=0</uri>
		<count>392</count>
	</command>
	<command>
		<command>GET</command>
		<uri>/redfish/v1/Managers/iDRAC.Embedded.1/LogServices/Sel/Entries?$top=1024</uri>
		<count>356</count>
	</command>
	<command>
		<command>GET</command>
		<uri>/sysmgmt/2015/bmc/videocapture</uri>
		<count>56</count>
	</command>
	<command>
		<command>GET</command>
		<uri>/sysmgmt/2015/bmc/postcode</uri>
		<count>56</count>
	</command>
	<command>
		<command>GET</command>
		<uri>/sysmgmt/2015/bmc/crashscreen</uri>
		<count>56</count>
	</command>
	<command>
		<command>GET</command>
		<uri>/redfish/v1/Systems/System.Embedded.1/Oem/Dell/DellSensors/iDRAC.Embedded.1_0x23_SystemBoardIntrusion</uri>
		<count>56</count>
	</command>
	<command>
		<command>GET</command>
		<uri>/capdata/bsod.png</uri>
		<count>56</count>
	</command>
	<command>
		<command>GET</command>
		<uri>/sysmgmt/2013/server/lclogs?maxcount=100&amp;sequenceNumber=991&amp;skip=0</uri>
		<count>112</count>
	</command>
	<command>
		<command>GET</command>
		<uri>/sysmgmt/2013/server/sensor/powersupplyunit</uri>
		<count>1</count>
	</command>
	<command>
		<command>GET</command>
		<uri>/sysmgmt/2015/server/sensor/power</uri>
		<count>1</count>
	</command>
	<command>
		<command>GET</command>
		<uri>/redfish/v1/Managers/iDRAC.Embedded.1/Attributes?$select=RSM.1.ChassisPSUInfoCapability</uri>
		<count>2</count>
	</command>
	<command>
		<command>GET</command>
		<uri>/redfish/v1/Managers/iDRAC.Embedded.1/Attributes?$select=RSM.*</uri>
		<count>2</count>
	</command>
	<command>
		<command>GET</command>
		<uri>/sysmgmt/2013/server/lclogs?maxcount=100&amp;sequenceNumber=832&amp;skip=0</uri>
		<count>1</count>
	</command>
	<command>
		<command>GET</command>
		<uri>/sysmgmt/2012/server/firmware/queue</uri>
		<count>1</count>
	</command>
	<command>
		<command>GET</command>
		<uri>/redfish/v1/Managers/LifecycleController.Embedded.1/Attributes?$select=LCAttributes.*</uri>
		<count>1622</count>
	</command>
	<command>
		<command>GET</command>
		<uri>/sysmgmt/2013/server/lclogs?category=2&amp;maxcount=10</uri>
		<count>1342</count>
	</command>
	<command>
		<command>GET</command>
		<uri>/sysmgmt/2010/storage/vdisk</uri>
		<count>3175</count>
	</command>
	<command>
		<command>GET</command>
		<uri>/sysmgmt/2010/storage/pdisk</uri>
		<count>34496</count>
	</command>
	<command>
		<command>GET</command>
		<uri>/sysmgmt/2010/storage/controller</uri>
		<count>5777</count>
	</command>
	<command>
		<command>GET</command>
		<uri>/sysmgmt/2010/storage/enclosure</uri>
		<count>1597</count>
	</command>
	<command>
		<command>GET</command>
		<uri>/redfish/v1/Managers/iDRAC.Embedded.1/Attributes?$select=Webserver.*</uri>
		<count>2130</count>
	</command>
	<command>
		<command>DELETE</command>
		<uri>/sysmgmt/2010/storage/vdisk/305%7CP%7CDisk.Virtual.236:RAID.Slot.5-1</uri>
		<count>277</count>
	</command>
	<command>
		<command>GET</command>
		<uri>/redfish/v1/Managers/iDRAC.Embedded.1?$select=DateTime</uri>
		<count>1578</count>
	</command>
	<command>
		<command>POST</command>
		<uri>/sysmgmt/2012/server/jobqueue</uri>
		<count>810</count>
	</command>
	<command>
		<command>DELETE</command>
		<uri>/sysmgmt/2010/storage/vdisk/305%7CP%7CDisk.Virtual.237:RAID.Slot.5-1</uri>
		<count>277</count>
	</command>
	<command>
		<command>GET</command>
		<uri>/redfish/v1/Systems/System.Embedded.1/Bios/BiosRegistry</uri>
		<count>256</count>
	</command>
	<command>
		<command>GET</command>
		<uri>/redfish/v1/Systems/System.Embedded.1/BootSources/BootSourcesRegistry</uri>
		<count>256</count>
	</command>
	<command>
		<command>GET</command>
		<uri>/redfish/v1/Systems/System.Embedded.1/Bios</uri>
		<count>256</count>
	</command>
	<command>
		<command>GET</command>
		<uri>/redfish/v1/Systems/System.Embedded.1/BootSources</uri>
		<count>512</count>
	</command>
	<command>
		<command>GET</command>
		<uri>/redfish/v1/Systems/System.Embedded.1/Bios/Settings</uri>
		<count>256</count>
	</command>
	<command>
		<command>GET</command>
		<uri>/redfish/v1/Systems/System.Embedded.1/BootSources/Settings</uri>
		<count>512</count>
	</command>
	<command>
		<command>POST</command>
		<uri>/redfish/v1/Managers/iDRAC.Embedded.1/Jobs</uri>
		<count>1024</count>
	</command>
	<command>
		<command>GET</command>
		<uri>/sysmgmt/2013/server/lclogs?maxcount=88&amp;sequenceNumber=88&amp;skip=0</uri>
		<count>256</count>
	</command>
	<command>
		<command>GET</command>
		<uri>/sysmgmt/2013/server/lclogs?maxcount=100&amp;sequenceNumber=100&amp;skip=0</uri>
		<count>256</count>
	</command>
	<command>
		<command>GET</command>
		<uri>/redfish/v1/Managers/iDRAC.Embedded.1/Attributes?$select=SEKM.*</uri>
		<count>510</count>
	</command>

</gui_operation>

<most_used>

<wsman>
 
</wsman>
 
<racadm>
	<command>
		<command>hwinventory</command>
		<sub_command>(null)</sub_command>
		<fqdd>(null)</fqdd>
		<interface>(null)</interface>
		<count>1090</count>
	</command>
	<command>
		<command>swinventory</command>
		<sub_command>(null)</sub_command>
		<fqdd>(null)</fqdd>
		<interface>(null)</interface>
		<count>1090</count>
	</command>
	<command>
		<command>getsensorinfo</command>
		<sub_command>(null)</sub_command>
		<fqdd>(null)</fqdd>
		<interface>(null)</interface>
		<count>1090</count>
	</command>
	<command>
		<command>getniccfg</command>
		<sub_command>(null)</sub_command>
		<fqdd>(null)</fqdd>
		<interface>(null)</interface>
		<count>1090</count>
	</command>
	<command>
		<command>get</command>
		<sub_command>(null)</sub_command>
		<fqdd>Lifecyclecontroller.LCAttributes</fqdd>
		<interface>(null)</interface>
		<count>1090</count>
	</command>

</racadm>

<gui>
	<command>
		<page>Documentation.html</page>
		<count>46784</count>
	</command>
	<command>
		<page>cgi-bin/inc/web/index.html</page>
		<count>38469</count>
	</command>
	<command>
		<page>cgi-bin/e107_images/avatars/index.html</page>
		<count>38469</count>
	</command>
	<command>
		<page>&quot;&gt;&lt;script&gt;alert(document.domain)&lt;/script&gt;.html</page>
		<count>33810</count>
	</command>
	<command>
		<page>cgi-bin/admin/themes/templates/warning.html</page>
		<count>25646</count>
	</command>

</gui>

<usc>

</usc>

<updates>

</updates>

<redfish>
	<command>
		<command>GET</command>
		<uri>/redfish/v1/Managers/iDRAC.Embedded.1/Attributes</uri>
		<count>6850274</count>
	</command>
	<command>
		<command>GET</command>
		<uri>/redfish/v1/Systems/System.Embedded.1</uri>
		<count>3489816</count>
	</command>
	<command>
		<command>GET</command>
		<uri>/redfish/v1/Managers/iDRAC.Embedded.1/LogServices/Sel/Entries</uri>
		<count>1591414</count>
	</command>
	<command>
		<command>GET</command>
		<uri>/redfish/v1/Managers/iDRAC.Embedded.1/Oem/Dell/Jobs</uri>
		<count>1197979</count>
	</command>
	<command>
		<command>GET</command>
		<uri>/redfish/v1/Managers/iDRAC.Embedded.1/Logs/FaultList</uri>
		<count>962857</count>
	</command>

</redfish>

<ism>

</ism>

<jobcontrol>
	<jobtype>
		<type>Config:RAID:RAID.Slot.5-1</type>
		<completed_count>133045</completed_count>
		<completed_with_errors_count>0</completed_with_errors_count>
		<failed_count>0</failed_count>
	</jobtype>
	<jobtype>
		<type>ConfigBIOS:BIOS.Setup.1-1</type>
		<completed_count>88980</completed_count>
		<completed_with_errors_count>0</completed_with_errors_count>
		<failed_count>0</failed_count>
	</jobtype>
	<jobtype>
		<type>Export Configuration</type>
		<completed_count>49277</completed_count>
		<completed_with_errors_count>0</completed_with_errors_count>
		<failed_count>0</failed_count>
	</jobtype>
	<jobtype>
		<type>SCV Certificate Import</type>
		<completed_count>49277</completed_count>
		<completed_with_errors_count>0</completed_with_errors_count>
		<failed_count>0</failed_count>
	</jobtype>
	<jobtype>
		<type>Firmware Update: iDRAC with Lifecycle Controller</type>
		<completed_count>27500</completed_count>
		<completed_with_errors_count>0</completed_with_errors_count>
		<failed_count>0</failed_count>
	</jobtype>

</jobcontrol>

<gui_operation>
	<command>
		<command>GET</command>
		<uri>/redfish/v1/Managers/iDRAC.Embedded.1/Attributes?$select=VNCServer.*</uri>
		<count>3235638</count>
	</command>
	<command>
		<command>GET</command>
		<uri>/redfish/v1/Managers/iDRAC.Embedded.1/Attributes?$select=VirtualConsole.*</uri>
		<count>3231690</count>
	</command>
	<command>
		<command>GET</command>
		<uri>/redfish/v1/Managers/iDRAC.Embedded.1/LogServices/Sel/Entries?$top=10</uri>
		<count>3182472</count>
	</command>
	<command>
		<command>GET</command>
		<uri>/redfish/v1/Systems/System.Embedded.1?$select=PowerState</uri>
		<count>2869796</count>
	</command>
	<command>
		<command>GET</command>
		<uri>/sysmgmt/2015/server/preview</uri>
		<count>1588816</count>
	</command>

</gui_operation>

</most_used>
</year_report_2025>