<?xml version="1.0" encoding="UTF-8"?>
<week_report start_date="20260105" end_date="20260111">

<wsman>
 
</wsman>
 
<racadm>

</racadm>

<gui>
	<command>
		<page>index.html</page>
		<count>5</count>
	</command>
	<command>
		<page>default.html</page>
		<count>2</count>
	</command>
	<command>
		<page>header.html</page>
		<count>1</count>
	</command>
	<command>
		<page>home.html</page>
		<count>2</count>
	</command>
	<command>
		<page>main.html</page>
		<count>3</count>
	</command>
	<command>
		<page>Welcome.html</page>
		<count>1</count>
	</command>
	<command>
		<page>formmail.html</page>
		<count>1</count>
	</command>
	<command>
		<page>mailform.html</page>
		<count>1</count>
	</command>
	<command>
		<page>formmailto.html</page>
		<count>1</count>
	</command>
	<command>
		<page>mailtoform.html</page>
		<count>1</count>
	</command>
	<command>
		<page>form.html</page>
		<count>1</count>
	</command>
	<command>
		<page>cgi-bin/formmail.html</page>
		<count>1</count>
	</command>
	<command>
		<page>cgi-bin/mailform.html</page>
		<count>1</count>
	</command>
	<command>
		<page>cgi-bin/formmailto.html</page>
		<count>1</count>
	</command>
	<command>
		<page>cgi-bin/mailtoform.html</page>
		<count>1</count>
	</command>
	<command>
		<page>cgi-bin/form.html</page>
		<count>1</count>
	</command>
	<command>
		<page>scripts/formmail.html</page>
		<count>1</count>
	</command>
	<command>
		<page>scripts/mailform.html</page>
		<count>1</count>
	</command>
	<command>
		<page>scripts/formmailto.html</page>
		<count>1</count>
	</command>
	<command>
		<page>scripts/mailtoform.html</page>
		<count>1</count>
	</command>
	<command>
		<page>scripts/form.html</page>
		<count>1</count>
	</command>
	<command>
		<page>formmail/formmail.html</page>
		<count>1</count>
	</command>
	<command>
		<page>formmail/mailform.html</page>
		<count>1</count>
	</command>
	<command>
		<page>formmail/formmailto.html</page>
		<count>1</count>
	</command>
	<command>
		<page>formmail/mailtoform.html</page>
		<count>1</count>
	</command>
	<command>
		<page>formmail/form.html</page>
		<count>1</count>
	</command>
	<command>
		<page>mailform/formmail.html</page>
		<count>1</count>
	</command>
	<command>
		<page>mailform/mailform.html</page>
		<count>1</count>
	</command>
	<command>
		<page>mailform/formmailto.html</page>
		<count>1</count>
	</command>
	<command>
		<page>mailform/mailtoform.html</page>
		<count>1</count>
	</command>
	<command>
		<page>mailform/form.html</page>
		<count>1</count>
	</command>
	<command>
		<page>forms/formmail.html</page>
		<count>1</count>
	</command>
	<command>
		<page>forms/mailform.html</page>
		<count>1</count>
	</command>
	<command>
		<page>forms/formmailto.html</page>
		<count>1</count>
	</command>
	<command>
		<page>forms/mailtoform.html</page>
		<count>1</count>
	</command>
	<command>
		<page>forms/form.html</page>
		<count>1</count>
	</command>
	<command>
		<page>cgi-bin/w3-msql/index.html</page>
		<count>2</count>
	</command>
	<command>
		<page>w3-msql/index.html</page>
		<count>2</count>
	</command>
	<command>
		<page>&quot;&gt;&lt;script&gt;alert(document.domain)&lt;/script&gt;.html</page>
		<count>3</count>
	</command>
	<command>
		<page>cgi-bin/index.html</page>
		<count>2</count>
	</command>
	<command>
		<page>cgi-bin/default.html</page>
		<count>1</count>
	</command>
	<command>
		<page>cgi-bin/main.html</page>
		<count>2</count>
	</command>
	<command>
		<page>cgi-bin/admin.html</page>
		<count>1</count>
	</command>
	<command>
		<page>survey.html</page>
		<count>1</count>
	</command>
	<command>
		<page>admin.html</page>
		<count>1</count>
	</command>
	<command>
		<page>no_such_file.html</page>
		<count>2</count>
	</command>
	<command>
		<page>//secret/index.html</page>
		<count>2</count>
	</command>
	<command>
		<page>_vti_inf.html</page>
		<count>1</count>
	</command>
	<command>
		<page>FALSE_QUERY.html</page>
		<count>1</count>
	</command>
	<command>
		<page>cf.html</page>
		<count>1</count>
	</command>
	<command>
		<page>homepage.html</page>
		<count>1</count>
	</command>
	<command>
		<page>autherror.html</page>
		<count>1</count>
	</command>
	<command>
		<page>webcam.html</page>
		<count>1</count>
	</command>
	<command>
		<page>mods/fckeditor/_whatsnew.html</page>
		<count>1</count>
	</command>
	<command>
		<page>about.html</page>
		<count>3</count>
	</command>
	<command>
		<page>Documentation.html</page>
		<count>16</count>
	</command>
	<command>
		<page>doc/html/index.html</page>
		<count>1</count>
	</command>
	<command>
		<page>QUALYS12680.html</page>
		<count>1</count>
	</command>
	<command>
		<page>Clients/plugins/common/help/releasenotes/docs/suite_release_notes.html</page>
		<count>1</count>
	</command>
	<command>
		<page>testurls.html</page>
		<count>1</count>
	</command>
	<command>
		<page>/doc/html/index.html</page>
		<count>1</count>
	</command>
	<command>
		<page>com.vmturbo.UI/UIMain.html</page>
		<count>1</count>
	</command>
	<command>
		<page>wp-content/plugins/jetpack/_inc/genericons/genericons/example.html</page>
		<count>1</count>
	</command>
	<command>
		<page>wp-content/themes/twentyfifteen/genericons/example.html</page>
		<count>1</count>
	</command>
	<command>
		<page>documents.html</page>
		<count>1</count>
	</command>
	<command>
		<page>mapfail.html</page>
		<count>1</count>
	</command>
	<command>
		<page>help/license.html</page>
		<count>1</count>
	</command>
	<command>
		<page>courier/web/1000@/wmLogin.html</page>
		<count>5</count>
	</command>
	<command>
		<page>mashup.html</page>
		<count>1</count>
	</command>
	<command>
		<page>phpMyAdmin/doc/html/index.html</page>
		<count>1</count>
	</command>
	<command>
		<page>config/adminpage.html</page>
		<count>1</count>
	</command>
	<command>
		<page>public/about.html</page>
		<count>2</count>
	</command>
	<command>
		<page>avi/avigui.html</page>
		<count>1</count>
	</command>
	<command>
		<page>dtlt/wr_about.html</page>
		<count>1</count>
	</command>
	<command>
		<page>emsam/index.html</page>
		<count>2</count>
	</command>
	<command>
		<page>/index.html</page>
		<count>1</count>
	</command>
	<command>
		<page>ui/index.html</page>
		<count>2</count>
	</command>
	<command>
		<page>docs/index.html</page>
		<count>2</count>
	</command>
	<command>
		<page>+CSCOE+/logon.html</page>
		<count>2</count>
	</command>
	<command>
		<page>dashboard.html</page>
		<count>5</count>
	</command>
	<command>
		<page>components/navbar/navbar.html</page>
		<count>1</count>
	</command>
	<command>
		<page>unified-console.html</page>
		<count>1</count>
	</command>
	<command>
		<page>/sap/admin/public/default.html</page>
		<count>1</count>
	</command>
	<command>
		<page>html/en/index.html</page>
		<count>1</count>
	</command>
	<command>
		<page>logon/LogonPoint/tmindex.html</page>
		<count>1</count>
	</command>
	<command>
		<page>hybridity/ui/hcx-client/index.html</page>
		<count>1</count>
	</command>
	<command>
		<page>decisioncenter-api/swagger-ui/index.html</page>
		<count>1</count>
	</command>
	<command>
		<page>static/index.html</page>
		<count>2</count>
	</command>
	<command>
		<page>vpn/index.html</page>
		<count>4</count>
	</command>
	<command>
		<page>www/index.html</page>
		<count>2</count>
	</command>
	<command>
		<page>general/status.html</page>
		<count>1</count>
	</command>
	<command>
		<page>live.html</page>
		<count>1</count>
	</command>
	<command>
		<page>menu.html</page>
		<count>1</count>
	</command>
	<command>
		<page>sap/bc/ui5_ui5/ui2/ushell/shells/abap/FioriLaunchpad.html</page>
		<count>1</count>
	</command>
	<command>
		<page>eManager/eManager.html</page>
		<count>1</count>
	</command>
	<command>
		<page>cgi-bin/admin/themes/templates/warning.html</page>
		<count>2</count>
	</command>
	<command>
		<page>cgi-bin/modules/droplets/readme/readme.html</page>
		<count>2</count>
	</command>
	<command>
		<page>admin/themes/templates/warning.html</page>
		<count>1</count>
	</command>
	<command>
		<page>modules/droplets/readme/readme.html</page>
		<count>1</count>
	</command>
	<command>
		<page>cgi-bin/system/database/drivers/mssql/index.html</page>
		<count>2</count>
	</command>
	<command>
		<page>system/database/drivers/mssql/index.html</page>
		<count>1</count>
	</command>
	<command>
		<page>cgi-bin/sites/default/assets/img/cats/index.html</page>
		<count>2</count>
	</command>
	<command>
		<page>sites/default/assets/img/cats/index.html</page>
		<count>1</count>
	</command>
	<command>
		<page>cgi-bin/typo3/sysext/extbase/Resources/Private/MVC/NotFoundView_Template.html</page>
		<count>2</count>
	</command>
	<command>
		<page>cgi-bin/typo3/typo3/sysext/extbase/Resources/Private/MVC/NotFoundView_Template.html</page>
		<count>2</count>
	</command>
	<command>
		<page>typo3/sysext/extbase/Resources/Private/MVC/NotFoundView_Template.html</page>
		<count>1</count>
	</command>
	<command>
		<page>typo3/typo3/sysext/extbase/Resources/Private/MVC/NotFoundView_Template.html</page>
		<count>1</count>
	</command>
	<command>
		<page>cgi-bin/inc/web/index.html</page>
		<count>3</count>
	</command>
	<command>
		<page>cgi-bin/modules/leaves/templates/form_template.html</page>
		<count>2</count>
	</command>
	<command>
		<page>inc/web/index.html</page>
		<count>1</count>
	</command>
	<command>
		<page>modules/leaves/templates/form_template.html</page>
		<count>1</count>
	</command>
	<command>
		<page>help/admin/themes/templates/warning.html</page>
		<count>1</count>
	</command>
	<command>
		<page>help/modules/droplets/readme/readme.html</page>
		<count>1</count>
	</command>
	<command>
		<page>cgi-bin/app/modules/admin/views/logos.tpl.html</page>
		<count>2</count>
	</command>
	<command>
		<page>cgi-bin/includes/classes/DataTables/examples/advanced_init/dt_events.html</page>
		<count>2</count>
	</command>
	<command>
		<page>app/modules/admin/views/logos.tpl.html</page>
		<count>1</count>
	</command>
	<command>
		<page>includes/classes/DataTables/examples/advanced_init/dt_events.html</page>
		<count>1</count>
	</command>
	<command>
		<page>cgi-bin/default/Example.html</page>
		<count>2</count>
	</command>
	<command>
		<page>default/Example.html</page>
		<count>1</count>
	</command>
	<command>
		<page>assets/plugins/managermanager/widgets/index.html</page>
		<count>1</count>
	</command>
	<command>
		<page>cgi-bin/assets/plugins/managermanager/widgets/index.html</page>
		<count>2</count>
	</command>
	<command>
		<page>help/system/database/drivers/mssql/index.html</page>
		<count>1</count>
	</command>
	<command>
		<page>help/sites/default/assets/img/cats/index.html</page>
		<count>1</count>
	</command>
	<command>
		<page>api/admin/themes/templates/warning.html</page>
		<count>2</count>
	</command>
	<command>
		<page>api/modules/droplets/readme/readme.html</page>
		<count>2</count>
	</command>
	<command>
		<page>adm/style/permission_trace.html</page>
		<count>1</count>
	</command>
	<command>
		<page>cgi-bin/adm/style/permission_trace.html</page>
		<count>2</count>
	</command>
	<command>
		<page>help/typo3/sysext/extbase/Resources/Private/MVC/NotFoundView_Template.html</page>
		<count>1</count>
	</command>
	<command>
		<page>help/typo3/typo3/sysext/extbase/Resources/Private/MVC/NotFoundView_Template.html</page>
		<count>1</count>
	</command>
	<command>
		<page>html/common/null.html</page>
		<count>1</count>
	</command>
	<command>
		<page>cgi-bin/html/common/null.html</page>
		<count>2</count>
	</command>
	<command>
		<page>translators.html</page>
		<count>1</count>
	</command>
	<command>
		<page>help/inc/web/index.html</page>
		<count>1</count>
	</command>
	<command>
		<page>help/modules/leaves/templates/form_template.html</page>
		<count>1</count>
	</command>
	<command>
		<page>cgi-bin/translators.html</page>
		<count>1</count>
	</command>
	<command>
		<page>help/app/modules/admin/views/logos.tpl.html</page>
		<count>1</count>
	</command>
	<command>
		<page>help/includes/classes/DataTables/examples/advanced_init/dt_events.html</page>
		<count>1</count>
	</command>
	<command>
		<page>help/default/Example.html</page>
		<count>1</count>
	</command>
	<command>
		<page>help/assets/plugins/managermanager/widgets/index.html</page>
		<count>1</count>
	</command>
	<command>
		<page>e107_plugins/index.html</page>
		<count>2</count>
	</command>
	<command>
		<page>e107_images/index.html</page>
		<count>2</count>
	</command>
	<command>
		<page>api/system/database/drivers/mssql/index.html</page>
		<count>2</count>
	</command>
	<command>
		<page>e107_images/avatars/index.html</page>
		<count>1</count>
	</command>
	<command>
		<page>cgi-bin/e107_plugins/index.html</page>
		<count>2</count>
	</command>
	<command>
		<page>cgi-bin/e107_images/index.html</page>
		<count>2</count>
	</command>
	<command>
		<page>cgi-bin/e107_images/avatars/index.html</page>
		<count>3</count>
	</command>
	<command>
		<page>help/adm/style/permission_trace.html</page>
		<count>1</count>
	</command>
	<command>
		<page>help/html/common/null.html</page>
		<count>1</count>
	</command>
	<command>
		<page>help/translators.html</page>
		<count>1</count>
	</command>
	<command>
		<page>api/sites/default/assets/img/cats/index.html</page>
		<count>2</count>
	</command>
	<command>
		<page>help/e107_plugins/index.html</page>
		<count>2</count>
	</command>
	<command>
		<page>console/admin/themes/templates/warning.html</page>
		<count>1</count>
	</command>
	<command>
		<page>help/e107_images/index.html</page>
		<count>2</count>
	</command>
	<command>
		<page>console/modules/droplets/readme/readme.html</page>
		<count>1</count>
	</command>
	<command>
		<page>help/e107_images/avatars/index.html</page>
		<count>1</count>
	</command>
	<command>
		<page>console/system/database/drivers/mssql/index.html</page>
		<count>1</count>
	</command>
	<command>
		<page>console/sites/default/assets/img/cats/index.html</page>
		<count>1</count>
	</command>
	<command>
		<page>cb/admin/themes/templates/warning.html</page>
		<count>1</count>
	</command>
	<command>
		<page>cb/modules/droplets/readme/readme.html</page>
		<count>1</count>
	</command>
	<command>
		<page>console/typo3/sysext/extbase/Resources/Private/MVC/NotFoundView_Template.html</page>
		<count>1</count>
	</command>
	<command>
		<page>console/typo3/typo3/sysext/extbase/Resources/Private/MVC/NotFoundView_Template.html</page>
		<count>1</count>
	</command>
	<command>
		<page>console/inc/web/index.html</page>
		<count>1</count>
	</command>
	<command>
		<page>console/modules/leaves/templates/form_template.html</page>
		<count>1</count>
	</command>
	<command>
		<page>register/admin/themes/templates/warning.html</page>
		<count>1</count>
	</command>
	<command>
		<page>console/app/modules/admin/views/logos.tpl.html</page>
		<count>1</count>
	</command>
	<command>
		<page>console/includes/classes/DataTables/examples/advanced_init/dt_events.html</page>
		<count>1</count>
	</command>
	<command>
		<page>register/modules/droplets/readme/readme.html</page>
		<count>1</count>
	</command>
	<command>
		<page>console/default/Example.html</page>
		<count>1</count>
	</command>
	<command>
		<page>cb/system/database/drivers/mssql/index.html</page>
		<count>1</count>
	</command>
	<command>
		<page>api/typo3/sysext/extbase/Resources/Private/MVC/NotFoundView_Template.html</page>
		<count>2</count>
	</command>
	<command>
		<page>console/assets/plugins/managermanager/widgets/index.html</page>
		<count>1</count>
	</command>
	<command>
		<page>api/typo3/typo3/sysext/extbase/Resources/Private/MVC/NotFoundView_Template.html</page>
		<count>2</count>
	</command>
	<command>
		<page>register/system/database/drivers/mssql/index.html</page>
		<count>1</count>
	</command>
	<command>
		<page>console/adm/style/permission_trace.html</page>
		<count>1</count>
	</command>
	<command>
		<page>cb/sites/default/assets/img/cats/index.html</page>
		<count>1</count>
	</command>
	<command>
		<page>console/html/common/null.html</page>
		<count>1</count>
	</command>
	<command>
		<page>console/translators.html</page>
		<count>1</count>
	</command>
	<command>
		<page>console/e107_plugins/index.html</page>
		<count>1</count>
	</command>
	<command>
		<page>console/e107_images/index.html</page>
		<count>1</count>
	</command>
	<command>
		<page>console/e107_images/avatars/index.html</page>
		<count>1</count>
	</command>
	<command>
		<page>register/sites/default/assets/img/cats/index.html</page>
		<count>1</count>
	</command>
	<command>
		<page>api/inc/web/index.html</page>
		<count>2</count>
	</command>
	<command>
		<page>api/modules/leaves/templates/form_template.html</page>
		<count>2</count>
	</command>
	<command>
		<page>cb/typo3/sysext/extbase/Resources/Private/MVC/NotFoundView_Template.html</page>
		<count>1</count>
	</command>
	<command>
		<page>cb/typo3/typo3/sysext/extbase/Resources/Private/MVC/NotFoundView_Template.html</page>
		<count>1</count>
	</command>
	<command>
		<page>register/typo3/sysext/extbase/Resources/Private/MVC/NotFoundView_Template.html</page>
		<count>1</count>
	</command>
	<command>
		<page>register/typo3/typo3/sysext/extbase/Resources/Private/MVC/NotFoundView_Template.html</page>
		<count>1</count>
	</command>
	<command>
		<page>api/app/modules/admin/views/logos.tpl.html</page>
		<count>2</count>
	</command>
	<command>
		<page>api/includes/classes/DataTables/examples/advanced_init/dt_events.html</page>
		<count>2</count>
	</command>
	<command>
		<page>api/default/Example.html</page>
		<count>2</count>
	</command>
	<command>
		<page>api/assets/plugins/managermanager/widgets/index.html</page>
		<count>2</count>
	</command>
	<command>
		<page>cb/inc/web/index.html</page>
		<count>1</count>
	</command>
	<command>
		<page>cb/modules/leaves/templates/form_template.html</page>
		<count>1</count>
	</command>
	<command>
		<page>register/inc/web/index.html</page>
		<count>1</count>
	</command>
	<command>
		<page>register/modules/leaves/templates/form_template.html</page>
		<count>1</count>
	</command>
	<command>
		<page>cb/app/modules/admin/views/logos.tpl.html</page>
		<count>1</count>
	</command>
	<command>
		<page>cb/includes/classes/DataTables/examples/advanced_init/dt_events.html</page>
		<count>1</count>
	</command>
	<command>
		<page>cb/default/Example.html</page>
		<count>1</count>
	</command>
	<command>
		<page>cb/assets/plugins/managermanager/widgets/index.html</page>
		<count>1</count>
	</command>
	<command>
		<page>register/app/modules/admin/views/logos.tpl.html</page>
		<count>1</count>
	</command>
	<command>
		<page>register/includes/classes/DataTables/examples/advanced_init/dt_events.html</page>
		<count>1</count>
	</command>
	<command>
		<page>register/default/Example.html</page>
		<count>1</count>
	</command>
	<command>
		<page>register/assets/plugins/managermanager/widgets/index.html</page>
		<count>1</count>
	</command>
	<command>
		<page>api/adm/style/permission_trace.html</page>
		<count>2</count>
	</command>
	<command>
		<page>api/html/common/null.html</page>
		<count>2</count>
	</command>
	<command>
		<page>cb/adm/style/permission_trace.html</page>
		<count>1</count>
	</command>
	<command>
		<page>api/translators.html</page>
		<count>2</count>
	</command>
	<command>
		<page>register/adm/style/permission_trace.html</page>
		<count>1</count>
	</command>
	<command>
		<page>cb/html/common/null.html</page>
		<count>1</count>
	</command>
	<command>
		<page>cb/translators.html</page>
		<count>1</count>
	</command>
	<command>
		<page>register/html/common/null.html</page>
		<count>1</count>
	</command>
	<command>
		<page>api/e107_plugins/index.html</page>
		<count>4</count>
	</command>
	<command>
		<page>api/e107_images/index.html</page>
		<count>4</count>
	</command>
	<command>
		<page>api/e107_images/avatars/index.html</page>
		<count>2</count>
	</command>
	<command>
		<page>register/translators.html</page>
		<count>1</count>
	</command>
	<command>
		<page>cb/e107_plugins/index.html</page>
		<count>1</count>
	</command>
	<command>
		<page>cb/e107_images/index.html</page>
		<count>1</count>
	</command>
	<command>
		<page>cb/e107_images/avatars/index.html</page>
		<count>1</count>
	</command>
	<command>
		<page>register/e107_plugins/index.html</page>
		<count>1</count>
	</command>
	<command>
		<page>register/e107_images/index.html</page>
		<count>1</count>
	</command>
	<command>
		<page>register/e107_images/avatars/index.html</page>
		<count>1</count>
	</command>
	<command>
		<page>restgui/index.html</page>
		<count>1</count>
	</command>
	<command>
		<page>restgui/views/dashboard/dashboard.html</page>
		<count>1</count>
	</command>
	<command>
		<page>restgui/views/storage/storageinfo.html</page>
		<count>1</count>
	</command>
	<command>
		<page>restgui/views/storage/storagesummary.html</page>
		<count>1</count>
	</command>
	<command>
		<page>restgui/views/maintenance/supportassist/supportassist.html</page>
		<count>1</count>
	</command>
	<command>
		<page>restgui/views/maintenance/supportassist/sa_collect.html</page>
		<count>1</count>
	</command>
	<command>
		<page>restgui/views/maintenance/supportassist/sa_eula.html</page>
		<count>1</count>
	</command>
	<command>
		<page>restgui/locale/eula/eula_en.html</page>
		<count>1</count>
	</command>

</gui>

<usc>

</usc>

<updates>

</updates>

<redfish>
	<command>
		<command>GET</command>
		<uri>/redfish/v1</uri>
		<count>8</count>
	</command>
	<command>
		<command>GET</command>
		<uri>/redfish/v1/</uri>
		<count>1</count>
	</command>
	<command>
		<command>POST</command>
		<uri>/redfish/v1/Sessions/</uri>
		<count>2</count>
	</command>
	<command>
		<command>PATCH</command>
		<uri>/redfish/v1/Managers/iDRAC.Embedded.1/Attributes</uri>
		<count>1</count>
	</command>
	<command>
		<command>GET</command>
		<uri>/redfish/v1/Managers/iDRAC.Embedded.1/Attributes</uri>
		<count>34</count>
	</command>
	<command>
		<command>GET</command>
		<uri>/redfish/v1/Systems/System.Embedded.1</uri>
		<count>5</count>
	</command>
	<command>
		<command>GET</command>
		<uri>/redfish/v1/Managers/System.Embedded.1/Attributes</uri>
		<count>12</count>
	</command>
	<command>
		<command>GET</command>
		<uri>/redfish/v1/Systems/System.Embedded.1/Bios</uri>
		<count>2</count>
	</command>
	<command>
		<command>GET</command>
		<uri>/redfish/v1/Managers/iDRAC.Embedded.1/Oem/Dell/Jobs</uri>
		<count>2</count>
	</command>
	<command>
		<command>GET</command>
		<uri>/redfish/v1/Managers/iDRAC.Embedded.1/LogServices/Sel/Entries</uri>
		<count>1</count>
	</command>
	<command>
		<command>GET</command>
		<uri>/redfish/v1/Managers/iDRAC.Embedded.1/Logs/FaultList</uri>
		<count>1</count>
	</command>
	<command>
		<command>POST</command>
		<uri>/redfish/v1/Managers/iDRAC.Embedded.1/Oem/Dell/DellLCService/Actions/DellLCService.SupportAssistAcceptEULA</uri>
		<count>1</count>
	</command>
	<command>
		<command>GET</command>
		<uri>/redfish/v1/Managers/iDRAC.Embedded.1/Oem/Dell/Jobs/JID_681528758813</uri>
		<count>27</count>
	</command>

</redfish>

<ism>

</ism>

<jobcontrol>

</jobcontrol>

<gui_operation>
	<command>
		<command>PATCH</command>
		<uri>/redfish/v1/Managers/iDRAC.Embedded.1/Attributes</uri>
		<count>2</count>
	</command>
	<command>
		<command>GET</command>
		<uri>/redfish/v1/Managers/iDRAC.Embedded.1/Attributes?$select=PlatformCapability.1.NGMPlatform,PlatformCapability.1.UnsupportedCntlrMsgCapable,PlatformCapability.1.PostPoneNICSelectionCapable</uri>
		<count>2</count>
	</command>
	<command>
		<command>GET</command>
		<uri>/redfish/v1/Registries/ManagerAttributeRegistry/ManagerAttributeRegistry.v1_0_0.json</uri>
		<count>1</count>
	</command>
	<command>
		<command>GET</command>
		<uri>/redfish/v1/Systems/System.Embedded.1?$select=PowerState</uri>
		<count>2</count>
	</command>
	<command>
		<command>GET</command>
		<uri>/sysmgmt/2015/groupmanager</uri>
		<count>1</count>
	</command>
	<command>
		<command>GET</command>
		<uri>/sysmgmt/2015/server/privileges</uri>
		<count>2</count>
	</command>
	<command>
		<command>GET</command>
		<uri>/redfish/v1/Managers/iDRAC.Embedded.1/Attributes?$select=PlatformCapability.*</uri>
		<count>2</count>
	</command>
	<command>
		<command>GET</command>
		<uri>/redfish/v1/Managers/iDRAC.Embedded.1/Attributes?$select=CertificateManagement.*</uri>
		<count>2</count>
	</command>
	<command>
		<command>GET</command>
		<uri>/redfish/v1/Managers/iDRAC.Embedded.1/Attributes?$select=SecurityCertificate.*</uri>
		<count>2</count>
	</command>
	<command>
		<command>GET</command>
		<uri>/redfish/v1/Managers/iDRAC.Embedded.1/Attributes?$select=Info.*</uri>
		<count>4</count>
	</command>
	<command>
		<command>GET</command>
		<uri>/sysmgmt/2012/server/license</uri>
		<count>1</count>
	</command>
	<command>
		<command>GET</command>
		<uri>/redfish/v1/Managers/System.Embedded.1/Attributes?$select=LCD.1.CurrentFPStates</uri>
		<count>2</count>
	</command>
	<command>
		<command>GET</command>
		<uri>/redfish/v1/Managers/System.Embedded.1/Attributes?$select=ServerPwr.1.AllowLoginUserToPowerOn</uri>
		<count>2</count>
	</command>
	<command>
		<command>GET</command>
		<uri>/redfish/v1/Systems/System.Embedded.1</uri>
		<count>3</count>
	</command>
	<command>
		<command>GET</command>
		<uri>/redfish/v1/Managers/iDRAC.Embedded.1/Attributes?$select=NIC.*</uri>
		<count>2</count>
	</command>
	<command>
		<command>GET</command>
		<uri>/redfish/v1/Managers/iDRAC.Embedded.1/Attributes?$select=IPv4.*</uri>
		<count>2</count>
	</command>
	<command>
		<command>GET</command>
		<uri>/redfish/v1/Managers/iDRAC.Embedded.1/Attributes?$select=IPv6.*</uri>
		<count>2</count>
	</command>
	<command>
		<command>GET</command>
		<uri>/redfish/v1/Managers/System.Embedded.1/Attributes?$select=ServerInfo.*</uri>
		<count>2</count>
	</command>
	<command>
		<command>GET</command>
		<uri>/redfish/v1/Managers/System.Embedded.1/Attributes?$select=ServerOS.*</uri>
		<count>2</count>
	</command>
	<command>
		<command>GET</command>
		<uri>/redfish/v1/Systems/System.Embedded.1/Bios?$select=Attributes/SystemBiosVersion,Attributes/SystemModelName</uri>
		<count>2</count>
	</command>
	<command>
		<command>GET</command>
		<uri>/redfish/v1/Managers/iDRAC.Embedded.1/Oem/Dell/Jobs?$expand=*($levels=1)</uri>
		<count>2</count>
	</command>
	<command>
		<command>GET</command>
		<uri>/redfish/v1/Managers/iDRAC.Embedded.1/LogServices/Sel/Entries?$top=10</uri>
		<count>2</count>
	</command>
	<command>
		<command>GET</command>
		<uri>/redfish/v1/Managers/iDRAC.Embedded.1/Logs/FaultList</uri>
		<count>1</count>
	</command>
	<command>
		<command>GET</command>
		<uri>/redfish/v1/Managers/System.Embedded.1/Attributes?$select=ServerPwr.*</uri>
		<count>2</count>
	</command>
	<command>
		<command>GET</command>
		<uri>/redfish/v1/Managers/System.Embedded.1/Attributes?$select=LCD.*</uri>
		<count>2</count>
	</command>
	<command>
		<command>GET</command>
		<uri>/redfish/v1/Managers/iDRAC.Embedded.1/Attributes?$select=VNCServer.*</uri>
		<count>2</count>
	</command>
	<command>
		<command>GET</command>
		<uri>/redfish/v1/Managers/iDRAC.Embedded.1/Attributes?$select=VirtualConsole.*</uri>
		<count>2</count>
	</command>
	<command>
		<command>GET</command>
		<uri>/sysmgmt/2013/server/lclogs?category=6&amp;maxcount=10</uri>
		<count>1</count>
	</command>
	<command>
		<command>GET</command>
		<uri>/sysmgmt/2015/server/preview</uri>
		<count>1</count>
	</command>
	<command>
		<command>GET</command>
		<uri>/capconsole/scapture0.png</uri>
		<count>1</count>
	</command>
	<command>
		<command>GET</command>
		<uri>/sysmgmt/2010/storage/pdisk</uri>
		<count>2</count>
	</command>
	<command>
		<command>GET</command>
		<uri>/sysmgmt/2013/server/lclogs?category=2&amp;maxcount=10</uri>
		<count>1</count>
	</command>
	<command>
		<command>GET</command>
		<uri>/sysmgmt/2010/storage/vdisk</uri>
		<count>1</count>
	</command>
	<command>
		<command>GET</command>
		<uri>/sysmgmt/2010/storage/controller</uri>
		<count>1</count>
	</command>
	<command>
		<command>GET</command>
		<uri>/sysmgmt/2010/storage/enclosure</uri>
		<count>1</count>
	</command>
	<command>
		<command>GET</command>
		<uri>/redfish/v1/Managers/iDRAC.Embedded.1/Attributes?$select=ServiceModule.1.NetworkConnection</uri>
		<count>2</count>
	</command>
	<command>
		<command>GET</command>
		<uri>/redfish/v1/Managers/iDRAC.Embedded.1/Attributes?$select=SupportAssist.1.LaunchRegistrationWizard,SupportAssist.1.PromptToSaveDefaultNetworkShare</uri>
		<count>2</count>
	</command>
	<command>
		<command>GET</command>
		<uri>/redfish/v1/Managers/iDRAC.Embedded.1/Attributes?$select=ServiceModule.*</uri>
		<count>2</count>
	</command>
	<command>
		<command>GET</command>
		<uri>/redfish/v1/Managers/iDRAC.Embedded.1/Attributes?$select=SupportAssist.*</uri>
		<count>2</count>
	</command>
	<command>
		<command>GET</command>
		<uri>/sysmgmt/2016/server/supportassist/collection/lastjobstatus</uri>
		<count>1</count>
	</command>
	<command>
		<command>GET</command>
		<uri>/sysmgmt/2016/server/supportassist/prerequisite</uri>
		<count>1</count>
	</command>
	<command>
		<command>GET</command>
		<uri>/sysmgmt/2016/server/supportassist/collectionhistoryinfo</uri>
		<count>2</count>
	</command>
	<command>
		<command>GET</command>
		<uri>/redfish/v1/Managers/iDRAC.Embedded.1/Attributes?$select=Telemetry.*</uri>
		<count>4</count>
	</command>
	<command>
		<command>POST</command>
		<uri>/redfish/v1/Managers/iDRAC.Embedded.1/Oem/Dell/DellLCService/Actions/DellLCService.SupportAssistAcceptEULA</uri>
		<count>1</count>
	</command>
	<command>
		<command>POST</command>
		<uri>/sysmgmt/2016/server/supportassist/collection</uri>
		<count>1</count>
	</command>
	<command>
		<command>POST</command>
		<uri>/sysmgmt/2016/server/supportassist/collection/collection_estimate</uri>
		<count>1</count>
	</command>
	<command>
		<command>GET</command>
		<uri>/redfish/v1/Managers/iDRAC.Embedded.1/Oem/Dell/Jobs/JID_681528758813</uri>
		<count>27</count>
	</command>

</gui_operation>

<most_used>

<wsman>
 
</wsman>
 
<racadm>

</racadm>

<gui>
	<command>
		<page>Documentation.html</page>
		<count>16</count>
	</command>
	<command>
		<page>index.html</page>
		<count>5</count>
	</command>
	<command>
		<page>courier/web/1000@/wmLogin.html</page>
		<count>5</count>
	</command>
	<command>
		<page>dashboard.html</page>
		<count>5</count>
	</command>
	<command>
		<page>vpn/index.html</page>
		<count>4</count>
	</command>

</gui>

<usc>

</usc>

<updates>

</updates>

<redfish>
	<command>
		<command>GET</command>
		<uri>/redfish/v1/Managers/iDRAC.Embedded.1/Attributes</uri>
		<count>34</count>
	</command>
	<command>
		<command>GET</command>
		<uri>/redfish/v1/Managers/iDRAC.Embedded.1/Oem/Dell/Jobs/JID_681528758813</uri>
		<count>27</count>
	</command>
	<command>
		<command>GET</command>
		<uri>/redfish/v1/Managers/System.Embedded.1/Attributes</uri>
		<count>12</count>
	</command>
	<command>
		<command>GET</command>
		<uri>/redfish/v1</uri>
		<count>8</count>
	</command>
	<command>
		<command>GET</command>
		<uri>/redfish/v1/Systems/System.Embedded.1</uri>
		<count>5</count>
	</command>

</redfish>

<ism>

</ism>

<jobcontrol>

</jobcontrol>

<gui_operation>
	<command>
		<command>GET</command>
		<uri>/redfish/v1/Managers/iDRAC.Embedded.1/Oem/Dell/Jobs/JID_681528758813</uri>
		<count>27</count>
	</command>
	<command>
		<command>GET</command>
		<uri>/redfish/v1/Managers/iDRAC.Embedded.1/Attributes?$select=Info.*</uri>
		<count>4</count>
	</command>
	<command>
		<command>GET</command>
		<uri>/redfish/v1/Managers/iDRAC.Embedded.1/Attributes?$select=Telemetry.*</uri>
		<count>4</count>
	</command>
	<command>
		<command>GET</command>
		<uri>/redfish/v1/Systems/System.Embedded.1</uri>
		<count>3</count>
	</command>
	<command>
		<command>PATCH</command>
		<uri>/redfish/v1/Managers/iDRAC.Embedded.1/Attributes</uri>
		<count>2</count>
	</command>

</gui_operation>

</most_used>
</week_report>