<?xml version="1.0" encoding="UTF-8"?>
<year_report_2024 start_date="20240101" end_date="20241231">

<wsman>
 
</wsman>
 
<racadm>
	<command>
		<command>set</command>
		<sub_command>(null)</sub_command>
		<fqdd>idrac.webserver.HostHeaderCheck</fqdd>
		<interface>FIRMWARE</interface>
		<count>42</count>
	</command>
	<command>
		<command>set</command>
		<sub_command>(null)</sub_command>
		<fqdd>BIOS.SysProfileSettings.SysProfile</fqdd>
		<interface>FIRMWARE</interface>
		<count>42</count>
	</command>
	<command>
		<command>jobqueue</command>
		<sub_command>create</sub_command>
		<fqdd>(null)</fqdd>
		<interface>FIRMWARE</interface>
		<count>42</count>
	</command>
	<command>
		<command>hwinventory</command>
		<sub_command>(null)</sub_command>
		<fqdd>(null)</fqdd>
		<interface>(null)</interface>
		<count>1791</count>
	</command>
	<command>
		<command>swinventory</command>
		<sub_command>(null)</sub_command>
		<fqdd>(null)</fqdd>
		<interface>(null)</interface>
		<count>1791</count>
	</command>
	<command>
		<command>getsensorinfo</command>
		<sub_command>(null)</sub_command>
		<fqdd>(null)</fqdd>
		<interface>(null)</interface>
		<count>1791</count>
	</command>
	<command>
		<command>getniccfg</command>
		<sub_command>(null)</sub_command>
		<fqdd>(null)</fqdd>
		<interface>(null)</interface>
		<count>1791</count>
	</command>
	<command>
		<command>get</command>
		<sub_command>(null)</sub_command>
		<fqdd>Lifecyclecontroller.LCAttributes</fqdd>
		<interface>(null)</interface>
		<count>1791</count>
	</command>
	<command>
		<command>set</command>
		<sub_command>(null)</sub_command>
		<fqdd>System.Power.RedundancyPolicy</fqdd>
		<interface>REMOTE</interface>
		<count>344</count>
	</command>
	<command>
		<command>set</command>
		<sub_command>(null)</sub_command>
		<fqdd>System.Power.Hotspare.Enable</fqdd>
		<interface>REMOTE</interface>
		<count>344</count>
	</command>
	<command>
		<command>set</command>
		<sub_command>(null)</sub_command>
		<fqdd>System.Power.Hotspare.PrimaryPSU</fqdd>
		<interface>REMOTE</interface>
		<count>344</count>
	</command>
	<command>
		<command>set</command>
		<sub_command>(null)</sub_command>
		<fqdd>System.Power.PFCEnable</fqdd>
		<interface>REMOTE</interface>
		<count>344</count>
	</command>
	<command>
		<command>set</command>
		<sub_command>(null)</sub_command>
		<fqdd>iDRAC.IPMILan.Enable</fqdd>
		<interface>REMOTE</interface>
		<count>344</count>
	</command>
	<command>
		<command>set</command>
		<sub_command>(null)</sub_command>
		<fqdd>iDRAC.IPv4.DNS1</fqdd>
		<interface>REMOTE</interface>
		<count>344</count>
	</command>
	<command>
		<command>set</command>
		<sub_command>(null)</sub_command>
		<fqdd>iDRAC.IPv4.DNS2</fqdd>
		<interface>REMOTE</interface>
		<count>344</count>
	</command>
	<command>
		<command>set</command>
		<sub_command>(null)</sub_command>
		<fqdd>iDRAC.ActiveDirectory.Enable</fqdd>
		<interface>REMOTE</interface>
		<count>344</count>
	</command>
	<command>
		<command>set</command>
		<sub_command>(null)</sub_command>
		<fqdd>iDRAC.ActiveDirectory.CertValidationEnable</fqdd>
		<interface>REMOTE</interface>
		<count>344</count>
	</command>
	<command>
		<command>set</command>
		<sub_command>(null)</sub_command>
		<fqdd>iDRAC.ActiveDirectory.GCLookupEnable</fqdd>
		<interface>REMOTE</interface>
		<count>344</count>
	</command>
	<command>
		<command>set</command>
		<sub_command>(null)</sub_command>
		<fqdd>iDRAC.UserDomain.1.Name</fqdd>
		<interface>REMOTE</interface>
		<count>344</count>
	</command>
	<command>
		<command>set</command>
		<sub_command>(null)</sub_command>
		<fqdd>iDRAC.UserDomain.2.Name</fqdd>
		<interface>REMOTE</interface>
		<count>344</count>
	</command>
	<command>
		<command>set</command>
		<sub_command>(null)</sub_command>
		<fqdd>iDRAC.UserDomain.3.Name</fqdd>
		<interface>REMOTE</interface>
		<count>344</count>
	</command>
	<command>
		<command>set</command>
		<sub_command>(null)</sub_command>
		<fqdd>iDRAC.ActiveDirectory.DCLookupByUserDomain</fqdd>
		<interface>REMOTE</interface>
		<count>344</count>
	</command>
	<command>
		<command>set</command>
		<sub_command>(null)</sub_command>
		<fqdd>iDRAC.ActiveDirectory.DCLookupEnable</fqdd>
		<interface>REMOTE</interface>
		<count>344</count>
	</command>
	<command>
		<command>set</command>
		<sub_command>(null)</sub_command>
		<fqdd>iDRAC.ActiveDirectory.Schema</fqdd>
		<interface>REMOTE</interface>
		<count>344</count>
	</command>
	<command>
		<command>set</command>
		<sub_command>(null)</sub_command>
		<fqdd>iDRAC.ActiveDirectory.GCRootDomain</fqdd>
		<interface>REMOTE</interface>
		<count>344</count>
	</command>
	<command>
		<command>set</command>
		<sub_command>(null)</sub_command>
		<fqdd>iDRAC.ADGroup.1.Name</fqdd>
		<interface>REMOTE</interface>
		<count>344</count>
	</command>
	<command>
		<command>set</command>
		<sub_command>(null)</sub_command>
		<fqdd>iDRAC.ADGroup.1.Domain</fqdd>
		<interface>REMOTE</interface>
		<count>344</count>
	</command>
	<command>
		<command>set</command>
		<sub_command>(null)</sub_command>
		<fqdd>iDRAC.ADGroup.1.Privilege</fqdd>
		<interface>REMOTE</interface>
		<count>344</count>
	</command>
	<command>
		<command>set</command>
		<sub_command>(null)</sub_command>
		<fqdd>iDRAC.ADGroup.2.Name</fqdd>
		<interface>REMOTE</interface>
		<count>344</count>
	</command>
	<command>
		<command>set</command>
		<sub_command>(null)</sub_command>
		<fqdd>iDRAC.ADGroup.2.Domain</fqdd>
		<interface>REMOTE</interface>
		<count>344</count>
	</command>
	<command>
		<command>set</command>
		<sub_command>(null)</sub_command>
		<fqdd>iDRAC.ADGroup.2.Privilege</fqdd>
		<interface>REMOTE</interface>
		<count>344</count>
	</command>
	<command>
		<command>sslcertupload</command>
		<sub_command>(null)</sub_command>
		<fqdd>(null)</fqdd>
		<interface>REMOTE</interface>
		<count>344</count>
	</command>
	<command>
		<command>racreset</command>
		<sub_command>(null)</sub_command>
		<fqdd>(null)</fqdd>
		<interface>REMOTE</interface>
		<count>344</count>
	</command>
	<command>
		<command>update</command>
		<sub_command>(null)</sub_command>
		<fqdd>(null)</fqdd>
		<interface>REMOTE</interface>
		<count>343</count>
	</command>
	<command>
		<command>sslcertview</command>
		<sub_command>(null)</sub_command>
		<fqdd>(null)</fqdd>
		<interface>LOCAL</interface>
		<count>508</count>
	</command>
	<command>
		<command>get</command>
		<sub_command>(null)</sub_command>
		<fqdd>idrac.info.version</fqdd>
		<interface>LOCAL</interface>
		<count>254</count>
	</command>
	<command>
		<command>get</command>
		<sub_command>(null)</sub_command>
		<fqdd>idrac.info.build</fqdd>
		<interface>LOCAL</interface>
		<count>254</count>
	</command>
	<command>
		<command>getractime</command>
		<sub_command>(null)</sub_command>
		<fqdd>(null)</fqdd>
		<interface>LOCAL</interface>
		<count>254</count>
	</command>
	<command>
		<command>sslcsrgen</command>
		<sub_command>(null)</sub_command>
		<fqdd>(null)</fqdd>
		<interface>LOCAL</interface>
		<count>508</count>
	</command>
	<command>
		<command>sslcertupload</command>
		<sub_command>(null)</sub_command>
		<fqdd>(null)</fqdd>
		<interface>LOCAL</interface>
		<count>254</count>
	</command>
	<command>
		<command>getremoteservicesstatus</command>
		<sub_command>(null)</sub_command>
		<fqdd>(null)</fqdd>
		<interface>LOCAL</interface>
		<count>254</count>
	</command>
	<command>
		<command>get</command>
		<sub_command>(null)</sub_command>
		<fqdd>idrac.info.ServerGen</fqdd>
		<interface>LOCAL</interface>
		<count>508</count>
	</command>
	<command>
		<command>get</command>
		<sub_command>(null)</sub_command>
		<fqdd>idrac.info.type</fqdd>
		<interface>LOCAL</interface>
		<count>508</count>
	</command>
	<command>
		<command>swinventory</command>
		<sub_command>swcreate</sub_command>
		<fqdd>(null)</fqdd>
		<interface>LOCAL</interface>
		<count>254</count>
	</command>
	<command>
		<command>hwinventory</command>
		<sub_command>hwcreate</sub_command>
		<fqdd>(null)</fqdd>
		<interface>LOCAL</interface>
		<count>254</count>
	</command>

</racadm>

<gui>
	<command>
		<page>index.html</page>
		<count>12247</count>
	</command>
	<command>
		<page>default.html</page>
		<count>7417</count>
	</command>
	<command>
		<page>header.html</page>
		<count>5397</count>
	</command>
	<command>
		<page>home.html</page>
		<count>7007</count>
	</command>
	<command>
		<page>main.html</page>
		<count>9437</count>
	</command>
	<command>
		<page>Welcome.html</page>
		<count>5397</count>
	</command>
	<command>
		<page>formmail.html</page>
		<count>5734</count>
	</command>
	<command>
		<page>mailform.html</page>
		<count>5734</count>
	</command>
	<command>
		<page>formmailto.html</page>
		<count>5734</count>
	</command>
	<command>
		<page>mailtoform.html</page>
		<count>5734</count>
	</command>
	<command>
		<page>form.html</page>
		<count>5734</count>
	</command>
	<command>
		<page>cgi-bin/formmail.html</page>
		<count>5734</count>
	</command>
	<command>
		<page>cgi-bin/mailform.html</page>
		<count>5734</count>
	</command>
	<command>
		<page>cgi-bin/formmailto.html</page>
		<count>5734</count>
	</command>
	<command>
		<page>cgi-bin/mailtoform.html</page>
		<count>5734</count>
	</command>
	<command>
		<page>cgi-bin/form.html</page>
		<count>5734</count>
	</command>
	<command>
		<page>scripts/formmail.html</page>
		<count>5734</count>
	</command>
	<command>
		<page>scripts/mailform.html</page>
		<count>5734</count>
	</command>
	<command>
		<page>scripts/formmailto.html</page>
		<count>5734</count>
	</command>
	<command>
		<page>scripts/mailtoform.html</page>
		<count>5734</count>
	</command>
	<command>
		<page>scripts/form.html</page>
		<count>5734</count>
	</command>
	<command>
		<page>formmail/formmail.html</page>
		<count>5734</count>
	</command>
	<command>
		<page>formmail/mailform.html</page>
		<count>5734</count>
	</command>
	<command>
		<page>formmail/formmailto.html</page>
		<count>5734</count>
	</command>
	<command>
		<page>formmail/mailtoform.html</page>
		<count>5734</count>
	</command>
	<command>
		<page>formmail/form.html</page>
		<count>5734</count>
	</command>
	<command>
		<page>mailform/formmail.html</page>
		<count>5734</count>
	</command>
	<command>
		<page>mailform/mailform.html</page>
		<count>5734</count>
	</command>
	<command>
		<page>mailform/formmailto.html</page>
		<count>5734</count>
	</command>
	<command>
		<page>mailform/mailtoform.html</page>
		<count>5734</count>
	</command>
	<command>
		<page>mailform/form.html</page>
		<count>5734</count>
	</command>
	<command>
		<page>forms/formmail.html</page>
		<count>5734</count>
	</command>
	<command>
		<page>forms/mailform.html</page>
		<count>5734</count>
	</command>
	<command>
		<page>forms/formmailto.html</page>
		<count>5734</count>
	</command>
	<command>
		<page>forms/mailtoform.html</page>
		<count>5734</count>
	</command>
	<command>
		<page>forms/form.html</page>
		<count>5734</count>
	</command>
	<command>
		<page>&quot;&gt;&lt;script&gt;alert(document.domain)&lt;/script&gt;.html</page>
		<count>29464</count>
	</command>
	<command>
		<page>eManager/eManager.html</page>
		<count>5734</count>
	</command>
	<command>
		<page>cgi-bin/admin/themes/templates/warning.html</page>
		<count>10640</count>
	</command>
	<command>
		<page>cgi-bin/modules/droplets/readme/readme.html</page>
		<count>10640</count>
	</command>
	<command>
		<page>admin/themes/templates/warning.html</page>
		<count>5320</count>
	</command>
	<command>
		<page>modules/droplets/readme/readme.html</page>
		<count>5320</count>
	</command>
	<command>
		<page>cgi-bin/system/database/drivers/mssql/index.html</page>
		<count>10640</count>
	</command>
	<command>
		<page>system/database/drivers/mssql/index.html</page>
		<count>5320</count>
	</command>
	<command>
		<page>cgi-bin/sites/default/assets/img/cats/index.html</page>
		<count>10640</count>
	</command>
	<command>
		<page>sites/default/assets/img/cats/index.html</page>
		<count>5320</count>
	</command>
	<command>
		<page>cgi-bin/typo3/sysext/extbase/Resources/Private/MVC/NotFoundView_Template.html</page>
		<count>10640</count>
	</command>
	<command>
		<page>cgi-bin/typo3/typo3/sysext/extbase/Resources/Private/MVC/NotFoundView_Template.html</page>
		<count>10640</count>
	</command>
	<command>
		<page>typo3/sysext/extbase/Resources/Private/MVC/NotFoundView_Template.html</page>
		<count>5320</count>
	</command>
	<command>
		<page>typo3/typo3/sysext/extbase/Resources/Private/MVC/NotFoundView_Template.html</page>
		<count>5320</count>
	</command>
	<command>
		<page>cgi-bin/inc/web/index.html</page>
		<count>15960</count>
	</command>
	<command>
		<page>inc/web/index.html</page>
		<count>5320</count>
	</command>
	<command>
		<page>cgi-bin/modules/leaves/templates/form_template.html</page>
		<count>10640</count>
	</command>
	<command>
		<page>modules/leaves/templates/form_template.html</page>
		<count>5320</count>
	</command>
	<command>
		<page>app/modules/admin/views/logos.tpl.html</page>
		<count>5320</count>
	</command>
	<command>
		<page>cgi-bin/app/modules/admin/views/logos.tpl.html</page>
		<count>10640</count>
	</command>
	<command>
		<page>includes/classes/DataTables/examples/advanced_init/dt_events.html</page>
		<count>5320</count>
	</command>
	<command>
		<page>cgi-bin/includes/classes/DataTables/examples/advanced_init/dt_events.html</page>
		<count>10640</count>
	</command>
	<command>
		<page>default/Example.html</page>
		<count>5320</count>
	</command>
	<command>
		<page>cgi-bin/default/Example.html</page>
		<count>10640</count>
	</command>
	<command>
		<page>assets/plugins/managermanager/widgets/index.html</page>
		<count>5320</count>
	</command>
	<command>
		<page>cgi-bin/assets/plugins/managermanager/widgets/index.html</page>
		<count>10640</count>
	</command>
	<command>
		<page>adm/style/permission_trace.html</page>
		<count>5320</count>
	</command>
	<command>
		<page>cgi-bin/adm/style/permission_trace.html</page>
		<count>10640</count>
	</command>
	<command>
		<page>html/common/null.html</page>
		<count>5320</count>
	</command>
	<command>
		<page>translators.html</page>
		<count>5320</count>
	</command>
	<command>
		<page>cgi-bin/html/common/null.html</page>
		<count>10640</count>
	</command>
	<command>
		<page>cgi-bin/translators.html</page>
		<count>5320</count>
	</command>
	<command>
		<page>e107_plugins/index.html</page>
		<count>10640</count>
	</command>
	<command>
		<page>e107_images/index.html</page>
		<count>10640</count>
	</command>
	<command>
		<page>e107_images/avatars/index.html</page>
		<count>5320</count>
	</command>
	<command>
		<page>cgi-bin/e107_plugins/index.html</page>
		<count>10640</count>
	</command>
	<command>
		<page>cgi-bin/e107_images/index.html</page>
		<count>10640</count>
	</command>
	<command>
		<page>cgi-bin/e107_images/avatars/index.html</page>
		<count>15960</count>
	</command>
	<command>
		<page>cgi-bin/w3-msql/index.html</page>
		<count>4220</count>
	</command>
	<command>
		<page>w3-msql/index.html</page>
		<count>4040</count>
	</command>
	<command>
		<page>cgi-bin/index.html</page>
		<count>3995</count>
	</command>
	<command>
		<page>cgi-bin/default.html</page>
		<count>2020</count>
	</command>
	<command>
		<page>cgi-bin/main.html</page>
		<count>4040</count>
	</command>
	<command>
		<page>cgi-bin/admin.html</page>
		<count>2020</count>
	</command>
	<command>
		<page>survey.html</page>
		<count>1610</count>
	</command>
	<command>
		<page>admin.html</page>
		<count>1610</count>
	</command>
	<command>
		<page>no_such_file.html</page>
		<count>3220</count>
	</command>
	<command>
		<page>//secret/index.html</page>
		<count>3220</count>
	</command>
	<command>
		<page>_vti_inf.html</page>
		<count>1610</count>
	</command>
	<command>
		<page>FALSE_QUERY.html</page>
		<count>1610</count>
	</command>
	<command>
		<page>cf.html</page>
		<count>1610</count>
	</command>
	<command>
		<page>homepage.html</page>
		<count>1610</count>
	</command>
	<command>
		<page>autherror.html</page>
		<count>1610</count>
	</command>
	<command>
		<page>webcam.html</page>
		<count>1610</count>
	</command>
	<command>
		<page>mods/fckeditor/_whatsnew.html</page>
		<count>1610</count>
	</command>
	<command>
		<page>about.html</page>
		<count>4830</count>
	</command>
	<command>
		<page>Documentation.html</page>
		<count>25760</count>
	</command>
	<command>
		<page>doc/html/index.html</page>
		<count>1610</count>
	</command>
	<command>
		<page>QUALYS12680.html</page>
		<count>1610</count>
	</command>
	<command>
		<page>Clients/plugins/common/help/releasenotes/docs/suite_release_notes.html</page>
		<count>1610</count>
	</command>
	<command>
		<page>testurls.html</page>
		<count>1610</count>
	</command>
	<command>
		<page>/doc/html/index.html</page>
		<count>1610</count>
	</command>
	<command>
		<page>com.vmturbo.UI/UIMain.html</page>
		<count>1610</count>
	</command>
	<command>
		<page>wp-content/plugins/jetpack/_inc/genericons/genericons/example.html</page>
		<count>1610</count>
	</command>
	<command>
		<page>wp-content/themes/twentyfifteen/genericons/example.html</page>
		<count>1610</count>
	</command>
	<command>
		<page>documents.html</page>
		<count>1610</count>
	</command>
	<command>
		<page>mapfail.html</page>
		<count>1610</count>
	</command>
	<command>
		<page>help/license.html</page>
		<count>1610</count>
	</command>
	<command>
		<page>courier/web/1000@/wmLogin.html</page>
		<count>8050</count>
	</command>
	<command>
		<page>mashup.html</page>
		<count>1610</count>
	</command>
	<command>
		<page>phpMyAdmin/doc/html/index.html</page>
		<count>1610</count>
	</command>
	<command>
		<page>config/adminpage.html</page>
		<count>1610</count>
	</command>
	<command>
		<page>ui/index.html</page>
		<count>3220</count>
	</command>
	<command>
		<page>public/about.html</page>
		<count>3220</count>
	</command>
	<command>
		<page>avi/avigui.html</page>
		<count>1610</count>
	</command>
	<command>
		<page>dtlt/wr_about.html</page>
		<count>1610</count>
	</command>
	<command>
		<page>emsam/index.html</page>
		<count>3220</count>
	</command>
	<command>
		<page>/index.html</page>
		<count>1610</count>
	</command>
	<command>
		<page>docs/index.html</page>
		<count>3220</count>
	</command>
	<command>
		<page>dashboard.html</page>
		<count>8050</count>
	</command>
	<command>
		<page>html/en/index.html</page>
		<count>1610</count>
	</command>
	<command>
		<page>+CSCOE+/logon.html</page>
		<count>1610</count>
	</command>
	<command>
		<page>components/navbar/navbar.html</page>
		<count>1610</count>
	</command>
	<command>
		<page>unified-console.html</page>
		<count>1610</count>
	</command>
	<command>
		<page>/sap/admin/public/default.html</page>
		<count>1610</count>
	</command>
	<command>
		<page>vpn/index.html</page>
		<count>3220</count>
	</command>
	<command>
		<page>logon/LogonPoint/tmindex.html</page>
		<count>1610</count>
	</command>
	<command>
		<page>decisioncenter-api/swagger-ui/index.html</page>
		<count>1610</count>
	</command>
	<command>
		<page>static/index.html</page>
		<count>3220</count>
	</command>
	<command>
		<page>hybridity/ui/hcx-client/index.html</page>
		<count>1610</count>
	</command>
	<command>
		<page>www/index.html</page>
		<count>3220</count>
	</command>
	<command>
		<page>help/admin/themes/templates/warning.html</page>
		<count>2110</count>
	</command>
	<command>
		<page>help/modules/droplets/readme/readme.html</page>
		<count>2110</count>
	</command>
	<command>
		<page>help/system/database/drivers/mssql/index.html</page>
		<count>2110</count>
	</command>
	<command>
		<page>help/sites/default/assets/img/cats/index.html</page>
		<count>2110</count>
	</command>
	<command>
		<page>help/typo3/sysext/extbase/Resources/Private/MVC/NotFoundView_Template.html</page>
		<count>2110</count>
	</command>
	<command>
		<page>help/typo3/typo3/sysext/extbase/Resources/Private/MVC/NotFoundView_Template.html</page>
		<count>2110</count>
	</command>
	<command>
		<page>api/admin/themes/templates/warning.html</page>
		<count>2110</count>
	</command>
	<command>
		<page>help/inc/web/index.html</page>
		<count>2110</count>
	</command>
	<command>
		<page>help/modules/leaves/templates/form_template.html</page>
		<count>2110</count>
	</command>
	<command>
		<page>api/modules/droplets/readme/readme.html</page>
		<count>2110</count>
	</command>
	<command>
		<page>help/app/modules/admin/views/logos.tpl.html</page>
		<count>2110</count>
	</command>
	<command>
		<page>help/includes/classes/DataTables/examples/advanced_init/dt_events.html</page>
		<count>2110</count>
	</command>
	<command>
		<page>help/default/Example.html</page>
		<count>2110</count>
	</command>
	<command>
		<page>help/assets/plugins/managermanager/widgets/index.html</page>
		<count>2110</count>
	</command>
	<command>
		<page>help/adm/style/permission_trace.html</page>
		<count>2110</count>
	</command>
	<command>
		<page>api/system/database/drivers/mssql/index.html</page>
		<count>2110</count>
	</command>
	<command>
		<page>help/html/common/null.html</page>
		<count>2110</count>
	</command>
	<command>
		<page>help/translators.html</page>
		<count>2110</count>
	</command>
	<command>
		<page>help/e107_plugins/index.html</page>
		<count>4220</count>
	</command>
	<command>
		<page>help/e107_images/index.html</page>
		<count>4220</count>
	</command>
	<command>
		<page>help/e107_images/avatars/index.html</page>
		<count>2110</count>
	</command>
	<command>
		<page>api/sites/default/assets/img/cats/index.html</page>
		<count>2110</count>
	</command>
	<command>
		<page>api/typo3/sysext/extbase/Resources/Private/MVC/NotFoundView_Template.html</page>
		<count>2110</count>
	</command>
	<command>
		<page>api/typo3/typo3/sysext/extbase/Resources/Private/MVC/NotFoundView_Template.html</page>
		<count>2110</count>
	</command>
	<command>
		<page>api/inc/web/index.html</page>
		<count>2110</count>
	</command>
	<command>
		<page>api/modules/leaves/templates/form_template.html</page>
		<count>2110</count>
	</command>
	<command>
		<page>api/app/modules/admin/views/logos.tpl.html</page>
		<count>2110</count>
	</command>
	<command>
		<page>api/includes/classes/DataTables/examples/advanced_init/dt_events.html</page>
		<count>2110</count>
	</command>
	<command>
		<page>api/default/Example.html</page>
		<count>2110</count>
	</command>
	<command>
		<page>api/assets/plugins/managermanager/widgets/index.html</page>
		<count>2110</count>
	</command>
	<command>
		<page>api/adm/style/permission_trace.html</page>
		<count>2110</count>
	</command>
	<command>
		<page>api/html/common/null.html</page>
		<count>2110</count>
	</command>
	<command>
		<page>api/translators.html</page>
		<count>2110</count>
	</command>
	<command>
		<page>api/e107_plugins/index.html</page>
		<count>4220</count>
	</command>
	<command>
		<page>api/e107_images/index.html</page>
		<count>4220</count>
	</command>
	<command>
		<page>api/e107_images/avatars/index.html</page>
		<count>2110</count>
	</command>
	<command>
		<page>console/admin/themes/templates/warning.html</page>
		<count>230</count>
	</command>
	<command>
		<page>console/modules/droplets/readme/readme.html</page>
		<count>230</count>
	</command>
	<command>
		<page>console/system/database/drivers/mssql/index.html</page>
		<count>230</count>
	</command>
	<command>
		<page>console/sites/default/assets/img/cats/index.html</page>
		<count>230</count>
	</command>
	<command>
		<page>console/typo3/sysext/extbase/Resources/Private/MVC/NotFoundView_Template.html</page>
		<count>230</count>
	</command>
	<command>
		<page>console/typo3/typo3/sysext/extbase/Resources/Private/MVC/NotFoundView_Template.html</page>
		<count>230</count>
	</command>
	<command>
		<page>console/inc/web/index.html</page>
		<count>230</count>
	</command>
	<command>
		<page>console/modules/leaves/templates/form_template.html</page>
		<count>230</count>
	</command>
	<command>
		<page>console/app/modules/admin/views/logos.tpl.html</page>
		<count>230</count>
	</command>
	<command>
		<page>console/includes/classes/DataTables/examples/advanced_init/dt_events.html</page>
		<count>230</count>
	</command>
	<command>
		<page>console/default/Example.html</page>
		<count>230</count>
	</command>
	<command>
		<page>console/assets/plugins/managermanager/widgets/index.html</page>
		<count>230</count>
	</command>
	<command>
		<page>console/adm/style/permission_trace.html</page>
		<count>230</count>
	</command>
	<command>
		<page>console/html/common/null.html</page>
		<count>230</count>
	</command>
	<command>
		<page>console/translators.html</page>
		<count>230</count>
	</command>
	<command>
		<page>console/e107_plugins/index.html</page>
		<count>230</count>
	</command>
	<command>
		<page>console/e107_images/index.html</page>
		<count>230</count>
	</command>
	<command>
		<page>console/e107_images/avatars/index.html</page>
		<count>230</count>
	</command>
	<command>
		<page>restgui/index.html</page>
		<count>1320</count>
	</command>
	<command>
		<page>restgui/views/dashboard/dashboard.html</page>
		<count>1320</count>
	</command>
	<command>
		<page>restgui/views/settings/summary.html</page>
		<count>99</count>
	</command>
	<command>
		<page>restgui/views/settings/users.html</page>
		<count>99</count>
	</command>
	<command>
		<page>restgui/views/settings/view_AD_Settings.html</page>
		<count>51</count>
	</command>
	<command>
		<page>restgui/views/settings/edit_AD_Settings.html</page>
		<count>48</count>
	</command>
	<command>
		<page>restgui/views/settings/edit_rolegroupsettings.html</page>
		<count>48</count>
	</command>
	<command>
		<page>restgui/vconsole/index.html</page>
		<count>383</count>
	</command>
	<command>
		<page>restgui/views/storage/storageinfo.html</page>
		<count>341</count>
	</command>
	<command>
		<page>restgui/views/storage/storagesummary.html</page>
		<count>341</count>
	</command>
	<command>
		<page>restgui/views/storage/physicaldisk.html</page>
		<count>341</count>
	</command>
	<command>
		<page>restgui/views/storage/createvirtualdisk.html</page>
		<count>341</count>
	</command>
	<command>
		<page>restgui/views/storage/vdsetup.html</page>
		<count>341</count>
	</command>
	<command>
		<page>restgui/views/storage/pdselection.html</page>
		<count>341</count>
	</command>
	<command>
		<page>restgui/views/storage/vdsettings.html</page>
		<count>341</count>
	</command>
	<command>
		<page>restgui/views/storage/vdconfirm.html</page>
		<count>341</count>
	</command>
	<command>
		<page>restgui/views/storage/pendingjobapplymodal.html</page>
		<count>341</count>
	</command>
	<command>
		<page>restgui/views/storage/storagetask.html</page>
		<count>341</count>
	</command>
	<command>
		<page>restgui/views/update/jobqueue.html</page>
		<count>341</count>
	</command>

</gui>

<usc>

</usc>

<updates>

</updates>

<redfish>
	<command>
		<command>GET</command>
		<uri>/redfish/v1</uri>
		<count>99557</count>
	</command>
	<command>
		<command>GET</command>
		<uri>/redfish/v1/</uri>
		<count>3158</count>
	</command>
	<command>
		<command>POST</command>
		<uri>/redfish/v1/Sessions/</uri>
		<count>15991</count>
	</command>
	<command>
		<command>PATCH</command>
		<uri>/redfish/v1/Managers/iDRAC.Embedded.1/Attributes</uri>
		<count>1380</count>
	</command>
	<command>
		<command>GET</command>
		<uri>/redfish/v1/Managers/iDRAC.Embedded.1/Attributes</uri>
		<count>212346</count>
	</command>
	<command>
		<command>GET</command>
		<uri>/redfish/v1/Systems/System.Embedded.1</uri>
		<count>13164</count>
	</command>
	<command>
		<command>GET</command>
		<uri>/redfish/v1/Managers/System.Embedded.1/Attributes</uri>
		<count>19774</count>
	</command>
	<command>
		<command>GET</command>
		<uri>/redfish/v1/Systems/System.Embedded.1/Bios</uri>
		<count>1320</count>
	</command>
	<command>
		<command>GET</command>
		<uri>/redfish/v1/Managers/iDRAC.Embedded.1/Oem/Dell/Jobs</uri>
		<count>22927</count>
	</command>
	<command>
		<command>GET</command>
		<uri>/redfish/v1/Managers/iDRAC.Embedded.1/LogServices/Sel/Entries</uri>
		<count>7362</count>
	</command>
	<command>
		<command>GET</command>
		<uri>/redfish/v1/Managers/iDRAC.Embedded.1/Logs/FaultList</uri>
		<count>46493</count>
	</command>
	<command>
		<command>GET</command>
		<uri>/redfish/v1/SessionService/Sessions</uri>
		<count>4152</count>
	</command>
	<command>
		<command>POST</command>
		<uri>/redfish/v1/Managers/iDRAC.Embedded.1/Oem/Dell/DelliDRACCardService/Actions/DelliDRACCardService.ImportSSLCertificate</uri>
		<count>48</count>
	</command>
	<command>
		<command>GET</command>
		<uri>/redfish/v1/Managers/LifecycleController.Embedded.1/Attributes</uri>
		<count>682</count>
	</command>

</redfish>

<ism>

</ism>

<jobcontrol>
	<jobtype>
		<type>Export Configuration</type>
		<completed_count>11431</completed_count>
		<completed_with_errors_count>0</completed_with_errors_count>
		<failed_count>0</failed_count>
	</jobtype>
	<jobtype>
		<type>SCV Certificate Import</type>
		<completed_count>11431</completed_count>
		<completed_with_errors_count>0</completed_with_errors_count>
		<failed_count>0</failed_count>
	</jobtype>
	<jobtype>
		<type>Config:RAID:RAID.Slot.5-1</type>
		<completed_count>11772</completed_count>
		<completed_with_errors_count>0</completed_with_errors_count>
		<failed_count>0</failed_count>
	</jobtype>
	<jobtype>
		<type>Repository Update</type>
		<completed_count>9380</completed_count>
		<completed_with_errors_count>0</completed_with_errors_count>
		<failed_count>0</failed_count>
	</jobtype>
	<jobtype>
		<type>Firmware Update: Diagnostics</type>
		<completed_count>9723</completed_count>
		<completed_with_errors_count>0</completed_with_errors_count>
		<failed_count>0</failed_count>
	</jobtype>
	<jobtype>
		<type>Firmware Update: Drivers for OS Deployment</type>
		<completed_count>9723</completed_count>
		<completed_with_errors_count>0</completed_with_errors_count>
		<failed_count>0</failed_count>
	</jobtype>
	<jobtype>
		<type>Firmware Update: BIOS</type>
		<completed_count>9380</completed_count>
		<completed_with_errors_count>0</completed_with_errors_count>
		<failed_count>0</failed_count>
	</jobtype>
	<jobtype>
		<type>Firmware Update: iDRAC with Lifecycle Controller</type>
		<completed_count>9037</completed_count>
		<completed_with_errors_count>0</completed_with_errors_count>
		<failed_count>0</failed_count>
	</jobtype>
	<jobtype>
		<type>ConfigBIOS:BIOS.Setup.1-1</type>
		<completed_count>1830</completed_count>
		<completed_with_errors_count>0</completed_with_errors_count>
		<failed_count>0</failed_count>
	</jobtype>

</jobcontrol>

<gui_operation>
	<command>
		<command>PATCH</command>
		<uri>/redfish/v1/Managers/iDRAC.Embedded.1/Attributes</uri>
		<count>2760</count>
	</command>
	<command>
		<command>GET</command>
		<uri>/redfish/v1/Registries/ManagerAttributeRegistry/ManagerAttributeRegistry.v1_0_0.json</uri>
		<count>1320</count>
	</command>
	<command>
		<command>GET</command>
		<uri>/redfish/v1/Managers/iDRAC.Embedded.1/Attributes?$select=PlatformCapability.1.NGMPlatform,PlatformCapability.1.UnsupportedCntlrMsgCapable,PlatformCapability.1.PostPoneNICSelectionCapable</uri>
		<count>2640</count>
	</command>
	<command>
		<command>GET</command>
		<uri>/redfish/v1/Systems/System.Embedded.1?$select=PowerState</uri>
		<count>12867</count>
	</command>
	<command>
		<command>GET</command>
		<uri>/sysmgmt/2015/groupmanager</uri>
		<count>1320</count>
	</command>
	<command>
		<command>GET</command>
		<uri>/sysmgmt/2015/server/privileges</uri>
		<count>2640</count>
	</command>
	<command>
		<command>GET</command>
		<uri>/sysmgmt/2016/server/extended_health</uri>
		<count>46493</count>
	</command>
	<command>
		<command>GET</command>
		<uri>/redfish/v1/Managers/System.Embedded.1/Attributes?$select=ServerPwr.1.AllowLoginUserToPowerOn</uri>
		<count>4508</count>
	</command>
	<command>
		<command>GET</command>
		<uri>/redfish/v1/Managers/System.Embedded.1/Attributes?$select=LCD.1.CurrentFPStates</uri>
		<count>2640</count>
	</command>
	<command>
		<command>GET</command>
		<uri>/redfish/v1/Managers/iDRAC.Embedded.1/Attributes?$select=NIC.*</uri>
		<count>2838</count>
	</command>
	<command>
		<command>GET</command>
		<uri>/redfish/v1/Managers/iDRAC.Embedded.1/Attributes?$select=IPv4.*</uri>
		<count>2838</count>
	</command>
	<command>
		<command>GET</command>
		<uri>/redfish/v1/Managers/iDRAC.Embedded.1/Attributes?$select=IPv6.*</uri>
		<count>2838</count>
	</command>
	<command>
		<command>GET</command>
		<uri>/redfish/v1/Managers/iDRAC.Embedded.1/Attributes?$select=Info.*</uri>
		<count>5478</count>
	</command>
	<command>
		<command>GET</command>
		<uri>/redfish/v1/Managers/System.Embedded.1/Attributes?$select=ServerInfo.*</uri>
		<count>2640</count>
	</command>
	<command>
		<command>GET</command>
		<uri>/redfish/v1/Systems/System.Embedded.1</uri>
		<count>297</count>
	</command>
	<command>
		<command>GET</command>
		<uri>/redfish/v1/Managers/System.Embedded.1/Attributes?$select=ServerOS.*</uri>
		<count>2640</count>
	</command>
	<command>
		<command>GET</command>
		<uri>/redfish/v1/Systems/System.Embedded.1/Bios?$select=Attributes/SystemBiosVersion,Attributes/SystemModelName</uri>
		<count>1320</count>
	</command>
	<command>
		<command>GET</command>
		<uri>/redfish/v1/Managers/iDRAC.Embedded.1/Oem/Dell/Jobs?$expand=*($levels=1)</uri>
		<count>22927</count>
	</command>
	<command>
		<command>GET</command>
		<uri>/redfish/v1/Managers/iDRAC.Embedded.1/LogServices/Sel/Entries?$top=10</uri>
		<count>14724</count>
	</command>
	<command>
		<command>GET</command>
		<uri>/redfish/v1/Managers/System.Embedded.1/Attributes?$select=ServerPwr.*</uri>
		<count>4508</count>
	</command>
	<command>
		<command>GET</command>
		<uri>/redfish/v1/Managers/System.Embedded.1/Attributes?$select=LCD.*</uri>
		<count>2640</count>
	</command>
	<command>
		<command>GET</command>
		<uri>/redfish/v1/Managers/iDRAC.Embedded.1/Logs/FaultList</uri>
		<count>46493</count>
	</command>
	<command>
		<command>GET</command>
		<uri>/sysmgmt/2012/server/license</uri>
		<count>1320</count>
	</command>
	<command>
		<command>GET</command>
		<uri>/redfish/v1/Managers/iDRAC.Embedded.1/Attributes?$select=PlatformCapability.*</uri>
		<count>2640</count>
	</command>
	<command>
		<command>GET</command>
		<uri>/redfish/v1/Managers/iDRAC.Embedded.1/Attributes?$select=SecurityCertificate.*</uri>
		<count>792</count>
	</command>
	<command>
		<command>GET</command>
		<uri>/redfish/v1/Managers/iDRAC.Embedded.1/Attributes?$select=CertificateManagement.*</uri>
		<count>594</count>
	</command>
	<command>
		<command>GET</command>
		<uri>/sysmgmt/2013/server/lclogs?category=6&amp;maxcount=10</uri>
		<count>1320</count>
	</command>
	<command>
		<command>GET</command>
		<uri>/redfish/v1/Managers/iDRAC.Embedded.1/Attributes?$select=VNCServer.*</uri>
		<count>93052</count>
	</command>
	<command>
		<command>GET</command>
		<uri>/redfish/v1/Managers/iDRAC.Embedded.1/Attributes?$select=VirtualConsole.*</uri>
		<count>93052</count>
	</command>
	<command>
		<command>GET</command>
		<uri>/sysmgmt/2015/server/preview</uri>
		<count>46143</count>
	</command>
	<command>
		<command>GET</command>
		<uri>/capconsole/scapture0.png</uri>
		<count>45802</count>
	</command>
	<command>
		<command>GET</command>
		<uri>/sysmgmt/2015/server/sysinfo</uri>
		<count>99</count>
	</command>
	<command>
		<command>GET</command>
		<uri>/redfish/v1/Managers/iDRAC.Embedded.1/Attributes?$select=WebServer.*</uri>
		<count>198</count>
	</command>
	<command>
		<command>GET</command>
		<uri>/redfish/v1/Managers/iDRAC.Embedded.1/Attributes?$select=CurrentNIC.*</uri>
		<count>198</count>
	</command>
	<command>
		<command>GET</command>
		<uri>/redfish/v1/SessionService/Sessions?$expand=*</uri>
		<count>4152</count>
	</command>
	<command>
		<command>GET</command>
		<uri>/redfish/v1/Managers/iDRAC.Embedded.1/Attributes?$select=SwitchConnectionView.*</uri>
		<count>198</count>
	</command>
	<command>
		<command>GET</command>
		<uri>/redfish/v1/Managers/iDRAC.Embedded.1/Attributes?$select=ServiceModule.*</uri>
		<count>198</count>
	</command>
	<command>
		<command>GET</command>
		<uri>/redfish/v1/Managers/System.Embedded.1/Attributes?$select=OpenIDConnectServer.*</uri>
		<count>198</count>
	</command>
	<command>
		<command>GET</command>
		<uri>/redfish/v1/Managers/iDRAC.Embedded.1/Attributes?$select=Users.*</uri>
		<count>198</count>
	</command>
	<command>
		<command>GET</command>
		<uri>/redfish/v1/Managers/iDRAC.Embedded.1/Attributes?$select=Security.*</uri>
		<count>396</count>
	</command>
	<command>
		<command>GET</command>
		<uri>/redfish/v1/Managers/iDRAC.Embedded.1/Attributes?$select=DefaultCredentialMitigationConfigGroup.*</uri>
		<count>198</count>
	</command>
	<command>
		<command>GET</command>
		<uri>/redfish/v1/Managers/iDRAC.Embedded.1/Attributes?$select=ActiveDirectory.*</uri>
		<count>396</count>
	</command>
	<command>
		<command>GET</command>
		<uri>/redfish/v1/Managers/iDRAC.Embedded.1/Attributes?$select=LDAP.*</uri>
		<count>198</count>
	</command>
	<command>
		<command>GET</command>
		<uri>/redfish/v1/Managers/iDRAC.Embedded.1/Attributes?$select=SmartCard.*</uri>
		<count>198</count>
	</command>
	<command>
		<command>GET</command>
		<uri>/redfish/v1/Managers/iDRAC.Embedded.1/Attributes?$select=UserDomain.*</uri>
		<count>198</count>
	</command>
	<command>
		<command>GET</command>
		<uri>/redfish/v1/Managers/iDRAC.Embedded.1/Attributes?$select=ADGroup.*</uri>
		<count>198</count>
	</command>
	<command>
		<command>GET</command>
		<uri>/sysmgmt/2013/server/kerberos</uri>
		<count>48</count>
	</command>
	<command>
		<command>POST</command>
		<uri>/redfish/v1/Managers/iDRAC.Embedded.1/Oem/Dell/DelliDRACCardService/Actions/DelliDRACCardService.ImportSSLCertificate</uri>
		<count>48</count>
	</command>
	<command>
		<command>POST</command>
		<uri>/sysmgmt/2019/server/enhancedlog</uri>
		<count>192</count>
	</command>
	<command>
		<command>GET</command>
		<uri>/redfish/v1/Managers/iDRAC.Embedded.1/Attributes?$select=VirtualMedia.*</uri>
		<count>766</count>
	</command>
	<command>
		<command>GET</command>
		<uri>/sysmgmt/2015/server/vconsole</uri>
		<count>42</count>
	</command>
	<command>
		<command>GET</command>
		<uri>/sysmgmt/2015/server/power</uri>
		<count>68541</count>
	</command>
	<command>
		<command>GET</command>
		<uri>/sysmgmt/2015/server/rollup</uri>
		<count>1023</count>
	</command>
	<command>
		<command>GET</command>
		<uri>/sysmgmt/2012/server/jobqueue</uri>
		<count>30008</count>
	</command>
	<command>
		<command>GET</command>
		<uri>/sysmgmt/2015/server/sel?maxcount=10</uri>
		<count>38874</count>
	</command>
	<command>
		<command>GET</command>
		<uri>/sysmgmt/2017/storage/rollupstatus</uri>
		<count>1705</count>
	</command>
	<command>
		<command>GET</command>
		<uri>/sysmgmt/2013/server/lclogs?category=2&amp;maxcount=10</uri>
		<count>341</count>
	</command>
	<command>
		<command>GET</command>
		<uri>/sysmgmt/2010/storage/pdisk</uri>
		<count>1023</count>
	</command>
	<command>
		<command>GET</command>
		<uri>/sysmgmt/2010/storage/vdisk</uri>
		<count>682</count>
	</command>
	<command>
		<command>GET</command>
		<uri>/redfish/v1/Managers/iDRAC.Embedded.1/Attributes?$select=Webserver.*</uri>
		<count>682</count>
	</command>
	<command>
		<command>GET</command>
		<uri>/redfish/v1/Managers/iDRAC.Embedded.1/Attributes?$select=SEKM.*</uri>
		<count>682</count>
	</command>
	<command>
		<command>GET</command>
		<uri>/sysmgmt/2010/storage/controller</uri>
		<count>2046</count>
	</command>
	<command>
		<command>GET</command>
		<uri>/sysmgmt/2010/storage/enclosure</uri>
		<count>341</count>
	</command>
	<command>
		<command>GET</command>
		<uri>/sysmgmt/2013/server/datetime</uri>
		<count>682</count>
	</command>
	<command>
		<command>GET</command>
		<uri>/redfish/v1/Managers/LifecycleController.Embedded.1/Attributes?$select=LCAttributes.*</uri>
		<count>682</count>
	</command>
	<command>
		<command>POST</command>
		<uri>/sysmgmt/2012/server/jobqueue</uri>
		<count>341</count>
	</command>
	<command>
		<command>GET</command>
		<uri>/redfish/v1/Managers/iDRAC.Embedded.1/Attributes?$select=RFS.*</uri>
		<count>682</count>
	</command>
	<command>
		<command>GET</command>
		<uri>/sysmgmt/2015/bmc/sessioninfo</uri>
		<count>341</count>
	</command>
	<command>
		<command>GET</command>
		<uri>/sysmgmt/2015/server/vconsole?type=eHTML5</uri>
		<count>341</count>
	</command>

</gui_operation>

<most_used>

<wsman>
 
</wsman>
 
<racadm>
	<command>
		<command>hwinventory</command>
		<sub_command>(null)</sub_command>
		<fqdd>(null)</fqdd>
		<interface>(null)</interface>
		<count>1791</count>
	</command>
	<command>
		<command>swinventory</command>
		<sub_command>(null)</sub_command>
		<fqdd>(null)</fqdd>
		<interface>(null)</interface>
		<count>1791</count>
	</command>
	<command>
		<command>getsensorinfo</command>
		<sub_command>(null)</sub_command>
		<fqdd>(null)</fqdd>
		<interface>(null)</interface>
		<count>1791</count>
	</command>
	<command>
		<command>getniccfg</command>
		<sub_command>(null)</sub_command>
		<fqdd>(null)</fqdd>
		<interface>(null)</interface>
		<count>1791</count>
	</command>
	<command>
		<command>get</command>
		<sub_command>(null)</sub_command>
		<fqdd>Lifecyclecontroller.LCAttributes</fqdd>
		<interface>(null)</interface>
		<count>1791</count>
	</command>

</racadm>

<gui>
	<command>
		<page>&quot;&gt;&lt;script&gt;alert(document.domain)&lt;/script&gt;.html</page>
		<count>29464</count>
	</command>
	<command>
		<page>Documentation.html</page>
		<count>25760</count>
	</command>
	<command>
		<page>cgi-bin/inc/web/index.html</page>
		<count>15960</count>
	</command>
	<command>
		<page>cgi-bin/e107_images/avatars/index.html</page>
		<count>15960</count>
	</command>
	<command>
		<page>index.html</page>
		<count>12247</count>
	</command>

</gui>

<usc>

</usc>

<updates>

</updates>

<redfish>
	<command>
		<command>GET</command>
		<uri>/redfish/v1/Managers/iDRAC.Embedded.1/Attributes</uri>
		<count>212346</count>
	</command>
	<command>
		<command>GET</command>
		<uri>/redfish/v1</uri>
		<count>99557</count>
	</command>
	<command>
		<command>GET</command>
		<uri>/redfish/v1/Managers/iDRAC.Embedded.1/Logs/FaultList</uri>
		<count>46493</count>
	</command>
	<command>
		<command>GET</command>
		<uri>/redfish/v1/Managers/iDRAC.Embedded.1/Oem/Dell/Jobs</uri>
		<count>22927</count>
	</command>
	<command>
		<command>GET</command>
		<uri>/redfish/v1/Managers/System.Embedded.1/Attributes</uri>
		<count>19774</count>
	</command>

</redfish>

<ism>

</ism>

<jobcontrol>
	<jobtype>
		<type>Config:RAID:RAID.Slot.5-1</type>
		<completed_count>11772</completed_count>
		<completed_with_errors_count>0</completed_with_errors_count>
		<failed_count>0</failed_count>
	</jobtype>
	<jobtype>
		<type>Export Configuration</type>
		<completed_count>11431</completed_count>
		<completed_with_errors_count>0</completed_with_errors_count>
		<failed_count>0</failed_count>
	</jobtype>
	<jobtype>
		<type>SCV Certificate Import</type>
		<completed_count>11431</completed_count>
		<completed_with_errors_count>0</completed_with_errors_count>
		<failed_count>0</failed_count>
	</jobtype>
	<jobtype>
		<type>Firmware Update: Diagnostics</type>
		<completed_count>9723</completed_count>
		<completed_with_errors_count>0</completed_with_errors_count>
		<failed_count>0</failed_count>
	</jobtype>
	<jobtype>
		<type>Firmware Update: Drivers for OS Deployment</type>
		<completed_count>9723</completed_count>
		<completed_with_errors_count>0</completed_with_errors_count>
		<failed_count>0</failed_count>
	</jobtype>

</jobcontrol>

<gui_operation>
	<command>
		<command>GET</command>
		<uri>/redfish/v1/Managers/iDRAC.Embedded.1/Attributes?$select=VNCServer.*</uri>
		<count>93052</count>
	</command>
	<command>
		<command>GET</command>
		<uri>/redfish/v1/Managers/iDRAC.Embedded.1/Attributes?$select=VirtualConsole.*</uri>
		<count>93052</count>
	</command>
	<command>
		<command>GET</command>
		<uri>/sysmgmt/2015/server/power</uri>
		<count>68541</count>
	</command>
	<command>
		<command>GET</command>
		<uri>/sysmgmt/2016/server/extended_health</uri>
		<count>46493</count>
	</command>
	<command>
		<command>GET</command>
		<uri>/redfish/v1/Managers/iDRAC.Embedded.1/Logs/FaultList</uri>
		<count>46493</count>
	</command>

</gui_operation>

</most_used>
</year_report_2024>